fundingTime_ms,fundingTime_utc,fundingRate,fundingIntervalHours
1640995200006,2022-01-01T00:00:00.006000+00:00,0E-8,8
1641024000009,2022-01-01T08:00:00.009000+00:00,0E-8,8
1641052800000,2022-01-01T16:00:00+00:00,0E-8,8
1641081600028,2022-01-02T00:00:00.028000+00:00,0E-8,8
1641110400000,2022-01-02T08:00:00+00:00,0E-8,8
1641139200000,2022-01-02T16:00:00+00:00,0E-8,8
1641168000010,2022-01-03T00:00:00.010000+00:00,0E-8,8
1641196800013,2022-01-03T08:00:00.013000+00:00,0E-8,8
1641225600018,2022-01-03T16:00:00.018000+00:00,0E-8,8
1641254400000,2022-01-04T00:00:00+00:00,0.00007356,8
1641283200010,2022-01-04T08:00:00.010000+00:00,0E-8,8
1641312000002,2022-01-04T16:00:00.002000+00:00,0E-8,8
1641340800001,2022-01-05T00:00:00.001000+00:00,0E-8,8
1641369600017,2022-01-05T08:00:00.017000+00:00,0E-8,8
1641398400000,2022-01-05T16:00:00+00:00,0E-8,8
1641427200002,2022-01-06T00:00:00.002000+00:00,0E-8,8
1641456000021,2022-01-06T08:00:00.021000+00:00,0E-8,8
1641484800006,2022-01-06T16:00:00.006000+00:00,0E-8,8
1641513600005,2022-01-07T00:00:00.005000+00:00,0E-8,8
1641542400000,2022-01-07T08:00:00+00:00,0E-8,8
1641571200001,2022-01-07T16:00:00.001000+00:00,0E-8,8
1641600000014,2022-01-08T00:00:00.014000+00:00,0E-8,8
1641628800013,2022-01-08T08:00:00.013000+00:00,0E-8,8
1641657600000,2022-01-08T16:00:00+00:00,0E-8,8
1641686400003,2022-01-09T00:00:00.003000+00:00,-0.00017817,8
1641715200000,2022-01-09T08:00:00+00:00,-0.00010275,8
1641744000000,2022-01-09T16:00:00+00:00,0E-8,8
1641772800000,2022-01-10T00:00:00+00:00,-0.00035535,8
1641801600010,2022-01-10T08:00:00.010000+00:00,-0.00010057,8
1641830400007,2022-01-10T16:00:00.007000+00:00,0E-8,8
1641859200013,2022-01-11T00:00:00.013000+00:00,0E-8,8
1641888000004,2022-01-11T08:00:00.004000+00:00,0E-8,8
1641916800000,2022-01-11T16:00:00+00:00,-0.00027410,8
1641945600012,2022-01-12T00:00:00.012000+00:00,-0.00124953,8
1641974400015,2022-01-12T08:00:00.015000+00:00,-0.00056870,8
1642003200000,2022-01-12T16:00:00+00:00,-0.00108975,8
1642032000007,2022-01-13T00:00:00.007000+00:00,-0.00158912,8
1642060800000,2022-01-13T08:00:00+00:00,-0.00064833,8
1642089600014,2022-01-13T16:00:00.014000+00:00,-0.00079825,8
1642118400000,2022-01-14T00:00:00+00:00,-0.00079953,8
1642147200006,2022-01-14T08:00:00.006000+00:00,-0.00047792,8
1642176000014,2022-01-14T16:00:00.014000+00:00,-0.00138791,8
1642204800000,2022-01-15T00:00:00+00:00,-0.00075342,8
1642233600002,2022-01-15T08:00:00.002000+00:00,-0.00077696,8
1642262400000,2022-01-15T16:00:00+00:00,-0.00087986,8
1642291200000,2022-01-16T00:00:00+00:00,-0.00126663,8
1642320000017,2022-01-16T08:00:00.017000+00:00,-0.00052259,8
1642348800011,2022-01-16T16:00:00.011000+00:00,-0.00099898,8
1642377600005,2022-01-17T00:00:00.005000+00:00,-0.00128685,8
1642406400006,2022-01-17T08:00:00.006000+00:00,-0.00067301,8
1642435200012,2022-01-17T16:00:00.012000+00:00,-0.00060939,8
1642464000020,2022-01-18T00:00:00.020000+00:00,-0.00051530,8
1642492800000,2022-01-18T08:00:00+00:00,-0.00058499,8
1642521600013,2022-01-18T16:00:00.013000+00:00,-0.00038108,8
1642550400001,2022-01-19T00:00:00.001000+00:00,-0.00066342,8
1642579200000,2022-01-19T08:00:00+00:00,-0.00069935,8
1642608000000,2022-01-19T16:00:00+00:00,-0.00051438,8
1642636800015,2022-01-20T00:00:00.015000+00:00,-0.00052222,8
1642665600000,2022-01-20T08:00:00+00:00,-0.00037769,8
1642694400000,2022-01-20T16:00:00+00:00,0E-8,8
1642723200007,2022-01-21T00:00:00.007000+00:00,0E-8,8
1642752000015,2022-01-21T08:00:00.015000+00:00,0E-8,8
1642780800000,2022-01-21T16:00:00+00:00,0E-8,8
1642809600017,2022-01-22T00:00:00.017000+00:00,0E-8,8
1642838400003,2022-01-22T08:00:00.003000+00:00,-0.00007151,8
1642867200021,2022-01-22T16:00:00.021000+00:00,-0.00026144,8
1642896000026,2022-01-23T00:00:00.026000+00:00,0E-8,8
1642924800010,2022-01-23T08:00:00.010000+00:00,0E-8,8
1642953600009,2022-01-23T16:00:00.009000+00:00,-0.00012949,8
1642982400010,2022-01-24T00:00:00.010000+00:00,0E-8,8
1643011200000,2022-01-24T08:00:00+00:00,-0.00007805,8
1643040000021,2022-01-24T16:00:00.021000+00:00,0E-8,8
1643068800000,2022-01-25T00:00:00+00:00,-0.00011132,8
1643097600000,2022-01-25T08:00:00+00:00,0E-8,8
1643126400012,2022-01-25T16:00:00.012000+00:00,-0.00001041,8
1643155200000,2022-01-26T00:00:00+00:00,-0.00013818,8
1643184000001,2022-01-26T08:00:00.001000+00:00,-0.00008717,8
1643212800005,2022-01-26T16:00:00.005000+00:00,-0.00007180,8
1643241600004,2022-01-27T00:00:00.004000+00:00,-0.00012189,8
1643270400004,2022-01-27T08:00:00.004000+00:00,-0.00026120,8
1643299200019,2022-01-27T16:00:00.019000+00:00,-0.00024040,8
1643328000000,2022-01-28T00:00:00+00:00,-0.00027472,8
1643356800000,2022-01-28T08:00:00+00:00,-0.00001656,8
1643385600025,2022-01-28T16:00:00.025000+00:00,-0.00016179,8
1643414400017,2022-01-29T00:00:00.017000+00:00,0E-8,8
1643443200000,2022-01-29T08:00:00+00:00,-0.00000663,8
1643472000013,2022-01-29T16:00:00.013000+00:00,-0.00001465,8
1643500800025,2022-01-30T00:00:00.025000+00:00,-0.00015692,8
1643529600009,2022-01-30T08:00:00.009000+00:00,0E-8,8
1643558400000,2022-01-30T16:00:00+00:00,0E-8,8
1643587200000,2022-01-31T00:00:00+00:00,-0.00023536,8
1643616000000,2022-01-31T08:00:00+00:00,-0.00005941,8
1643644800000,2022-01-31T16:00:00+00:00,0E-8,8
1643673600010,2022-02-01T00:00:00.010000+00:00,0E-8,8
1643702400000,2022-02-01T08:00:00+00:00,0E-8,8
1643731200004,2022-02-01T16:00:00.004000+00:00,-0.00005120,8
1643760000004,2022-02-02T00:00:00.004000+00:00,0E-8,8
1643788800000,2022-02-02T08:00:00+00:00,0E-8,8
1643817600002,2022-02-02T16:00:00.002000+00:00,-0.00003712,8
1643846400002,2022-02-03T00:00:00.002000+00:00,-0.00013032,8
1643875200000,2022-02-03T08:00:00+00:00,-0.00008246,8
1643904000000,2022-02-03T16:00:00+00:00,0E-8,8
1643932800018,2022-02-04T00:00:00.018000+00:00,0E-8,8
1643961600005,2022-02-04T08:00:00.005000+00:00,-0.00010614,8
1643990400010,2022-02-04T16:00:00.010000+00:00,0E-8,8
1644019200014,2022-02-05T00:00:00.014000+00:00,0E-8,8
1644048000000,2022-02-05T08:00:00+00:00,-0.00034780,8
1644076800000,2022-02-05T16:00:00+00:00,0E-8,8
1644105600000,2022-02-06T00:00:00+00:00,-0.00010182,8
1644134400000,2022-02-06T08:00:00+00:00,-0.00004580,8
1644163200000,2022-02-06T16:00:00+00:00,-0.00006134,8
1644192000003,2022-02-07T00:00:00.003000+00:00,-0.00003128,8
1644220800014,2022-02-07T08:00:00.014000+00:00,-0.00004468,8
1644249600003,2022-02-07T16:00:00.003000+00:00,-0.00020960,8
1644278400001,2022-02-08T00:00:00.001000+00:00,-0.00007650,8
1644307200003,2022-02-08T08:00:00.003000+00:00,0E-8,8
1644336000002,2022-02-08T16:00:00.002000+00:00,0E-8,8
1644364800000,2022-02-09T00:00:00+00:00,0E-8,8
1644393600005,2022-02-09T08:00:00.005000+00:00,0E-8,8
1644422400001,2022-02-09T16:00:00.001000+00:00,0E-8,8
1644451200012,2022-02-10T00:00:00.012000+00:00,-0.00005750,8
1644480000000,2022-02-10T08:00:00+00:00,-0.00006470,8
1644508800006,2022-02-10T16:00:00.006000+00:00,0E-8,8
1644537600000,2022-02-11T00:00:00+00:00,0E-8,8
1644566400009,2022-02-11T08:00:00.009000+00:00,-0.00012609,8
1644595200015,2022-02-11T16:00:00.015000+00:00,-0.00010240,8
1644624000020,2022-02-12T00:00:00.020000+00:00,0E-8,8
1644652800001,2022-02-12T08:00:00.001000+00:00,0E-8,8
1644681600007,2022-02-12T16:00:00.007000+00:00,0E-8,8
1644710400022,2022-02-13T00:00:00.022000+00:00,0E-8,8
1644739200001,2022-02-13T08:00:00.001000+00:00,0E-8,8
1644768000007,2022-02-13T16:00:00.007000+00:00,0E-8,8
1644796800005,2022-02-14T00:00:00.005000+00:00,0E-8,8
1644825600013,2022-02-14T08:00:00.013000+00:00,0E-8,8
1644854400019,2022-02-14T16:00:00.019000+00:00,0E-8,8
1644883200012,2022-02-15T00:00:00.012000+00:00,0E-8,8
1644912000005,2022-02-15T08:00:00.005000+00:00,0E-8,8
1644940800011,2022-02-15T16:00:00.011000+00:00,0E-8,8
1644969600009,2022-02-16T00:00:00.009000+00:00,0E-8,8
1644998400001,2022-02-16T08:00:00.001000+00:00,-0.00001311,8
1645027200014,2022-02-16T16:00:00.014000+00:00,0E-8,8
1645056000018,2022-02-17T00:00:00.018000+00:00,-0.00023939,8
1645084800000,2022-02-17T08:00:00+00:00,0E-8,8
1645113600010,2022-02-17T16:00:00.010000+00:00,0E-8,8
1645142400000,2022-02-18T00:00:00+00:00,-0.00018890,8
1645171200002,2022-02-18T08:00:00.002000+00:00,-0.00015659,8
1645200000000,2022-02-18T16:00:00+00:00,-0.00003328,8
1645228800007,2022-02-19T00:00:00.007000+00:00,-0.00016833,8
1645257600000,2022-02-19T08:00:00+00:00,-0.00016878,8
1645286400023,2022-02-19T16:00:00.023000+00:00,0E-8,8
1645315200001,2022-02-20T00:00:00.001000+00:00,-0.00017806,8
1645344000003,2022-02-20T08:00:00.003000+00:00,-0.00027941,8
1645372800001,2022-02-20T16:00:00.001000+00:00,-0.00028431,8
1645401600000,2022-02-21T00:00:00+00:00,-0.00009596,8
1645430400001,2022-02-21T08:00:00.001000+00:00,-0.00032626,8
1645459200005,2022-02-21T16:00:00.005000+00:00,0E-8,8
1645488000005,2022-02-22T00:00:00.005000+00:00,-0.00022337,8
1645516800000,2022-02-22T08:00:00+00:00,0E-8,8
1645545600000,2022-02-22T16:00:00+00:00,-0.00006405,8
1645574400002,2022-02-23T00:00:00.002000+00:00,-0.00003262,8
1645603200005,2022-02-23T08:00:00.005000+00:00,-0.00002415,8
1645632000010,2022-02-23T16:00:00.010000+00:00,0E-8,8
1645660800008,2022-02-24T00:00:00.008000+00:00,0E-8,8
1645689600003,2022-02-24T08:00:00.003000+00:00,-0.00003529,8
1645718400001,2022-02-24T16:00:00.001000+00:00,-0.00020486,8
1645747200000,2022-02-25T00:00:00+00:00,-0.00011321,8
1645776000006,2022-02-25T08:00:00.006000+00:00,-0.00002775,8
1645804800001,2022-02-25T16:00:00.001000+00:00,-0.00023451,8
1645833600004,2022-02-26T00:00:00.004000+00:00,-0.00002515,8
1645862400004,2022-02-26T08:00:00.004000+00:00,0E-8,8
1645891200007,2022-02-26T16:00:00.007000+00:00,0E-8,8
1645920000012,2022-02-27T00:00:00.012000+00:00,-0.00000341,8
1645948800000,2022-02-27T08:00:00+00:00,-0.00000389,8
1645977600000,2022-02-27T16:00:00+00:00,0E-8,8
1646006400000,2022-02-28T00:00:00+00:00,0E-8,8
1646035200001,2022-02-28T08:00:00.001000+00:00,-0.00000848,8
1646064000002,2022-02-28T16:00:00.002000+00:00,0E-8,8
1646092800002,2022-03-01T00:00:00.002000+00:00,0E-8,8
1646121600001,2022-03-01T08:00:00.001000+00:00,0E-8,8
1646150400000,2022-03-01T16:00:00+00:00,0E-8,8
1646179200000,2022-03-02T00:00:00+00:00,0E-8,8
1646208000000,2022-03-02T08:00:00+00:00,-0.00013979,8
1646236800002,2022-03-02T16:00:00.002000+00:00,-0.00013356,8
1646265600000,2022-03-03T00:00:00+00:00,-0.00009498,8
1646294400000,2022-03-03T08:00:00+00:00,0E-8,8
1646323200005,2022-03-03T16:00:00.005000+00:00,-0.00014664,8
1646352000018,2022-03-04T00:00:00.018000+00:00,-0.00012499,8
1646380800000,2022-03-04T08:00:00+00:00,-0.00023376,8
1646409600000,2022-03-04T16:00:00+00:00,-0.00027034,8
1646438400006,2022-03-05T00:00:00.006000+00:00,-0.00022380,8
1646467200004,2022-03-05T08:00:00.004000+00:00,-0.00071402,8
1646496000000,2022-03-05T16:00:00+00:00,-0.00017122,8
1646524800004,2022-03-06T00:00:00.004000+00:00,-0.00043414,8
1646553600000,2022-03-06T08:00:00+00:00,-0.00027293,8
1646582400013,2022-03-06T16:00:00.013000+00:00,-0.00044034,8
1646611200008,2022-03-07T00:00:00.008000+00:00,-0.00043850,8
1646640000006,2022-03-07T08:00:00.006000+00:00,-0.00030887,8
1646668800000,2022-03-07T16:00:00+00:00,-0.00034382,8
1646697600008,2022-03-08T00:00:00.008000+00:00,-0.00044868,8
1646726400002,2022-03-08T08:00:00.002000+00:00,-0.00021034,8
1646755200000,2022-03-08T16:00:00+00:00,-0.00021489,8
1646784000008,2022-03-09T00:00:00.008000+00:00,-0.00034539,8
1646812800000,2022-03-09T08:00:00+00:00,-0.00003886,8
1646841600004,2022-03-09T16:00:00.004000+00:00,0E-8,8
1646870400000,2022-03-10T00:00:00+00:00,0E-8,8
1646899200017,2022-03-10T08:00:00.017000+00:00,-0.00002639,8
1646928000000,2022-03-10T16:00:00+00:00,0E-8,8
1646956800008,2022-03-11T00:00:00.008000+00:00,-0.00017397,8
1646985600000,2022-03-11T08:00:00+00:00,-0.00003005,8
1647014400001,2022-03-11T16:00:00.001000+00:00,-0.00006194,8
1647043200010,2022-03-12T00:00:00.010000+00:00,0E-8,8
1647072000001,2022-03-12T08:00:00.001000+00:00,0E-8,8
1647100800002,2022-03-12T16:00:00.002000+00:00,0E-8,8
1647129600008,2022-03-13T00:00:00.008000+00:00,0E-8,8
1647158400000,2022-03-13T08:00:00+00:00,-0.00005366,8
1647187200002,2022-03-13T16:00:00.002000+00:00,-0.00005308,8
1647216000014,2022-03-14T00:00:00.014000+00:00,-0.00024568,8
1647244800005,2022-03-14T08:00:00.005000+00:00,-0.00005074,8
1647273600002,2022-03-14T16:00:00.002000+00:00,0E-8,8
1647302400008,2022-03-15T00:00:00.008000+00:00,0E-8,8
1647331200000,2022-03-15T08:00:00+00:00,-0.00013892,8
1647360000006,2022-03-15T16:00:00.006000+00:00,-0.00008191,8
1647388800013,2022-03-16T00:00:00.013000+00:00,0E-8,8
1647417600000,2022-03-16T08:00:00+00:00,0E-8,8
1647446400008,2022-03-16T16:00:00.008000+00:00,0E-8,8
1647475200004,2022-03-17T00:00:00.004000+00:00,0E-8,8
1647504000000,2022-03-17T08:00:00+00:00,0E-8,8
1647532800004,2022-03-17T16:00:00.004000+00:00,0E-8,8
1647561600000,2022-03-18T00:00:00+00:00,0E-8,8
1647590400000,2022-03-18T08:00:00+00:00,-0.00005118,8
1647619200017,2022-03-18T16:00:00.017000+00:00,0E-8,8
1647648000008,2022-03-19T00:00:00.008000+00:00,0E-8,8
1647676800015,2022-03-19T08:00:00.015000+00:00,0E-8,8
1647705600000,2022-03-19T16:00:00+00:00,0E-8,8
1647734400000,2022-03-20T00:00:00+00:00,0E-8,8
1647763200001,2022-03-20T08:00:00.001000+00:00,0E-8,8
1647792000002,2022-03-20T16:00:00.002000+00:00,0E-8,8
1647820800013,2022-03-21T00:00:00.013000+00:00,0E-8,8
1647849600004,2022-03-21T08:00:00.004000+00:00,0E-8,8
1647878400010,2022-03-21T16:00:00.010000+00:00,0E-8,8
1647907200012,2022-03-22T00:00:00.012000+00:00,0E-8,8
1647936000001,2022-03-22T08:00:00.001000+00:00,0E-8,8
1647964800022,2022-03-22T16:00:00.022000+00:00,0E-8,8
1647993600007,2022-03-23T00:00:00.007000+00:00,0E-8,8
1648022400000,2022-03-23T08:00:00+00:00,0E-8,8
1648051200006,2022-03-23T16:00:00.006000+00:00,0E-8,8
1648080000013,2022-03-24T00:00:00.013000+00:00,0E-8,8
1648108800006,2022-03-24T08:00:00.006000+00:00,0E-8,8
1648137600020,2022-03-24T16:00:00.020000+00:00,0E-8,8
1648166400010,2022-03-25T00:00:00.010000+00:00,0E-8,8
1648195200001,2022-03-25T08:00:00.001000+00:00,0E-8,8
1648224000014,2022-03-25T16:00:00.014000+00:00,0E-8,8
1648252800020,2022-03-26T00:00:00.020000+00:00,0E-8,8
1648281600006,2022-03-26T08:00:00.006000+00:00,0E-8,8
1648310400000,2022-03-26T16:00:00+00:00,0E-8,8
1648339200004,2022-03-27T00:00:00.004000+00:00,0E-8,8
1648368000001,2022-03-27T08:00:00.001000+00:00,0E-8,8
1648396800006,2022-03-27T16:00:00.006000+00:00,0E-8,8
1648425600012,2022-03-28T00:00:00.012000+00:00,0E-8,8
1648454400007,2022-03-28T08:00:00.007000+00:00,0E-8,8
1648483200000,2022-03-28T16:00:00+00:00,0E-8,8
1648512000000,2022-03-29T00:00:00+00:00,0E-8,8
1648540800015,2022-03-29T08:00:00.015000+00:00,0E-8,8
1648569600000,2022-03-29T16:00:00+00:00,0E-8,8
1648598400000,2022-03-30T00:00:00+00:00,0E-8,8
1648627200002,2022-03-30T08:00:00.002000+00:00,0E-8,8
1648656000028,2022-03-30T16:00:00.028000+00:00,0.00008729,8
1648684800017,2022-03-31T00:00:00.017000+00:00,0E-8,8
1648713600000,2022-03-31T08:00:00+00:00,0E-8,8
1648742400015,2022-03-31T16:00:00.015000+00:00,0E-8,8
1648771200000,2022-04-01T00:00:00+00:00,0E-8,8
1648800000000,2022-04-01T08:00:00+00:00,0E-8,8
1648828800018,2022-04-01T16:00:00.018000+00:00,0E-8,8
1648857600000,2022-04-02T00:00:00+00:00,0E-8,8
1648886400002,2022-04-02T08:00:00.002000+00:00,0E-8,8
1648915200006,2022-04-02T16:00:00.006000+00:00,0E-8,8
1648944000018,2022-04-03T00:00:00.018000+00:00,0E-8,8
1648972800018,2022-04-03T08:00:00.018000+00:00,0E-8,8
1649001600015,2022-04-03T16:00:00.015000+00:00,0E-8,8
1649030400006,2022-04-04T00:00:00.006000+00:00,0E-8,8
1649059200000,2022-04-04T08:00:00+00:00,0E-8,8
1649088000016,2022-04-04T16:00:00.016000+00:00,0E-8,8
1649116800000,2022-04-05T00:00:00+00:00,0E-8,8
1649145600010,2022-04-05T08:00:00.010000+00:00,0E-8,8
1649174400008,2022-04-05T16:00:00.008000+00:00,0E-8,8
1649203200001,2022-04-06T00:00:00.001000+00:00,0E-8,8
1649232000021,2022-04-06T08:00:00.021000+00:00,0E-8,8
1649260800000,2022-04-06T16:00:00+00:00,0E-8,8
1649289600009,2022-04-07T00:00:00.009000+00:00,-0.00002025,8
1649318400000,2022-04-07T08:00:00+00:00,-0.00000742,8
1649347200000,2022-04-07T16:00:00+00:00,0E-8,8
1649376000000,2022-04-08T00:00:00+00:00,0E-8,8
1649404800004,2022-04-08T08:00:00.004000+00:00,0E-8,8
1649433600008,2022-04-08T16:00:00.008000+00:00,0E-8,8
1649462400008,2022-04-09T00:00:00.008000+00:00,0E-8,8
1649491200000,2022-04-09T08:00:00+00:00,0E-8,8
1649520000001,2022-04-09T16:00:00.001000+00:00,0E-8,8
1649548800004,2022-04-10T00:00:00.004000+00:00,0E-8,8
1649577600007,2022-04-10T08:00:00.007000+00:00,0E-8,8
1649606400016,2022-04-10T16:00:00.016000+00:00,0E-8,8
1649635200000,2022-04-11T00:00:00+00:00,0E-8,8
1649664000000,2022-04-11T08:00:00+00:00,-0.00002485,8
1649692800009,2022-04-11T16:00:00.009000+00:00,0E-8,8
1649721600000,2022-04-12T00:00:00+00:00,-0.00001020,8
1649750400006,2022-04-12T08:00:00.006000+00:00,-0.00002030,8
1649779200013,2022-04-12T16:00:00.013000+00:00,-0.00002025,8
1649808000005,2022-04-13T00:00:00.005000+00:00,0E-8,8
1649836800008,2022-04-13T08:00:00.008000+00:00,-0.00012415,8
1649865600013,2022-04-13T16:00:00.013000+00:00,0E-8,8
1649894400007,2022-04-14T00:00:00.007000+00:00,-0.00011454,8
1649923200000,2022-04-14T08:00:00+00:00,-0.00011570,8
1649952000006,2022-04-14T16:00:00.006000+00:00,-0.00008813,8
1649980800008,2022-04-15T00:00:00.008000+00:00,0E-8,8
1650009600002,2022-04-15T08:00:00.002000+00:00,0E-8,8
1650038400000,2022-04-15T16:00:00+00:00,0E-8,8
1650067200011,2022-04-16T00:00:00.011000+00:00,-0.00003331,8
1650096000007,2022-04-16T08:00:00.007000+00:00,0E-8,8
1650124800007,2022-04-16T16:00:00.007000+00:00,-0.00006356,8
1650153600000,2022-04-17T00:00:00+00:00,0E-8,8
1650182400004,2022-04-17T08:00:00.004000+00:00,0E-8,8
1650211200000,2022-04-17T16:00:00+00:00,0E-8,8
1650240000008,2022-04-18T00:00:00.008000+00:00,-0.00006225,8
1650268800012,2022-04-18T08:00:00.012000+00:00,-0.00001491,8
1650297600000,2022-04-18T16:00:00+00:00,-0.00009688,8
1650326400021,2022-04-19T00:00:00.021000+00:00,0E-8,8
1650355200031,2022-04-19T08:00:00.031000+00:00,0E-8,8
1650384000000,2022-04-19T16:00:00+00:00,0E-8,8
1650412800025,2022-04-20T00:00:00.025000+00:00,0E-8,8
1650441600003,2022-04-20T08:00:00.003000+00:00,0E-8,8
1650470400000,2022-04-20T16:00:00+00:00,0E-8,8
1650499200000,2022-04-21T00:00:00+00:00,0E-8,8
1650528000000,2022-04-21T08:00:00+00:00,0E-8,8
1650556800024,2022-04-21T16:00:00.024000+00:00,0E-8,8
1650585600008,2022-04-22T00:00:00.008000+00:00,0E-8,8
1650614400008,2022-04-22T08:00:00.008000+00:00,-0.00002719,8
1650643200008,2022-04-22T16:00:00.008000+00:00,0E-8,8
1650672000000,2022-04-23T00:00:00+00:00,0E-8,8
1650700800000,2022-04-23T08:00:00+00:00,-0.00008577,8
1650729600012,2022-04-23T16:00:00.012000+00:00,0E-8,8
1650758400004,2022-04-24T00:00:00.004000+00:00,0E-8,8
1650787200003,2022-04-24T08:00:00.003000+00:00,-0.00011321,8
1650816000000,2022-04-24T16:00:00+00:00,0E-8,8
1650844800008,2022-04-25T00:00:00.008000+00:00,0E-8,8
1650873600018,2022-04-25T08:00:00.018000+00:00,-0.00000416,8
1650902400000,2022-04-25T16:00:00+00:00,-0.00024334,8
1650931200014,2022-04-26T00:00:00.014000+00:00,0E-8,8
1650960000000,2022-04-26T08:00:00+00:00,0E-8,8
1650988800017,2022-04-26T16:00:00.017000+00:00,0E-8,8
1651017600012,2022-04-27T00:00:00.012000+00:00,-0.00004547,8
1651046400000,2022-04-27T08:00:00+00:00,-0.00006832,8
1651075200002,2022-04-27T16:00:00.002000+00:00,0E-8,8
1651104000000,2022-04-28T00:00:00+00:00,0E-8,8
1651132800004,2022-04-28T08:00:00.004000+00:00,-0.00008404,8
1651161600030,2022-04-28T16:00:00.030000+00:00,0E-8,8
1651190400000,2022-04-29T00:00:00+00:00,-0.00001589,8
1651219200016,2022-04-29T08:00:00.016000+00:00,-0.00004099,8
1651248000010,2022-04-29T16:00:00.010000+00:00,-0.00015241,8
1651276800000,2022-04-30T00:00:00+00:00,-0.00015720,8
1651305600005,2022-04-30T08:00:00.005000+00:00,0E-8,8
1651334400015,2022-04-30T16:00:00.015000+00:00,0E-8,8
1651363200000,2022-05-01T00:00:00+00:00,-0.00024762,8
1651392000000,2022-05-01T08:00:00+00:00,-0.00035999,8
1651420800010,2022-05-01T16:00:00.010000+00:00,-0.00006449,8
1651449600018,2022-05-02T00:00:00.018000+00:00,-0.00010440,8
1651478400007,2022-05-02T08:00:00.007000+00:00,-0.00022186,8
1651507200000,2022-05-02T16:00:00+00:00,-0.00019242,8
1651536000006,2022-05-03T00:00:00.006000+00:00,-0.00013821,8
1651564800000,2022-05-03T08:00:00+00:00,0E-8,8
1651593600021,2022-05-03T16:00:00.021000+00:00,-0.00026598,8
1651622400007,2022-05-04T00:00:00.007000+00:00,-0.00037640,8
1651651200011,2022-05-04T08:00:00.011000+00:00,0E-8,8
1651680000000,2022-05-04T16:00:00+00:00,0E-8,8
1651708800005,2022-05-05T00:00:00.005000+00:00,0E-8,8
1651737600019,2022-05-05T08:00:00.019000+00:00,0E-8,8
1651766400005,2022-05-05T16:00:00.005000+00:00,0E-8,8
1651795200005,2022-05-06T00:00:00.005000+00:00,-0.00051691,8
1651824000001,2022-05-06T08:00:00.001000+00:00,-0.00018277,8
1651852800010,2022-05-06T16:00:00.010000+00:00,0E-8,8
1651881600004,2022-05-07T00:00:00.004000+00:00,0E-8,8
1651910400016,2022-05-07T08:00:00.016000+00:00,0E-8,8
1651939200011,2022-05-07T16:00:00.011000+00:00,0E-8,8
1651968000000,2022-05-08T00:00:00+00:00,0E-8,8
1651996800007,2022-05-08T08:00:00.007000+00:00,-0.00009014,8
1652025600015,2022-05-08T16:00:00.015000+00:00,0E-8,8
1652054400000,2022-05-09T00:00:00+00:00,0E-8,8
1652083200001,2022-05-09T08:00:00.001000+00:00,0E-8,8
1652112000000,2022-05-09T16:00:00+00:00,-0.00009253,8
1652140800000,2022-05-10T00:00:00+00:00,-0.00035049,8
1652169600007,2022-05-10T08:00:00.007000+00:00,-0.00022480,8
1652198400008,2022-05-10T16:00:00.008000+00:00,-0.00041261,8
1652227200004,2022-05-11T00:00:00.004000+00:00,-0.00040555,8
1652256000007,2022-05-11T08:00:00.007000+00:00,-0.00040598,8
1652284800008,2022-05-11T16:00:00.008000+00:00,-0.00041958,8
1652313600014,2022-05-12T00:00:00.014000+00:00,-0.00050801,8
1652342400000,2022-05-12T08:00:00+00:00,-0.00200781,8
1652371200007,2022-05-12T16:00:00.007000+00:00,-0.00087795,8
1652400000014,2022-05-13T00:00:00.014000+00:00,-0.00046326,8
1652428800001,2022-05-13T08:00:00.001000+00:00,-0.00033023,8
1652457600000,2022-05-13T16:00:00+00:00,-0.00041998,8
1652486400000,2022-05-14T00:00:00+00:00,-0.00061404,8
1652515200000,2022-05-14T08:00:00+00:00,-0.00033375,8
1652544000001,2022-05-14T16:00:00.001000+00:00,-0.00051401,8
1652572800000,2022-05-15T00:00:00+00:00,-0.00041385,8
1652601600000,2022-05-15T08:00:00+00:00,-0.00040211,8
1652630400000,2022-05-15T16:00:00+00:00,-0.00021402,8
1652659200021,2022-05-16T00:00:00.021000+00:00,-0.00042660,8
1652688000013,2022-05-16T08:00:00.013000+00:00,-0.00052839,8
1652716800006,2022-05-16T16:00:00.006000+00:00,-0.00031439,8
1652745600000,2022-05-17T00:00:00+00:00,-0.00042037,8
1652774400010,2022-05-17T08:00:00.010000+00:00,-0.00038058,8
1652803200023,2022-05-17T16:00:00.023000+00:00,-0.00028335,8
1652832000003,2022-05-18T00:00:00.003000+00:00,-0.00072083,8
1652860800024,2022-05-18T08:00:00.024000+00:00,-0.00042482,8
1652889600014,2022-05-18T16:00:00.014000+00:00,-0.00043799,8
1652918400000,2022-05-19T00:00:00+00:00,-0.00049541,8
1652947200008,2022-05-19T08:00:00.008000+00:00,-0.00033308,8
1652976000015,2022-05-19T16:00:00.015000+00:00,-0.00040023,8
1653004800001,2022-05-20T00:00:00.001000+00:00,-0.00027260,8
1653033600003,2022-05-20T08:00:00.003000+00:00,-0.00022742,8
1653062400012,2022-05-20T16:00:00.012000+00:00,-0.00031310,8
1653091200008,2022-05-21T00:00:00.008000+00:00,-0.00043872,8
1653120000001,2022-05-21T08:00:00.001000+00:00,-0.00032275,8
1653148800007,2022-05-21T16:00:00.007000+00:00,-0.00006067,8
1653177600003,2022-05-22T00:00:00.003000+00:00,-0.00020817,8
1653206400016,2022-05-22T08:00:00.016000+00:00,-0.00007724,8
1653235200000,2022-05-22T16:00:00+00:00,-0.00004143,8
1653264000011,2022-05-23T00:00:00.011000+00:00,-0.00022355,8
1653292800000,2022-05-23T08:00:00+00:00,-0.00002302,8
1653321600023,2022-05-23T16:00:00.023000+00:00,-0.00005216,8
1653350400011,2022-05-24T00:00:00.011000+00:00,-0.00025547,8
1653379200000,2022-05-24T08:00:00+00:00,-0.00030131,8
1653408000009,2022-05-24T16:00:00.009000+00:00,-0.00041352,8
1653436800001,2022-05-25T00:00:00.001000+00:00,0E-8,8
1653465600000,2022-05-25T08:00:00+00:00,0E-8,8
1653494400015,2022-05-25T16:00:00.015000+00:00,-0.00024618,8
1653523200005,2022-05-26T00:00:00.005000+00:00,-0.00027993,8
1653552000001,2022-05-26T08:00:00.001000+00:00,-0.00054127,8
1653580800000,2022-05-26T16:00:00+00:00,-0.00036566,8
1653609600007,2022-05-27T00:00:00.007000+00:00,-0.00015153,8
1653638400008,2022-05-27T08:00:00.008000+00:00,-0.00035435,8
1653667200000,2022-05-27T16:00:00+00:00,-0.00030543,8
1653696000018,2022-05-28T00:00:00.018000+00:00,-0.00022821,8
1653724800016,2022-05-28T08:00:00.016000+00:00,-0.00026664,8
1653753600013,2022-05-28T16:00:00.013000+00:00,-0.00012842,8
1653782400000,2022-05-29T00:00:00+00:00,-0.00008242,8
1653811200025,2022-05-29T08:00:00.025000+00:00,-0.00033464,8
1653840000002,2022-05-29T16:00:00.002000+00:00,0E-8,8
1653868800000,2022-05-30T00:00:00+00:00,-0.00001633,8
1653897600013,2022-05-30T08:00:00.013000+00:00,0E-8,8
1653926400005,2022-05-30T16:00:00.005000+00:00,0E-8,8
1653955200016,2022-05-31T00:00:00.016000+00:00,0E-8,8
1653984000000,2022-05-31T08:00:00+00:00,0E-8,8
1654012800000,2022-05-31T16:00:00+00:00,-0.00005989,8
1654041600000,2022-06-01T00:00:00+00:00,0E-8,8
1654070400011,2022-06-01T08:00:00.011000+00:00,0E-8,8
1654099200000,2022-06-01T16:00:00+00:00,0E-8,8
1654128000000,2022-06-02T00:00:00+00:00,-0.00018644,8
1654156800006,2022-06-02T08:00:00.006000+00:00,-0.00008944,8
1654185600021,2022-06-02T16:00:00.021000+00:00,0E-8,8
1654214400016,2022-06-03T00:00:00.016000+00:00,-0.00000833,8
1654243200016,2022-06-03T08:00:00.016000+00:00,0E-8,8
1654272000012,2022-06-03T16:00:00.012000+00:00,-0.00023935,8
1654300800005,2022-06-04T00:00:00.005000+00:00,-0.00019683,8
1654329600000,2022-06-04T08:00:00+00:00,-0.00004397,8
1654358400007,2022-06-04T16:00:00.007000+00:00,-0.00003910,8
1654387200005,2022-06-05T00:00:00.005000+00:00,-0.00001407,8
1654416000015,2022-06-05T08:00:00.015000+00:00,-0.00023072,8
1654444800000,2022-06-05T16:00:00+00:00,-0.00015784,8
1654473600000,2022-06-06T00:00:00+00:00,0E-8,8
1654502400017,2022-06-06T08:00:00.017000+00:00,0E-8,8
1654531200000,2022-06-06T16:00:00+00:00,0E-8,8
1654560000000,2022-06-07T00:00:00+00:00,-0.00034496,8
1654588800011,2022-06-07T08:00:00.011000+00:00,-0.00035567,8
1654617600000,2022-06-07T16:00:00+00:00,-0.00014600,8
1654646400008,2022-06-08T00:00:00.008000+00:00,0E-8,8
1654675200020,2022-06-08T08:00:00.020000+00:00,-0.00015306,8
1654704000012,2022-06-08T16:00:00.012000+00:00,-0.00018711,8
1654732800000,2022-06-09T00:00:00+00:00,-0.00012290,8
1654761600000,2022-06-09T08:00:00+00:00,-0.00002809,8
1654790400000,2022-06-09T16:00:00+00:00,-0.00002586,8
1654819200009,2022-06-10T00:00:00.009000+00:00,-0.00025878,8
1654848000000,2022-06-10T08:00:00+00:00,0E-8,8
1654876800006,2022-06-10T16:00:00.006000+00:00,-0.00035067,8
1654905600018,2022-06-11T00:00:00.018000+00:00,-0.00029480,8
1654934400014,2022-06-11T08:00:00.014000+00:00,-0.00005073,8
1654963200000,2022-06-11T16:00:00+00:00,-0.00029442,8
1654992000015,2022-06-12T00:00:00.015000+00:00,-0.00037884,8
1655020800019,2022-06-12T08:00:00.019000+00:00,-0.00025545,8
1655049600010,2022-06-12T16:00:00.010000+00:00,-0.00030561,8
1655078400009,2022-06-13T00:00:00.009000+00:00,-0.00010959,8
1655107200000,2022-06-13T08:00:00+00:00,-0.00025385,8
1655136000007,2022-06-13T16:00:00.007000+00:00,-0.00018928,8
1655164800013,2022-06-14T00:00:00.013000+00:00,-0.00003660,8
1655193600008,2022-06-14T08:00:00.008000+00:00,0E-8,8
1655222400006,2022-06-14T16:00:00.006000+00:00,0E-8,8
1655251200000,2022-06-15T00:00:00+00:00,0E-8,8
1655280000016,2022-06-15T08:00:00.016000+00:00,-0.00033673,8
1655308800008,2022-06-15T16:00:00.008000+00:00,-0.00011689,8
1655337600009,2022-06-16T00:00:00.009000+00:00,0E-8,8
1655366400016,2022-06-16T08:00:00.016000+00:00,0E-8,8
1655395200000,2022-06-16T16:00:00+00:00,-0.00004671,8
1655424000008,2022-06-17T00:00:00.008000+00:00,-0.00010868,8
1655452800003,2022-06-17T08:00:00.003000+00:00,0E-8,8
1655481600000,2022-06-17T16:00:00+00:00,-0.00008487,8
1655510400020,2022-06-18T00:00:00.020000+00:00,-0.00011676,8
1655539200025,2022-06-18T08:00:00.025000+00:00,-0.00036897,8
1655568000014,2022-06-18T16:00:00.014000+00:00,-0.00022303,8
1655596800012,2022-06-19T00:00:00.012000+00:00,-0.00062237,8
1655625600012,2022-06-19T08:00:00.012000+00:00,-0.00003268,8
1655654400008,2022-06-19T16:00:00.008000+00:00,-0.00013012,8
1655683200016,2022-06-20T00:00:00.016000+00:00,-0.00011545,8
1655712000000,2022-06-20T08:00:00+00:00,-0.00022425,8
1655740800013,2022-06-20T16:00:00.013000+00:00,-0.00013949,8
1655769600012,2022-06-21T00:00:00.012000+00:00,-0.00005546,8
1655798400018,2022-06-21T08:00:00.018000+00:00,-0.00009008,8
1655827200010,2022-06-21T16:00:00.010000+00:00,-0.00011405,8
1655856000000,2022-06-22T00:00:00+00:00,-0.00021005,8
1655884800001,2022-06-22T08:00:00.001000+00:00,-0.00031961,8
1655913600012,2022-06-22T16:00:00.012000+00:00,-0.00022236,8
1655942400000,2022-06-23T00:00:00+00:00,-0.00014812,8
1655971200000,2022-06-23T08:00:00+00:00,-0.00010648,8
1656000000016,2022-06-23T16:00:00.016000+00:00,-0.00019147,8
1656028800005,2022-06-24T00:00:00.005000+00:00,-0.00013465,8
1656057600004,2022-06-24T08:00:00.004000+00:00,-0.00004643,8
1656086400018,2022-06-24T16:00:00.018000+00:00,0E-8,8
1656115200001,2022-06-25T00:00:00.001000+00:00,-0.00010626,8
1656144000010,2022-06-25T08:00:00.010000+00:00,-0.00015322,8
1656172800000,2022-06-25T16:00:00+00:00,-0.00011261,8
1656201600002,2022-06-26T00:00:00.002000+00:00,-0.00013445,8
1656230400016,2022-06-26T08:00:00.016000+00:00,0E-8,8
1656259200006,2022-06-26T16:00:00.006000+00:00,-0.00009825,8
1656288000008,2022-06-27T00:00:00.008000+00:00,-0.00024522,8
1656316800000,2022-06-27T08:00:00+00:00,-0.00015208,8
1656345600016,2022-06-27T16:00:00.016000+00:00,-0.00015886,8
1656374400016,2022-06-28T00:00:00.016000+00:00,-0.00022449,8
1656403200001,2022-06-28T08:00:00.001000+00:00,-0.00009105,8
1656432000005,2022-06-28T16:00:00.005000+00:00,0E-8,8
1656460800000,2022-06-29T00:00:00+00:00,-0.00032369,8
1656489600013,2022-06-29T08:00:00.013000+00:00,-0.00003475,8
1656518400000,2022-06-29T16:00:00+00:00,-0.00025433,8
1656547200000,2022-06-30T00:00:00+00:00,-0.00013455,8
1656576000000,2022-06-30T08:00:00+00:00,0E-8,8
1656604800000,2022-06-30T16:00:00+00:00,-0.00029998,8
1656633600001,2022-07-01T00:00:00.001000+00:00,-0.00017896,8
1656662400017,2022-07-01T08:00:00.017000+00:00,-0.00001794,8
1656691200005,2022-07-01T16:00:00.005000+00:00,0E-8,8
1656720000000,2022-07-02T00:00:00+00:00,-0.00016329,8
1656748800000,2022-07-02T08:00:00+00:00,-0.00013258,8
1656777600008,2022-07-02T16:00:00.008000+00:00,-0.00003906,8
1656806400015,2022-07-03T00:00:00.015000+00:00,-0.00005174,8
1656835200004,2022-07-03T08:00:00.004000+00:00,-0.00004270,8
1656864000005,2022-07-03T16:00:00.005000+00:00,-0.00018640,8
1656892800021,2022-07-04T00:00:00.021000+00:00,0E-8,8
1656921600001,2022-07-04T08:00:00.001000+00:00,-0.00023629,8
1656950400000,2022-07-04T16:00:00+00:00,0E-8,8
1656979200000,2022-07-05T00:00:00+00:00,0E-8,8
1657008000000,2022-07-05T08:00:00+00:00,-0.00011030,8
1657036800015,2022-07-05T16:00:00.015000+00:00,-0.00013791,8
1657065600006,2022-07-06T00:00:00.006000+00:00,-0.00011221,8
1657094400000,2022-07-06T08:00:00+00:00,0E-8,8
1657123200000,2022-07-06T16:00:00+00:00,-0.00007686,8
1657152000010,2022-07-07T00:00:00.010000+00:00,-0.00007188,8
1657180800010,2022-07-07T08:00:00.010000+00:00,-0.00004470,8
1657209600011,2022-07-07T16:00:00.011000+00:00,-0.00008130,8
1657238400008,2022-07-08T00:00:00.008000+00:00,-0.00002841,8
1657267200009,2022-07-08T08:00:00.009000+00:00,0E-8,8
1657296000000,2022-07-08T16:00:00+00:00,-0.00014862,8
1657324800000,2022-07-09T00:00:00+00:00,0E-8,8
1657353600000,2022-07-09T08:00:00+00:00,0E-8,8
1657382400009,2022-07-09T16:00:00.009000+00:00,-0.00011787,8
1657411200001,2022-07-10T00:00:00.001000+00:00,-0.00001536,8
1657440000002,2022-07-10T08:00:00.002000+00:00,-0.00009812,8
1657468800001,2022-07-10T16:00:00.001000+00:00,-0.00005106,8
1657497600000,2022-07-11T00:00:00+00:00,-0.00010599,8
1657526400003,2022-07-11T08:00:00.003000+00:00,0E-8,8
1657555200001,2022-07-11T16:00:00.001000+00:00,-0.00003501,8
1657584000000,2022-07-12T00:00:00+00:00,-0.00016301,8
1657612800021,2022-07-12T08:00:00.021000+00:00,-0.00015961,8
1657641600000,2022-07-12T16:00:00+00:00,-0.00025585,8
1657670400012,2022-07-13T00:00:00.012000+00:00,-0.00009412,8
1657699200022,2022-07-13T08:00:00.022000+00:00,-0.00016626,8
1657728000005,2022-07-13T16:00:00.005000+00:00,-0.00011396,8
1657756800017,2022-07-14T00:00:00.017000+00:00,-0.00013749,8
1657785600001,2022-07-14T08:00:00.001000+00:00,0E-8,8
1657814400000,2022-07-14T16:00:00+00:00,-0.00011660,8
1657843200004,2022-07-15T00:00:00.004000+00:00,0E-8,8
1657872000019,2022-07-15T08:00:00.019000+00:00,0E-8,8
1657900800017,2022-07-15T16:00:00.017000+00:00,-0.00000842,8
1657929600021,2022-07-16T00:00:00.021000+00:00,0E-8,8
1657958400014,2022-07-16T08:00:00.014000+00:00,0E-8,8
1657987200005,2022-07-16T16:00:00.005000+00:00,-0.00002607,8
1658016000000,2022-07-17T00:00:00+00:00,0E-8,8
1658044800003,2022-07-17T08:00:00.003000+00:00,0E-8,8
1658073600007,2022-07-17T16:00:00.007000+00:00,0E-8,8
1658102400001,2022-07-18T00:00:00.001000+00:00,0E-8,8
1658131200004,2022-07-18T08:00:00.004000+00:00,0E-8,8
1658160000019,2022-07-18T16:00:00.019000+00:00,0E-8,8
1658188800000,2022-07-19T00:00:00+00:00,0E-8,8
1658217600000,2022-07-19T08:00:00+00:00,0E-8,8
1658246400001,2022-07-19T16:00:00.001000+00:00,0E-8,8
1658275200004,2022-07-20T00:00:00.004000+00:00,0E-8,8
1658304000000,2022-07-20T08:00:00+00:00,0E-8,8
1658332800003,2022-07-20T16:00:00.003000+00:00,-0.00000738,8
1658361600000,2022-07-21T00:00:00+00:00,0E-8,8
1658390400018,2022-07-21T08:00:00.018000+00:00,0E-8,8
1658419200011,2022-07-21T16:00:00.011000+00:00,0E-8,8
1658448000014,2022-07-22T00:00:00.014000+00:00,0E-8,8
1658476800000,2022-07-22T08:00:00+00:00,0E-8,8
1658505600000,2022-07-22T16:00:00+00:00,0E-8,8
1658534400004,2022-07-23T00:00:00.004000+00:00,0E-8,8
1658563200002,2022-07-23T08:00:00.002000+00:00,0E-8,8
1658592000001,2022-07-23T16:00:00.001000+00:00,0E-8,8
1658620800000,2022-07-24T00:00:00+00:00,-0.00018212,8
1658649600011,2022-07-24T08:00:00.011000+00:00,0E-8,8
1658678400000,2022-07-24T16:00:00+00:00,0E-8,8
1658707200000,2022-07-25T00:00:00+00:00,0E-8,8
1658736000014,2022-07-25T08:00:00.014000+00:00,-0.00022869,8
1658764800006,2022-07-25T16:00:00.006000+00:00,0E-8,8
1658793600010,2022-07-26T00:00:00.010000+00:00,-0.00002488,8
1658822400000,2022-07-26T08:00:00+00:00,-0.00019470,8
1658851200000,2022-07-26T16:00:00+00:00,-0.00010802,8
1658880000008,2022-07-27T00:00:00.008000+00:00,-0.00009596,8
1658908800000,2022-07-27T08:00:00+00:00,0E-8,8
1658937600003,2022-07-27T16:00:00.003000+00:00,0E-8,8
1658966400009,2022-07-28T00:00:00.009000+00:00,0E-8,8
1658995200008,2022-07-28T08:00:00.008000+00:00,0E-8,8
1659024000013,2022-07-28T16:00:00.013000+00:00,0E-8,8
1659052800000,2022-07-29T00:00:00+00:00,0E-8,8
1659081600000,2022-07-29T08:00:00+00:00,0E-8,8
1659110400000,2022-07-29T16:00:00+00:00,0E-8,8
1659139200005,2022-07-30T00:00:00.005000+00:00,0.00004073,8
1659168000009,2022-07-30T08:00:00.009000+00:00,0E-8,8
1659196800000,2022-07-30T16:00:00+00:00,0E-8,8
1659225600022,2022-07-31T00:00:00.022000+00:00,0E-8,8
1659254400011,2022-07-31T08:00:00.011000+00:00,0E-8,8
1659283200019,2022-07-31T16:00:00.019000+00:00,0E-8,8
1659312000010,2022-08-01T00:00:00.010000+00:00,0E-8,8
1659340800019,2022-08-01T08:00:00.019000+00:00,0E-8,8
1659369600017,2022-08-01T16:00:00.017000+00:00,0E-8,8
1659398400000,2022-08-02T00:00:00+00:00,0E-8,8
1659427200007,2022-08-02T08:00:00.007000+00:00,0E-8,8
1659456000014,2022-08-02T16:00:00.014000+00:00,0E-8,8
1659484800001,2022-08-03T00:00:00.001000+00:00,0E-8,8
1659513600020,2022-08-03T08:00:00.020000+00:00,0E-8,8
1659542400008,2022-08-03T16:00:00.008000+00:00,0E-8,8
1659571200001,2022-08-04T00:00:00.001000+00:00,0E-8,8
1659600000009,2022-08-04T08:00:00.009000+00:00,0E-8,8
1659628800015,2022-08-04T16:00:00.015000+00:00,0E-8,8
1659657600005,2022-08-05T00:00:00.005000+00:00,0E-8,8
1659686400000,2022-08-05T08:00:00+00:00,0E-8,8
1659715200000,2022-08-05T16:00:00+00:00,0E-8,8
1659744000021,2022-08-06T00:00:00.021000+00:00,0E-8,8
1659772800000,2022-08-06T08:00:00+00:00,0E-8,8
1659801600015,2022-08-06T16:00:00.015000+00:00,0E-8,8
1659830400013,2022-08-07T00:00:00.013000+00:00,0E-8,8
1659859200000,2022-08-07T08:00:00+00:00,0E-8,8
1659888000014,2022-08-07T16:00:00.014000+00:00,0E-8,8
1659916800009,2022-08-08T00:00:00.009000+00:00,0E-8,8
1659945600006,2022-08-08T08:00:00.006000+00:00,0E-8,8
1659974400000,2022-08-08T16:00:00+00:00,0E-8,8
1660003200020,2022-08-09T00:00:00.020000+00:00,-0.00001892,8
1660032000000,2022-08-09T08:00:00+00:00,-0.00003567,8
1660060800000,2022-08-09T16:00:00+00:00,-0.00004608,8
1660089600000,2022-08-10T00:00:00+00:00,0E-8,8
1660118400016,2022-08-10T08:00:00.016000+00:00,0E-8,8
1660147200018,2022-08-10T16:00:00.018000+00:00,0E-8,8
1660176000012,2022-08-11T00:00:00.012000+00:00,0E-8,8
1660204800000,2022-08-11T08:00:00+00:00,0E-8,8
1660233600000,2022-08-11T16:00:00+00:00,-0.00010494,8
1660262400006,2022-08-12T00:00:00.006000+00:00,-0.00012899,8
1660291200000,2022-08-12T08:00:00+00:00,0E-8,8
1660320000005,2022-08-12T16:00:00.005000+00:00,0E-8,8
1660348800012,2022-08-13T00:00:00.012000+00:00,0E-8,8
1660377600006,2022-08-13T08:00:00.006000+00:00,0E-8,8
1660406400018,2022-08-13T16:00:00.018000+00:00,0E-8,8
1660435200000,2022-08-14T00:00:00+00:00,-0.00007018,8
1660464000000,2022-08-14T08:00:00+00:00,0E-8,8
1660492800000,2022-08-14T16:00:00+00:00,-0.00010240,8
1660521600010,2022-08-15T00:00:00.010000+00:00,-0.00010191,8
1660550400002,2022-08-15T08:00:00.002000+00:00,0E-8,8
1660579200010,2022-08-15T16:00:00.010000+00:00,-0.00002291,8
1660608000010,2022-08-16T00:00:00.010000+00:00,0E-8,8
1660636800002,2022-08-16T08:00:00.002000+00:00,0E-8,8
1660665600000,2022-08-16T16:00:00+00:00,0E-8,8
1660694400020,2022-08-17T00:00:00.020000+00:00,-0.00007470,8
1660723200016,2022-08-17T08:00:00.016000+00:00,0E-8,8
1660752000001,2022-08-17T16:00:00.001000+00:00,0E-8,8
1660780800005,2022-08-18T00:00:00.005000+00:00,-0.00006488,8
1660809600012,2022-08-18T08:00:00.012000+00:00,0E-8,8
1660838400013,2022-08-18T16:00:00.013000+00:00,0E-8,8
1660867200000,2022-08-19T00:00:00+00:00,0E-8,8
1660896000000,2022-08-19T08:00:00+00:00,-0.00011474,8
1660924800009,2022-08-19T16:00:00.009000+00:00,-0.00012774,8
1660953600000,2022-08-20T00:00:00+00:00,-0.00001924,8
1660982400005,2022-08-20T08:00:00.005000+00:00,-0.00022728,8
1661011200000,2022-08-20T16:00:00+00:00,-0.00016600,8
1661040000010,2022-08-21T00:00:00.010000+00:00,-0.00013636,8
1661068800013,2022-08-21T08:00:00.013000+00:00,-0.00014148,8
1661097600000,2022-08-21T16:00:00+00:00,-0.00014032,8
1661126400011,2022-08-22T00:00:00.011000+00:00,-0.00013977,8
1661155200005,2022-08-22T08:00:00.005000+00:00,0E-8,8
1661184000005,2022-08-22T16:00:00.005000+00:00,0E-8,8
1661212800000,2022-08-23T00:00:00+00:00,0E-8,8
1661241600021,2022-08-23T08:00:00.021000+00:00,-0.00014627,8
1661270400005,2022-08-23T16:00:00.005000+00:00,-0.00009462,8
1661299200017,2022-08-24T00:00:00.017000+00:00,-0.00004807,8
1661328000021,2022-08-24T08:00:00.021000+00:00,-0.00004245,8
1661356800000,2022-08-24T16:00:00+00:00,-0.00015685,8
1661385600003,2022-08-25T00:00:00.003000+00:00,0E-8,8
1661414400000,2022-08-25T08:00:00+00:00,0E-8,8
1661443200004,2022-08-25T16:00:00.004000+00:00,0E-8,8
1661472000001,2022-08-26T00:00:00.001000+00:00,-0.00007760,8
1661500800004,2022-08-26T08:00:00.004000+00:00,-0.00016224,8
1661529600000,2022-08-26T16:00:00+00:00,-0.00019433,8
1661558400010,2022-08-27T00:00:00.010000+00:00,-0.00028892,8
1661587200007,2022-08-27T08:00:00.007000+00:00,-0.00017703,8
1661616000008,2022-08-27T16:00:00.008000+00:00,-0.00008358,8
1661644800019,2022-08-28T00:00:00.019000+00:00,-0.00007405,8
1661673600000,2022-08-28T08:00:00+00:00,-0.00012025,8
1661702400000,2022-08-28T16:00:00+00:00,-0.00003464,8
1661731200000,2022-08-29T00:00:00+00:00,-0.00018805,8
1661760000000,2022-08-29T08:00:00+00:00,-0.00011708,8
1661788800001,2022-08-29T16:00:00.001000+00:00,-0.00006241,8
1661817600001,2022-08-30T00:00:00.001000+00:00,-0.00007165,8
1661846400005,2022-08-30T08:00:00.005000+00:00,-0.00007661,8
1661875200010,2022-08-30T16:00:00.010000+00:00,0E-8,8
1661904000000,2022-08-31T00:00:00+00:00,-0.00019462,8
1661932800005,2022-08-31T08:00:00.005000+00:00,0E-8,8
1661961600013,2022-08-31T16:00:00.013000+00:00,0E-8,8
1661990400012,2022-09-01T00:00:00.012000+00:00,-0.00016700,8
1662019200000,2022-09-01T08:00:00+00:00,-0.00003463,8
1662048000013,2022-09-01T16:00:00.013000+00:00,-0.00019065,8
1662076800002,2022-09-02T00:00:00.002000+00:00,-0.00022746,8
1662105600013,2022-09-02T08:00:00.013000+00:00,-0.00000639,8
1662134400000,2022-09-02T16:00:00+00:00,0E-8,8
1662163200000,2022-09-03T00:00:00+00:00,-0.00021426,8
1662192000002,2022-09-03T08:00:00.002000+00:00,-0.00006499,8
1662220800007,2022-09-03T16:00:00.007000+00:00,-0.00001442,8
1662249600008,2022-09-04T00:00:00.008000+00:00,0E-8,8
1662278400009,2022-09-04T08:00:00.009000+00:00,-0.00004283,8
1662307200000,2022-09-04T16:00:00+00:00,-0.00006369,8
1662336000015,2022-09-05T00:00:00.015000+00:00,-0.00001282,8
1662364800013,2022-09-05T08:00:00.013000+00:00,-0.00010529,8
1662393600007,2022-09-05T16:00:00.007000+00:00,-0.00009300,8
1662422400018,2022-09-06T00:00:00.018000+00:00,-0.00001297,8
1662451200020,2022-09-06T08:00:00.020000+00:00,0E-8,8
1662480000028,2022-09-06T16:00:00.028000+00:00,0E-8,8
1662508800013,2022-09-07T00:00:00.013000+00:00,-0.00054733,8
1662537600022,2022-09-07T08:00:00.022000+00:00,-0.00030750,8
1662566400021,2022-09-07T16:00:00.021000+00:00,-0.00007979,8
1662595200010,2022-09-08T00:00:00.010000+00:00,0E-8,8
1662624000000,2022-09-08T08:00:00+00:00,0E-8,8
1662652800003,2022-09-08T16:00:00.003000+00:00,0E-8,8
1662681600011,2022-09-09T00:00:00.011000+00:00,0E-8,8
1662710400000,2022-09-09T08:00:00+00:00,0E-8,8
1662739200000,2022-09-09T16:00:00+00:00,0E-8,8
1662768000003,2022-09-10T00:00:00.003000+00:00,0E-8,8
1662796800000,2022-09-10T08:00:00+00:00,0E-8,8
1662825600012,2022-09-10T16:00:00.012000+00:00,0E-8,8
1662854400009,2022-09-11T00:00:00.009000+00:00,0E-8,8
1662883200012,2022-09-11T08:00:00.012000+00:00,0E-8,8
1662912000005,2022-09-11T16:00:00.005000+00:00,0E-8,8
1662940800007,2022-09-12T00:00:00.007000+00:00,0E-8,8
1662969600013,2022-09-12T08:00:00.013000+00:00,-7.0E-7,8
1662998400000,2022-09-12T16:00:00+00:00,0E-8,8
1663027200004,2022-09-13T00:00:00.004000+00:00,-0.00002993,8
1663056000000,2022-09-13T08:00:00+00:00,-0.00000419,8
1663084800000,2022-09-13T16:00:00+00:00,-0.00005975,8
1663113600000,2022-09-14T00:00:00+00:00,-0.00022918,8
1663142400000,2022-09-14T08:00:00+00:00,-0.00009042,8
1663171200000,2022-09-14T16:00:00+00:00,-0.00004776,8
1663200000019,2022-09-15T00:00:00.019000+00:00,-0.00008768,8
1663228800012,2022-09-15T08:00:00.012000+00:00,-0.00014425,8
1663257600007,2022-09-15T16:00:00.007000+00:00,-0.00020751,8
1663286400000,2022-09-16T00:00:00+00:00,-0.00012160,8
1663315200000,2022-09-16T08:00:00+00:00,-0.00008390,8
1663344000000,2022-09-16T16:00:00+00:00,-0.00006916,8
1663372800000,2022-09-17T00:00:00+00:00,-0.00011341,8
1663401600012,2022-09-17T08:00:00.012000+00:00,-0.00003768,8
1663430400017,2022-09-17T16:00:00.017000+00:00,-0.00005159,8
1663459200000,2022-09-18T00:00:00+00:00,-0.00016986,8
1663488000004,2022-09-18T08:00:00.004000+00:00,-0.00015136,8
1663516800000,2022-09-18T16:00:00+00:00,-0.00007379,8
1663545600018,2022-09-19T00:00:00.018000+00:00,-0.00015207,8
1663574400006,2022-09-19T08:00:00.006000+00:00,-0.00029681,8
1663603200010,2022-09-19T16:00:00.010000+00:00,-0.00017649,8
1663632000007,2022-09-20T00:00:00.007000+00:00,-0.00008278,8
1663660800001,2022-09-20T08:00:00.001000+00:00,-0.00004635,8
1663689600000,2022-09-20T16:00:00+00:00,-0.00002216,8
1663718400001,2022-09-21T00:00:00.001000+00:00,-0.00001148,8
1663747200005,2022-09-21T08:00:00.005000+00:00,-0.00002202,8
1663776000000,2022-09-21T16:00:00+00:00,0E-8,8
1663804800000,2022-09-22T00:00:00+00:00,-0.00027637,8
1663833600000,2022-09-22T08:00:00+00:00,-0.00017379,8
1663862400011,2022-09-22T16:00:00.011000+00:00,0E-8,8
1663891200023,2022-09-23T00:00:00.023000+00:00,-0.00005383,8
1663920000004,2022-09-23T08:00:00.004000+00:00,-0.00008149,8
1663948800005,2022-09-23T16:00:00.005000+00:00,0E-8,8
1663977600000,2022-09-24T00:00:00+00:00,-0.00000965,8
1664006400005,2022-09-24T08:00:00.005000+00:00,0E-8,8
1664035200000,2022-09-24T16:00:00+00:00,0E-8,8
1664064000010,2022-09-25T00:00:00.010000+00:00,0E-8,8
1664092800000,2022-09-25T08:00:00+00:00,-0.00006670,8
1664121600003,2022-09-25T16:00:00.003000+00:00,0E-8,8
1664150400001,2022-09-26T00:00:00.001000+00:00,-0.00010467,8
1664179200006,2022-09-26T08:00:00.006000+00:00,-0.00001654,8
1664208000000,2022-09-26T16:00:00+00:00,0E-8,8
1664236800026,2022-09-27T00:00:00.026000+00:00,0E-8,8
1664265600004,2022-09-27T08:00:00.004000+00:00,0E-8,8
1664294400006,2022-09-27T16:00:00.006000+00:00,0E-8,8
1664323200011,2022-09-28T00:00:00.011000+00:00,-0.00031512,8
1664352000000,2022-09-28T08:00:00+00:00,-0.00006869,8
1664380800000,2022-09-28T16:00:00+00:00,-0.00004871,8
1664409600010,2022-09-29T00:00:00.010000+00:00,0E-8,8
1664438400000,2022-09-29T08:00:00+00:00,0E-8,8
1664467200000,2022-09-29T16:00:00+00:00,0E-8,8
1664496000006,2022-09-30T00:00:00.006000+00:00,0E-8,8
1664524800002,2022-09-30T08:00:00.002000+00:00,0E-8,8
1664553600007,2022-09-30T16:00:00.007000+00:00,0E-8,8
1664582400008,2022-10-01T00:00:00.008000+00:00,0E-8,8
1664611200011,2022-10-01T08:00:00.011000+00:00,0E-8,8
1664640000000,2022-10-01T16:00:00+00:00,0E-8,8
1664668800000,2022-10-02T00:00:00+00:00,-0.00006003,8
1664697600000,2022-10-02T08:00:00+00:00,-0.00005527,8
1664726400006,2022-10-02T16:00:00.006000+00:00,-0.00002465,8
1664755200000,2022-10-03T00:00:00+00:00,0E-8,8
1664784000014,2022-10-03T08:00:00.014000+00:00,0E-8,8
1664812800010,2022-10-03T16:00:00.010000+00:00,0E-8,8
1664841600006,2022-10-04T00:00:00.006000+00:00,-0.00001955,8
1664870400004,2022-10-04T08:00:00.004000+00:00,0E-8,8
1664899200013,2022-10-04T16:00:00.013000+00:00,0E-8,8
1664928000000,2022-10-05T00:00:00+00:00,-0.00002347,8
1664956800000,2022-10-05T08:00:00+00:00,0E-8,8
1664985600012,2022-10-05T16:00:00.012000+00:00,0E-8,8
1665014400008,2022-10-06T00:00:00.008000+00:00,0E-8,8
1665043200002,2022-10-06T08:00:00.002000+00:00,0E-8,8
1665072000006,2022-10-06T16:00:00.006000+00:00,0E-8,8
1665100800000,2022-10-07T00:00:00+00:00,-0.00003379,8
1665129600000,2022-10-07T08:00:00+00:00,-0.00010927,8
1665158400007,2022-10-07T16:00:00.007000+00:00,0E-8,8
1665187200010,2022-10-08T00:00:00.010000+00:00,0E-8,8
1665216000004,2022-10-08T08:00:00.004000+00:00,0E-8,8
1665244800018,2022-10-08T16:00:00.018000+00:00,0E-8,8
1665273600000,2022-10-09T00:00:00+00:00,0E-8,8
1665302400007,2022-10-09T08:00:00.007000+00:00,0E-8,8
1665331200011,2022-10-09T16:00:00.011000+00:00,0E-8,8
1665360000018,2022-10-10T00:00:00.018000+00:00,0E-8,8
1665388800000,2022-10-10T08:00:00+00:00,0E-8,8
1665417600026,2022-10-10T16:00:00.026000+00:00,0E-8,8
1665446400020,2022-10-11T00:00:00.020000+00:00,0E-8,8
1665475200027,2022-10-11T08:00:00.027000+00:00,0E-8,8
1665504000000,2022-10-11T16:00:00+00:00,0E-8,8
1665532800014,2022-10-12T00:00:00.014000+00:00,0E-8,8
1665561600000,2022-10-12T08:00:00+00:00,0E-8,8
1665590400000,2022-10-12T16:00:00+00:00,0E-8,8
1665619200013,2022-10-13T00:00:00.013000+00:00,0E-8,8
1665648000016,2022-10-13T08:00:00.016000+00:00,0E-8,8
1665676800009,2022-10-13T16:00:00.009000+00:00,-0.00017328,8
1665705600020,2022-10-14T00:00:00.020000+00:00,-0.00001116,8
1665734400000,2022-10-14T08:00:00+00:00,0E-8,8
1665763200009,2022-10-14T16:00:00.009000+00:00,-0.00002648,8
1665792000001,2022-10-15T00:00:00.001000+00:00,-0.00000723,8
1665820800005,2022-10-15T08:00:00.005000+00:00,-0.00004330,8
1665849600004,2022-10-15T16:00:00.004000+00:00,-0.00002775,8
1665878400012,2022-10-16T00:00:00.012000+00:00,0E-8,8
1665907200000,2022-10-16T08:00:00+00:00,-0.00009323,8
1665936000010,2022-10-16T16:00:00.010000+00:00,0E-8,8
1665964800012,2022-10-17T00:00:00.012000+00:00,-0.00001764,8
1665993600010,2022-10-17T08:00:00.010000+00:00,0E-8,8
1666022400017,2022-10-17T16:00:00.017000+00:00,-0.00007816,8
1666051200010,2022-10-18T00:00:00.010000+00:00,0E-8,8
1666080000008,2022-10-18T08:00:00.008000+00:00,-0.00000361,8
1666108800000,2022-10-18T16:00:00+00:00,-0.00008700,8
1666137600007,2022-10-19T00:00:00.007000+00:00,0E-8,8
1666166400022,2022-10-19T08:00:00.022000+00:00,0E-8,8
1666195200016,2022-10-19T16:00:00.016000+00:00,0E-8,8
1666224000000,2022-10-20T00:00:00+00:00,0E-8,8
1666252800013,2022-10-20T08:00:00.013000+00:00,0E-8,8
1666281600000,2022-10-20T16:00:00+00:00,0E-8,8
1666310400005,2022-10-21T00:00:00.005000+00:00,-0.00000672,8
1666339200018,2022-10-21T08:00:00.018000+00:00,-0.00008495,8
1666368000000,2022-10-21T16:00:00+00:00,-0.00013025,8
1666396800000,2022-10-22T00:00:00+00:00,-0.00004594,8
1666425600015,2022-10-22T08:00:00.015000+00:00,-0.00011472,8
1666454400000,2022-10-22T16:00:00+00:00,-0.00018136,8
1666483200025,2022-10-23T00:00:00.025000+00:00,0E-8,8
1666512000000,2022-10-23T08:00:00+00:00,-0.00015971,8
1666540800004,2022-10-23T16:00:00.004000+00:00,-0.00000887,8
1666569600009,2022-10-24T00:00:00.009000+00:00,0E-8,8
1666598400012,2022-10-24T08:00:00.012000+00:00,0E-8,8
1666627200002,2022-10-24T16:00:00.002000+00:00,-0.00005435,8
1666656000013,2022-10-25T00:00:00.013000+00:00,0E-8,8
1666684800013,2022-10-25T08:00:00.013000+00:00,0E-8,8
1666713600000,2022-10-25T16:00:00+00:00,-0.00000774,8
1666742400006,2022-10-26T00:00:00.006000+00:00,0E-8,8
1666771200013,2022-10-26T08:00:00.013000+00:00,0E-8,8
1666800000000,2022-10-26T16:00:00+00:00,-0.00007773,8
1666828800009,2022-10-27T00:00:00.009000+00:00,-0.00003774,8
1666857600006,2022-10-27T08:00:00.006000+00:00,0E-8,8
1666886400009,2022-10-27T16:00:00.009000+00:00,0E-8,8
1666915200000,2022-10-28T00:00:00+00:00,-0.00002242,8
1666944000000,2022-10-28T08:00:00+00:00,0E-8,8
1666972800007,2022-10-28T16:00:00.007000+00:00,0E-8,8
1667001600000,2022-10-29T00:00:00+00:00,0E-8,8
1667030400003,2022-10-29T08:00:00.003000+00:00,0E-8,8
1667059200010,2022-10-29T16:00:00.010000+00:00,0E-8,8
1667088000000,2022-10-30T00:00:00+00:00,0E-8,8
1667116800013,2022-10-30T08:00:00.013000+00:00,0E-8,8
1667145600009,2022-10-30T16:00:00.009000+00:00,0E-8,8
1667174400012,2022-10-31T00:00:00.012000+00:00,0E-8,8
1667203200000,2022-10-31T08:00:00+00:00,0E-8,8
1667232000010,2022-10-31T16:00:00.010000+00:00,0E-8,8
1667260800000,2022-11-01T00:00:00+00:00,-0.00022122,8
1667289600000,2022-11-01T08:00:00+00:00,-0.00007476,8
1667318400000,2022-11-01T16:00:00+00:00,-0.00001068,8
1667347200000,2022-11-02T00:00:00+00:00,-0.00015035,8
1667376000000,2022-11-02T08:00:00+00:00,-0.00018741,8
1667404800019,2022-11-02T16:00:00.019000+00:00,-0.00010047,8
1667433600011,2022-11-03T00:00:00.011000+00:00,-0.00024064,8
1667462400016,2022-11-03T08:00:00.016000+00:00,0E-8,8
1667491200005,2022-11-03T16:00:00.005000+00:00,0E-8,8
1667520000000,2022-11-04T00:00:00+00:00,-0.00026514,8
1667548800004,2022-11-04T08:00:00.004000+00:00,-0.00015694,8
1667577600020,2022-11-04T16:00:00.020000+00:00,0E-8,8
1667606400009,2022-11-05T00:00:00.009000+00:00,-0.00011505,8
1667635200007,2022-11-05T08:00:00.007000+00:00,-0.00033461,8
1667664000018,2022-11-05T16:00:00.018000+00:00,0E-8,8
1667692800009,2022-11-06T00:00:00.009000+00:00,-0.00013208,8
1667721600000,2022-11-06T08:00:00+00:00,-0.00001095,8
1667750400010,2022-11-06T16:00:00.010000+00:00,0E-8,8
1667779200012,2022-11-07T00:00:00.012000+00:00,0E-8,8
1667808000014,2022-11-07T08:00:00.014000+00:00,0E-8,8
1667836800006,2022-11-07T16:00:00.006000+00:00,0E-8,8
1667865600000,2022-11-08T00:00:00+00:00,0E-8,8
1667894400001,2022-11-08T08:00:00.001000+00:00,-0.00086736,8
1667923200005,2022-11-08T16:00:00.005000+00:00,-0.00009108,8
1667952000000,2022-11-09T00:00:00+00:00,-0.00038784,8
1667980800013,2022-11-09T08:00:00.013000+00:00,-0.00020850,8
1668009600004,2022-11-09T16:00:00.004000+00:00,-0.00016051,8
1668038400006,2022-11-10T00:00:00.006000+00:00,-0.00075379,8
1668067200000,2022-11-10T08:00:00+00:00,-0.00108601,8
1668096000015,2022-11-10T16:00:00.015000+00:00,-0.00101303,8
1668124800000,2022-11-11T00:00:00+00:00,-0.00006721,8
1668153600015,2022-11-11T08:00:00.015000+00:00,-0.00012043,8
1668182400027,2022-11-11T16:00:00.027000+00:00,0E-8,8
1668211200007,2022-11-12T00:00:00.007000+00:00,0E-8,8
1668240000016,2022-11-12T08:00:00.016000+00:00,-0.00049627,8
1668268800000,2022-11-12T16:00:00+00:00,0E-8,8
1668297600004,2022-11-13T00:00:00.004000+00:00,-0.00020827,8
1668326400000,2022-11-13T08:00:00+00:00,-0.00024517,8
1668355200017,2022-11-13T16:00:00.017000+00:00,0E-8,8
1668384000000,2022-11-14T00:00:00+00:00,0E-8,8
1668412800000,2022-11-14T08:00:00+00:00,-0.00005498,8
1668441600000,2022-11-14T16:00:00+00:00,0E-8,8
1668470400014,2022-11-15T00:00:00.014000+00:00,-0.00001388,8
1668499200009,2022-11-15T08:00:00.009000+00:00,0E-8,8
1668528000010,2022-11-15T16:00:00.010000+00:00,0E-8,8
1668556800011,2022-11-16T00:00:00.011000+00:00,0E-8,8
1668585600004,2022-11-16T08:00:00.004000+00:00,0E-8,8
1668614400008,2022-11-16T16:00:00.008000+00:00,0E-8,8
1668643200000,2022-11-17T00:00:00+00:00,0E-8,8
1668672000000,2022-11-17T08:00:00+00:00,0E-8,8
1668700800006,2022-11-17T16:00:00.006000+00:00,0E-8,8
1668729600004,2022-11-18T00:00:00.004000+00:00,0E-8,8
1668758400016,2022-11-18T08:00:00.016000+00:00,-0.00008914,8
1668787200000,2022-11-18T16:00:00+00:00,-0.00003688,8
1668816000000,2022-11-19T00:00:00+00:00,0E-8,8
1668844800004,2022-11-19T08:00:00.004000+00:00,0E-8,8
1668873600024,2022-11-19T16:00:00.024000+00:00,0E-8,8
1668902400015,2022-11-20T00:00:00.015000+00:00,0E-8,8
1668931200004,2022-11-20T08:00:00.004000+00:00,0E-8,8
1668960000000,2022-11-20T16:00:00+00:00,-0.00003401,8
1668988800006,2022-11-21T00:00:00.006000+00:00,0E-8,8
1669017600015,2022-11-21T08:00:00.015000+00:00,0E-8,8
1669046400000,2022-11-21T16:00:00+00:00,0E-8,8
1669075200000,2022-11-22T00:00:00+00:00,-0.00008432,8
1669104000000,2022-11-22T08:00:00+00:00,0E-8,8
1669132800000,2022-11-22T16:00:00+00:00,0E-8,8
1669161600000,2022-11-23T00:00:00+00:00,0E-8,8
1669190400011,2022-11-23T08:00:00.011000+00:00,0E-8,8
1669219200014,2022-11-23T16:00:00.014000+00:00,-0.00089682,8
1669248000007,2022-11-24T00:00:00.007000+00:00,-0.00100198,8
1669276800014,2022-11-24T08:00:00.014000+00:00,-0.00107431,8
1669305600013,2022-11-24T16:00:00.013000+00:00,-0.00101344,8
1669334400004,2022-11-25T00:00:00.004000+00:00,-0.00105799,8
1669363200015,2022-11-25T08:00:00.015000+00:00,-0.00085920,8
1669392000000,2022-11-25T16:00:00+00:00,-0.00145540,8
1669420800011,2022-11-26T00:00:00.011000+00:00,-0.00124842,8
1669449600000,2022-11-26T08:00:00+00:00,-0.00019936,8
1669478400000,2022-11-26T16:00:00+00:00,-0.00032896,8
1669507200012,2022-11-27T00:00:00.012000+00:00,-0.00062761,8
1669536000000,2022-11-27T08:00:00+00:00,-0.00055863,8
1669564800003,2022-11-27T16:00:00.003000+00:00,-0.00064417,8
1669593600015,2022-11-28T00:00:00.015000+00:00,-0.00083112,8
1669622400004,2022-11-28T08:00:00.004000+00:00,-0.00081517,8
1669651200011,2022-11-28T16:00:00.011000+00:00,-0.00092201,8
1669680000000,2022-11-29T00:00:00+00:00,-0.00036103,8
1669708800015,2022-11-29T08:00:00.015000+00:00,-0.00016312,8
1669737600000,2022-11-29T16:00:00+00:00,-0.00021615,8
1669766400007,2022-11-30T00:00:00.007000+00:00,-0.00022113,8
1669795200000,2022-11-30T08:00:00+00:00,-0.00066434,8
1669824000015,2022-11-30T16:00:00.015000+00:00,-0.00079031,8
1669852800001,2022-12-01T00:00:00.001000+00:00,-0.00094938,8
1669881600006,2022-12-01T08:00:00.006000+00:00,-0.00149717,8
1669910400000,2022-12-01T16:00:00+00:00,-0.00021550,8
1669939200001,2022-12-02T00:00:00.001000+00:00,0E-8,8
1669968000016,2022-12-02T08:00:00.016000+00:00,0E-8,8
1669996800017,2022-12-02T16:00:00.017000+00:00,0E-8,8
1670025600006,2022-12-03T00:00:00.006000+00:00,0E-8,8
1670054400000,2022-12-03T08:00:00+00:00,0E-8,8
1670083200011,2022-12-03T16:00:00.011000+00:00,0E-8,8
1670112000006,2022-12-04T00:00:00.006000+00:00,0E-8,8
1670140800000,2022-12-04T08:00:00+00:00,0E-8,8
1670169600006,2022-12-04T16:00:00.006000+00:00,0E-8,8
1670198400002,2022-12-05T00:00:00.002000+00:00,0E-8,8
1670227200011,2022-12-05T08:00:00.011000+00:00,0E-8,8
1670256000008,2022-12-05T16:00:00.008000+00:00,0E-8,8
1670284800014,2022-12-06T00:00:00.014000+00:00,0E-8,8
1670313600027,2022-12-06T08:00:00.027000+00:00,0E-8,8
1670342400009,2022-12-06T16:00:00.009000+00:00,0E-8,8
1670371200000,2022-12-07T00:00:00+00:00,0E-8,8
1670400000000,2022-12-07T08:00:00+00:00,0E-8,8
1670428800000,2022-12-07T16:00:00+00:00,0E-8,8
1670457600006,2022-12-08T00:00:00.006000+00:00,0E-8,8
1670486400000,2022-12-08T08:00:00+00:00,0E-8,8
1670515200014,2022-12-08T16:00:00.014000+00:00,0E-8,8
1670544000017,2022-12-09T00:00:00.017000+00:00,0E-8,8
1670572800005,2022-12-09T08:00:00.005000+00:00,0E-8,8
1670601600000,2022-12-09T16:00:00+00:00,0E-8,8
1670630400009,2022-12-10T00:00:00.009000+00:00,0E-8,8
1670659200010,2022-12-10T08:00:00.010000+00:00,0E-8,8
1670688000001,2022-12-10T16:00:00.001000+00:00,0E-8,8
1670716800011,2022-12-11T00:00:00.011000+00:00,0E-8,8
1670745600007,2022-12-11T08:00:00.007000+00:00,0E-8,8
1670774400011,2022-12-11T16:00:00.011000+00:00,0E-8,8
1670803200000,2022-12-12T00:00:00+00:00,0E-8,8
1670832000004,2022-12-12T08:00:00.004000+00:00,0E-8,8
1670860800000,2022-12-12T16:00:00+00:00,0E-8,8
1670889600000,2022-12-13T00:00:00+00:00,0E-8,8
1670918400018,2022-12-13T08:00:00.018000+00:00,0E-8,8
1670947200011,2022-12-13T16:00:00.011000+00:00,0E-8,8
1670976000010,2022-12-14T00:00:00.010000+00:00,0.00002880,8
1671004800015,2022-12-14T08:00:00.015000+00:00,0.00003560,8
1671033600004,2022-12-14T16:00:00.004000+00:00,0E-8,8
1671062400000,2022-12-15T00:00:00+00:00,0E-8,8
1671091200023,2022-12-15T08:00:00.023000+00:00,0E-8,8
1671120000010,2022-12-15T16:00:00.010000+00:00,0E-8,8
1671148800016,2022-12-16T00:00:00.016000+00:00,0E-8,8
1671177600011,2022-12-16T08:00:00.011000+00:00,0E-8,8
1671206400001,2022-12-16T16:00:00.001000+00:00,-0.00002001,8
1671235200001,2022-12-17T00:00:00.001000+00:00,-0.00073517,8
1671264000011,2022-12-17T08:00:00.011000+00:00,-0.00115398,8
1671292800011,2022-12-17T16:00:00.011000+00:00,-0.00078563,8
1671321600008,2022-12-18T00:00:00.008000+00:00,-0.00029710,8
1671350400001,2022-12-18T08:00:00.001000+00:00,-0.00106050,8
1671379200012,2022-12-18T16:00:00.012000+00:00,-0.00035846,8
1671408000000,2022-12-19T00:00:00+00:00,-0.00083635,8
1671436800000,2022-12-19T08:00:00+00:00,-0.00062904,8
1671465600000,2022-12-19T16:00:00+00:00,-0.00037954,8
1671494400005,2022-12-20T00:00:00.005000+00:00,-0.00001126,8
1671523200016,2022-12-20T08:00:00.016000+00:00,-0.00014553,8
1671552000000,2022-12-20T16:00:00+00:00,-0.00018714,8
1671580800007,2022-12-21T00:00:00.007000+00:00,-0.00018950,8
1671609600012,2022-12-21T08:00:00.012000+00:00,-0.00016441,8
1671638400017,2022-12-21T16:00:00.017000+00:00,-0.00009578,8
1671667200004,2022-12-22T00:00:00.004000+00:00,-0.00020175,8
1671696000000,2022-12-22T08:00:00+00:00,-0.00037556,8
1671724800001,2022-12-22T16:00:00.001000+00:00,-0.00018387,8
1671753600018,2022-12-23T00:00:00.018000+00:00,-0.00006874,8
1671782400000,2022-12-23T08:00:00+00:00,0E-8,8
1671811200000,2022-12-23T16:00:00+00:00,-0.00015830,8
1671840000001,2022-12-24T00:00:00.001000+00:00,-0.00008702,8
1671868800007,2022-12-24T08:00:00.007000+00:00,-0.00019326,8
1671897600008,2022-12-24T16:00:00.008000+00:00,-0.00017502,8
1671926400000,2022-12-25T00:00:00+00:00,-0.00027056,8
1671955200013,2022-12-25T08:00:00.013000+00:00,-0.00021289,8
1671984000000,2022-12-25T16:00:00+00:00,-0.00023132,8
1672012800001,2022-12-26T00:00:00.001000+00:00,-0.00001749,8
1672041600000,2022-12-26T08:00:00+00:00,0E-8,8
1672070400005,2022-12-26T16:00:00.005000+00:00,-0.00003502,8
1672099200005,2022-12-27T00:00:00.005000+00:00,0E-8,8
1672128000010,2022-12-27T08:00:00.010000+00:00,0E-8,8
1672156800006,2022-12-27T16:00:00.006000+00:00,0E-8,8
1672185600010,2022-12-28T00:00:00.010000+00:00,0E-8,8
1672214400010,2022-12-28T08:00:00.010000+00:00,-0.00006104,8
1672243200010,2022-12-28T16:00:00.010000+00:00,-0.00008213,8
1672272000011,2022-12-29T00:00:00.011000+00:00,-0.00003707,8
1672300800000,2022-12-29T08:00:00+00:00,-0.00003846,8
1672329600008,2022-12-29T16:00:00.008000+00:00,0E-8,8
1672358400000,2022-12-30T00:00:00+00:00,-0.00003597,8
1672387200000,2022-12-30T08:00:00+00:00,-0.00010921,8
1672416000000,2022-12-30T16:00:00+00:00,-0.00002319,8
1672444800014,2022-12-31T00:00:00.014000+00:00,0E-8,8
1672473600000,2022-12-31T08:00:00+00:00,0E-8,8
1672502400000,2022-12-31T16:00:00+00:00,0E-8,8
1672531200000,2023-01-01T00:00:00+00:00,-0.00001050,8
1672560000008,2023-01-01T08:00:00.008000+00:00,0E-8,8
1672588800000,2023-01-01T16:00:00+00:00,0E-8,8
1672617600000,2023-01-02T00:00:00+00:00,0E-8,8
1672646400008,2023-01-02T08:00:00.008000+00:00,0E-8,8
1672675200015,2023-01-02T16:00:00.015000+00:00,-0.00007526,8
1672704000003,2023-01-03T00:00:00.003000+00:00,-0.00009889,8
1672732800018,2023-01-03T08:00:00.018000+00:00,-0.00005595,8
1672761600000,2023-01-03T16:00:00+00:00,0E-8,8
1672790400000,2023-01-04T00:00:00+00:00,0E-8,8
1672819200016,2023-01-04T08:00:00.016000+00:00,0E-8,8
1672848000011,2023-01-04T16:00:00.011000+00:00,0E-8,8
1672876800009,2023-01-05T00:00:00.009000+00:00,-0.00042886,8
1672905600011,2023-01-05T08:00:00.011000+00:00,-0.00041485,8
1672934400000,2023-01-05T16:00:00+00:00,-0.00034445,8
1672963200005,2023-01-06T00:00:00.005000+00:00,-0.00035232,8
1672992000001,2023-01-06T08:00:00.001000+00:00,-0.00014715,8
1673020800000,2023-01-06T16:00:00+00:00,-0.00021562,8
1673049600006,2023-01-07T00:00:00.006000+00:00,-0.00022972,8
1673078400017,2023-01-07T08:00:00.017000+00:00,-0.00019772,8
1673107200000,2023-01-07T16:00:00+00:00,-0.00023691,8
1673136000015,2023-01-08T00:00:00.015000+00:00,-0.00042242,8
1673164800000,2023-01-08T08:00:00+00:00,-0.00011035,8
1673193600010,2023-01-08T16:00:00.010000+00:00,0E-8,8
1673222400003,2023-01-09T00:00:00.003000+00:00,-0.00005510,8
1673251200000,2023-01-09T08:00:00+00:00,0E-8,8
1673280000006,2023-01-09T16:00:00.006000+00:00,0E-8,8
1673308800003,2023-01-10T00:00:00.003000+00:00,0E-8,8
1673337600021,2023-01-10T08:00:00.021000+00:00,0E-8,8
1673366400000,2023-01-10T16:00:00+00:00,-0.00001944,8
1673395200011,2023-01-11T00:00:00.011000+00:00,-0.00033078,8
1673424000006,2023-01-11T08:00:00.006000+00:00,-0.00010219,8
1673452800004,2023-01-11T16:00:00.004000+00:00,-0.00009478,8
1673481600000,2023-01-12T00:00:00+00:00,-0.00000773,8
1673510400000,2023-01-12T08:00:00+00:00,0E-8,8
1673539200000,2023-01-12T16:00:00+00:00,0E-8,8
1673568000004,2023-01-13T00:00:00.004000+00:00,-0.00030273,8
1673596800000,2023-01-13T08:00:00+00:00,-0.00013437,8
1673625600018,2023-01-13T16:00:00.018000+00:00,-0.00009937,8
1673654400000,2023-01-14T00:00:00+00:00,0E-8,8
1673683200001,2023-01-14T08:00:00.001000+00:00,0.00035334,8
1673712000000,2023-01-14T16:00:00+00:00,0.00011840,8
1673740800010,2023-01-15T00:00:00.010000+00:00,0.00009249,8
1673769600002,2023-01-15T08:00:00.002000+00:00,0E-8,8
1673798400000,2023-01-15T16:00:00+00:00,0E-8,8
1673827200010,2023-01-16T00:00:00.010000+00:00,0E-8,8
1673856000007,2023-01-16T08:00:00.007000+00:00,0E-8,8
1673884800000,2023-01-16T16:00:00+00:00,0E-8,8
1673913600004,2023-01-17T00:00:00.004000+00:00,0E-8,8
1673942400005,2023-01-17T08:00:00.005000+00:00,0E-8,8
1673971200001,2023-01-17T16:00:00.001000+00:00,0E-8,8
1674000000008,2023-01-18T00:00:00.008000+00:00,0E-8,8
1674028800009,2023-01-18T08:00:00.009000+00:00,0E-8,8
1674057600017,2023-01-18T16:00:00.017000+00:00,0E-8,8
1674086400000,2023-01-19T00:00:00+00:00,-0.00009679,8
1674115200015,2023-01-19T08:00:00.015000+00:00,-0.00021146,8
1674144000012,2023-01-19T16:00:00.012000+00:00,0E-8,8
1674172800000,2023-01-20T00:00:00+00:00,-0.00000795,8
1674201600000,2023-01-20T08:00:00+00:00,0E-8,8
1674230400000,2023-01-20T16:00:00+00:00,0E-8,8
1674259200013,2023-01-21T00:00:00.013000+00:00,0.00005639,8
1674288000001,2023-01-21T08:00:00.001000+00:00,0.00018200,8
1674316800016,2023-01-21T16:00:00.016000+00:00,0.00005417,8
1674345600000,2023-01-22T00:00:00+00:00,0E-8,8
1674374400000,2023-01-22T08:00:00+00:00,0.00015982,8
1674403200023,2023-01-22T16:00:00.023000+00:00,0.00010198,8
1674432000014,2023-01-23T00:00:00.014000+00:00,0.00005355,8
1674460800014,2023-01-23T08:00:00.014000+00:00,0.00008039,8
1674489600016,2023-01-23T16:00:00.016000+00:00,0.00007383,8
1674518400008,2023-01-24T00:00:00.008000+00:00,0.00015492,8
1674547200008,2023-01-24T08:00:00.008000+00:00,0.00022386,8
1674576000000,2023-01-24T16:00:00+00:00,0.00017116,8
1674604800012,2023-01-25T00:00:00.012000+00:00,0E-8,8
1674633600000,2023-01-25T08:00:00+00:00,0E-8,8
1674662400010,2023-01-25T16:00:00.010000+00:00,0E-8,8
1674691200010,2023-01-26T00:00:00.010000+00:00,0E-8,8
1674720000003,2023-01-26T08:00:00.003000+00:00,0E-8,8
1674748800020,2023-01-26T16:00:00.020000+00:00,0E-8,8
1674777600008,2023-01-27T00:00:00.008000+00:00,0E-8,8
1674806400000,2023-01-27T08:00:00+00:00,0E-8,8
1674835200000,2023-01-27T16:00:00+00:00,0E-8,8
1674864000009,2023-01-28T00:00:00.009000+00:00,0E-8,8
1674892800018,2023-01-28T08:00:00.018000+00:00,0E-8,8
1674921600005,2023-01-28T16:00:00.005000+00:00,0E-8,8
1674950400011,2023-01-29T00:00:00.011000+00:00,0E-8,8
1674979200000,2023-01-29T08:00:00+00:00,0E-8,8
1675008000008,2023-01-29T16:00:00.008000+00:00,0E-8,8
1675036800001,2023-01-30T00:00:00.001000+00:00,0E-8,8
1675065600000,2023-01-30T08:00:00+00:00,0.00002222,8
1675094400000,2023-01-30T16:00:00+00:00,0E-8,8
1675123200005,2023-01-31T00:00:00.005000+00:00,0E-8,8
1675152000000,2023-01-31T08:00:00+00:00,0E-8,8
1675180800007,2023-01-31T16:00:00.007000+00:00,0E-8,8
1675209600013,2023-02-01T00:00:00.013000+00:00,0E-8,8
1675238400000,2023-02-01T08:00:00+00:00,0E-8,8
1675267200012,2023-02-01T16:00:00.012000+00:00,0E-8,8
1675296000004,2023-02-02T00:00:00.004000+00:00,0.00003463,8
1675324800023,2023-02-02T08:00:00.023000+00:00,0.00054212,8
1675353600003,2023-02-02T16:00:00.003000+00:00,0.00017099,8
1675382400010,2023-02-03T00:00:00.010000+00:00,0.00014265,8
1675411200000,2023-02-03T08:00:00+00:00,0.00007717,8
1675440000000,2023-02-03T16:00:00+00:00,0.00004762,8
1675468800010,2023-02-04T00:00:00.010000+00:00,0E-8,8
1675497600000,2023-02-04T08:00:00+00:00,0.00006947,8
1675526400000,2023-02-04T16:00:00+00:00,0.00004705,8
1675555200016,2023-02-05T00:00:00.016000+00:00,0E-8,8
1675584000009,2023-02-05T08:00:00.009000+00:00,0E-8,8
1675612800018,2023-02-05T16:00:00.018000+00:00,0E-8,8
1675641600001,2023-02-06T00:00:00.001000+00:00,0E-8,8
1675670400000,2023-02-06T08:00:00+00:00,0E-8,8
1675699200012,2023-02-06T16:00:00.012000+00:00,0E-8,8
1675728000004,2023-02-07T00:00:00.004000+00:00,0E-8,8
1675756800011,2023-02-07T08:00:00.011000+00:00,0E-8,8
1675785600018,2023-02-07T16:00:00.018000+00:00,0E-8,8
1675814400009,2023-02-08T00:00:00.009000+00:00,0E-8,8
1675843200010,2023-02-08T08:00:00.010000+00:00,0E-8,8
1675872000000,2023-02-08T16:00:00+00:00,0E-8,8
1675900800014,2023-02-09T00:00:00.014000+00:00,0E-8,8
1675929600006,2023-02-09T08:00:00.006000+00:00,0E-8,8
1675958400001,2023-02-09T16:00:00.001000+00:00,0E-8,8
1675987200012,2023-02-10T00:00:00.012000+00:00,0E-8,8
1676016000005,2023-02-10T08:00:00.005000+00:00,0E-8,8
1676044800020,2023-02-10T16:00:00.020000+00:00,-0.00007142,8
1676073600007,2023-02-11T00:00:00.007000+00:00,-0.00023045,8
1676102400002,2023-02-11T08:00:00.002000+00:00,-0.00025716,8
1676131200021,2023-02-11T16:00:00.021000+00:00,-0.00017915,8
1676160000004,2023-02-12T00:00:00.004000+00:00,-0.00010795,8
1676188800000,2023-02-12T08:00:00+00:00,-0.00030295,8
1676217600002,2023-02-12T16:00:00.002000+00:00,-0.00026160,8
1676246400006,2023-02-13T00:00:00.006000+00:00,-0.00009963,8
1676275200008,2023-02-13T08:00:00.008000+00:00,-0.00011284,8
1676304000002,2023-02-13T16:00:00.002000+00:00,-0.00029629,8
1676332800013,2023-02-14T00:00:00.013000+00:00,-0.00019240,8
1676361600014,2023-02-14T08:00:00.014000+00:00,-0.00001819,8
1676390400016,2023-02-14T16:00:00.016000+00:00,-0.00007739,8
1676419200011,2023-02-15T00:00:00.011000+00:00,-0.00021143,8
1676448000000,2023-02-15T08:00:00+00:00,-0.00009915,8
1676476800005,2023-02-15T16:00:00.005000+00:00,-0.00007066,8
1676505600019,2023-02-16T00:00:00.019000+00:00,0E-8,8
1676534400000,2023-02-16T08:00:00+00:00,0E-8,8
1676563200001,2023-02-16T16:00:00.001000+00:00,0.00005284,8
1676592000003,2023-02-17T00:00:00.003000+00:00,0E-8,8
1676620800016,2023-02-17T08:00:00.016000+00:00,-0.00000897,8
1676649600000,2023-02-17T16:00:00+00:00,0E-8,8
1676678400011,2023-02-18T00:00:00.011000+00:00,0E-8,8
1676707200000,2023-02-18T08:00:00+00:00,0E-8,8
1676736000007,2023-02-18T16:00:00.007000+00:00,0E-8,8
1676764800019,2023-02-19T00:00:00.019000+00:00,0E-8,8
1676793600005,2023-02-19T08:00:00.005000+00:00,0E-8,8
1676822400003,2023-02-19T16:00:00.003000+00:00,0E-8,8
1676851200006,2023-02-20T00:00:00.006000+00:00,0E-8,8
1676880000008,2023-02-20T08:00:00.008000+00:00,0E-8,8
1676908800006,2023-02-20T16:00:00.006000+00:00,0E-8,8
1676937600001,2023-02-21T00:00:00.001000+00:00,0E-8,8
1676966400004,2023-02-21T08:00:00.004000+00:00,-0.00003791,8
1676995200011,2023-02-21T16:00:00.011000+00:00,-0.00004808,8
1677024000009,2023-02-22T00:00:00.009000+00:00,0E-8,8
1677052800010,2023-02-22T08:00:00.010000+00:00,-0.00000336,8
1677081600000,2023-02-22T16:00:00+00:00,-0.00012206,8
1677110400006,2023-02-23T00:00:00.006000+00:00,0E-8,8
1677139200005,2023-02-23T08:00:00.005000+00:00,0E-8,8
1677168000002,2023-02-23T16:00:00.002000+00:00,0E-8,8
1677196800015,2023-02-24T00:00:00.015000+00:00,-0.00007966,8
1677225600011,2023-02-24T08:00:00.011000+00:00,0E-8,8
1677254400014,2023-02-24T16:00:00.014000+00:00,0E-8,8
1677283200015,2023-02-25T00:00:00.015000+00:00,-0.00004132,8
1677312000015,2023-02-25T08:00:00.015000+00:00,-0.00008665,8
1677340800015,2023-02-25T16:00:00.015000+00:00,-0.00007937,8
1677369600007,2023-02-26T00:00:00.007000+00:00,-0.00014702,8
1677398400012,2023-02-26T08:00:00.012000+00:00,-0.00014221,8
1677427200000,2023-02-26T16:00:00+00:00,-0.00012253,8
1677456000011,2023-02-27T00:00:00.011000+00:00,0E-8,8
1677484800003,2023-02-27T08:00:00.003000+00:00,-0.00002797,8
1677513600000,2023-02-27T16:00:00+00:00,0E-8,8
1677542400011,2023-02-28T00:00:00.011000+00:00,-0.00011827,8
1677571200018,2023-02-28T08:00:00.018000+00:00,-0.00009561,8
1677600000005,2023-02-28T16:00:00.005000+00:00,0E-8,8
1677628800016,2023-03-01T00:00:00.016000+00:00,-0.00025319,8
1677657600000,2023-03-01T08:00:00+00:00,0E-8,8
1677686400008,2023-03-01T16:00:00.008000+00:00,0E-8,8
1677715200009,2023-03-02T00:00:00.009000+00:00,0E-8,8
1677744000013,2023-03-02T08:00:00.013000+00:00,-0.00023545,8
1677772800000,2023-03-02T16:00:00+00:00,-0.00028051,8
1677801600000,2023-03-03T00:00:00+00:00,-0.00002961,8
1677830400013,2023-03-03T08:00:00.013000+00:00,-0.00008625,8
1677859200000,2023-03-03T16:00:00+00:00,-0.00002007,8
1677888000001,2023-03-04T00:00:00.001000+00:00,-0.00003295,8
1677916800008,2023-03-04T08:00:00.008000+00:00,-0.00009138,8
1677945600012,2023-03-04T16:00:00.012000+00:00,-0.00019281,8
1677974400000,2023-03-05T00:00:00+00:00,-0.00009205,8
1678003200000,2023-03-05T08:00:00+00:00,0E-8,8
1678032000015,2023-03-05T16:00:00.015000+00:00,0E-8,8
1678060800007,2023-03-06T00:00:00.007000+00:00,-0.00003967,8
1678089600017,2023-03-06T08:00:00.017000+00:00,0E-8,8
1678118400000,2023-03-06T16:00:00+00:00,-0.00012179,8
1678147200009,2023-03-07T00:00:00.009000+00:00,-0.00020880,8
1678176000016,2023-03-07T08:00:00.016000+00:00,-0.00001876,8
1678204800017,2023-03-07T16:00:00.017000+00:00,-0.00021496,8
1678233600000,2023-03-08T00:00:00+00:00,0E-8,8
1678262400014,2023-03-08T08:00:00.014000+00:00,0E-8,8
1678291200021,2023-03-08T16:00:00.021000+00:00,0E-8,8
1678320000010,2023-03-09T00:00:00.010000+00:00,0E-8,8
1678348800013,2023-03-09T08:00:00.013000+00:00,0E-8,8
1678377600002,2023-03-09T16:00:00.002000+00:00,0E-8,8
1678406400000,2023-03-10T00:00:00+00:00,-0.00027317,8
1678435200000,2023-03-10T08:00:00+00:00,-0.00025155,8
1678464000005,2023-03-10T16:00:00.005000+00:00,-0.00018076,8
1678492800011,2023-03-11T00:00:00.011000+00:00,-0.00018120,8
1678521600003,2023-03-11T08:00:00.003000+00:00,-0.00060440,8
1678550400011,2023-03-11T16:00:00.011000+00:00,-0.00034230,8
1678579200001,2023-03-12T00:00:00.001000+00:00,0E-8,8
1678608000000,2023-03-12T08:00:00+00:00,0E-8,8
1678636800005,2023-03-12T16:00:00.005000+00:00,-0.00008385,8
1678665600010,2023-03-13T00:00:00.010000+00:00,0E-8,8
1678694400018,2023-03-13T08:00:00.018000+00:00,0E-8,8
1678723200003,2023-03-13T16:00:00.003000+00:00,0E-8,8
1678752000010,2023-03-14T00:00:00.010000+00:00,0E-8,8
1678780800009,2023-03-14T08:00:00.009000+00:00,0E-8,8
1678809600010,2023-03-14T16:00:00.010000+00:00,0.00007236,8
1678838400011,2023-03-15T00:00:00.011000+00:00,0.00012216,8
1678867200000,2023-03-15T08:00:00+00:00,0.00010347,8
1678896000012,2023-03-15T16:00:00.012000+00:00,0E-8,8
1678924800004,2023-03-16T00:00:00.004000+00:00,0E-8,8
1678953600018,2023-03-16T08:00:00.018000+00:00,0.00009329,8
1678982400005,2023-03-16T16:00:00.005000+00:00,0E-8,8
1679011200017,2023-03-17T00:00:00.017000+00:00,-0.00117649,8
1679040000010,2023-03-17T08:00:00.010000+00:00,-0.00059238,8
1679068800003,2023-03-17T16:00:00.003000+00:00,-0.00094597,8
1679097600012,2023-03-18T00:00:00.012000+00:00,-0.00129796,8
1679126400000,2023-03-18T08:00:00+00:00,-0.00099191,8
1679155200016,2023-03-18T16:00:00.016000+00:00,-0.00071668,8
1679184000013,2023-03-19T00:00:00.013000+00:00,-0.00200114,8
1679212800024,2023-03-19T08:00:00.024000+00:00,-0.00122518,8
1679241600000,2023-03-19T16:00:00+00:00,-0.00132398,8
1679270400005,2023-03-20T00:00:00.005000+00:00,-0.00208684,8
1679299200012,2023-03-20T08:00:00.012000+00:00,-0.00172668,8
1679328000015,2023-03-20T16:00:00.015000+00:00,-0.00096625,8
1679356800006,2023-03-21T00:00:00.006000+00:00,-0.00074486,8
1679385600004,2023-03-21T08:00:00.004000+00:00,-0.00138266,8
1679414400003,2023-03-21T16:00:00.003000+00:00,-0.00128311,8
1679443200000,2023-03-22T00:00:00+00:00,-0.00197057,8
1679472000003,2023-03-22T08:00:00.003000+00:00,-0.00162299,8
1679500800000,2023-03-22T16:00:00+00:00,-0.00005565,8
1679529600016,2023-03-23T00:00:00.016000+00:00,-0.00013572,8
1679558400001,2023-03-23T08:00:00.001000+00:00,0E-8,8
1679587200013,2023-03-23T16:00:00.013000+00:00,-0.00007012,8
1679616000013,2023-03-24T00:00:00.013000+00:00,-0.00048065,8
1679644800012,2023-03-24T08:00:00.012000+00:00,-0.00022313,8
1679673600027,2023-03-24T16:00:00.027000+00:00,0E-8,8
1679702400015,2023-03-25T00:00:00.015000+00:00,-0.00010615,8
1679731200011,2023-03-25T08:00:00.011000+00:00,-0.00011520,8
1679760000011,2023-03-25T16:00:00.011000+00:00,-0.00002817,8
1679788800000,2023-03-26T00:00:00+00:00,-0.00010020,8
1679817600015,2023-03-26T08:00:00.015000+00:00,0E-8,8
1679846400000,2023-03-26T16:00:00+00:00,0E-8,8
1679875200019,2023-03-27T00:00:00.019000+00:00,-0.00007754,8
1679904000009,2023-03-27T08:00:00.009000+00:00,-0.00022919,8
1679932800000,2023-03-27T16:00:00+00:00,-0.00051772,8
1679961600007,2023-03-28T00:00:00.007000+00:00,-0.00070515,8
1679990400000,2023-03-28T08:00:00+00:00,-0.00010119,8
1680019200013,2023-03-28T16:00:00.013000+00:00,0E-8,8
1680048000010,2023-03-29T00:00:00.010000+00:00,-0.00006976,8
1680076800006,2023-03-29T08:00:00.006000+00:00,0E-8,8
1680105600014,2023-03-29T16:00:00.014000+00:00,-0.00002235,8
1680134400000,2023-03-30T00:00:00+00:00,0E-8,8
1680163200000,2023-03-30T08:00:00+00:00,-0.00004867,8
1680192000006,2023-03-30T16:00:00.006000+00:00,-0.00012381,8
1680220800003,2023-03-31T00:00:00.003000+00:00,-0.00035389,8
1680249600006,2023-03-31T08:00:00.006000+00:00,-0.00038577,8
1680278400011,2023-03-31T16:00:00.011000+00:00,-0.00014589,8
1680307200000,2023-04-01T00:00:00+00:00,-0.00079807,8
1680336000000,2023-04-01T08:00:00+00:00,-0.00018883,8
1680364800018,2023-04-01T16:00:00.018000+00:00,-0.00004123,8
1680393600013,2023-04-02T00:00:00.013000+00:00,-0.00029164,8
1680422400014,2023-04-02T08:00:00.014000+00:00,-0.00021911,8
1680451200001,2023-04-02T16:00:00.001000+00:00,-0.00014268,8
1680480000000,2023-04-03T00:00:00+00:00,-0.00043290,8
1680508800013,2023-04-03T08:00:00.013000+00:00,-0.00002311,8
1680537600011,2023-04-03T16:00:00.011000+00:00,-0.00020305,8
1680566400002,2023-04-04T00:00:00.002000+00:00,-0.00067885,8
1680595200017,2023-04-04T08:00:00.017000+00:00,-0.00007503,8
1680624000008,2023-04-04T16:00:00.008000+00:00,0E-8,8
1680652800000,2023-04-05T00:00:00+00:00,0E-8,8
1680681600016,2023-04-05T08:00:00.016000+00:00,0E-8,8
1680710400004,2023-04-05T16:00:00.004000+00:00,0E-8,8
1680739200000,2023-04-06T00:00:00+00:00,0E-8,8
1680768000011,2023-04-06T08:00:00.011000+00:00,0E-8,8
1680796800000,2023-04-06T16:00:00+00:00,0E-8,8
1680825600006,2023-04-07T00:00:00.006000+00:00,-0.00011020,8
1680854400005,2023-04-07T08:00:00.005000+00:00,-0.00034537,8
1680883200000,2023-04-07T16:00:00+00:00,-0.00005462,8
1680912000000,2023-04-08T00:00:00+00:00,-0.00005522,8
1680940800014,2023-04-08T08:00:00.014000+00:00,0E-8,8
1680969600018,2023-04-08T16:00:00.018000+00:00,0E-8,8
1680998400013,2023-04-09T00:00:00.013000+00:00,0E-8,8
1681027200024,2023-04-09T08:00:00.024000+00:00,0E-8,8
1681056000010,2023-04-09T16:00:00.010000+00:00,0E-8,8
1681084800000,2023-04-10T00:00:00+00:00,0E-8,8
1681113600010,2023-04-10T08:00:00.010000+00:00,0E-8,8
1681142400006,2023-04-10T16:00:00.006000+00:00,0E-8,8
1681171200008,2023-04-11T00:00:00.008000+00:00,-0.00012022,8
1681200000007,2023-04-11T08:00:00.007000+00:00,0.00007404,8
1681228800016,2023-04-11T16:00:00.016000+00:00,0.00002760,8
1681257600006,2023-04-12T00:00:00.006000+00:00,0E-8,8
1681286400008,2023-04-12T08:00:00.008000+00:00,0E-8,8
1681315200014,2023-04-12T16:00:00.014000+00:00,0E-8,8
1681344000027,2023-04-13T00:00:00.027000+00:00,0E-8,8
1681372800010,2023-04-13T08:00:00.010000+00:00,0E-8,8
1681401600000,2023-04-13T16:00:00+00:00,0.00001014,8
1681430400001,2023-04-14T00:00:00.001000+00:00,0.00001185,8
1681459200008,2023-04-14T08:00:00.008000+00:00,0.00024230,8
1681488000007,2023-04-14T16:00:00.007000+00:00,0.00005877,8
1681516800007,2023-04-15T00:00:00.007000+00:00,0E-8,8
1681545600007,2023-04-15T08:00:00.007000+00:00,0.00000350,8
1681574400011,2023-04-15T16:00:00.011000+00:00,0.00030622,8
1681603200014,2023-04-16T00:00:00.014000+00:00,0.00006872,8
1681632000007,2023-04-16T08:00:00.007000+00:00,0.00009232,8
1681660800002,2023-04-16T16:00:00.002000+00:00,0.00045468,8
1681689600017,2023-04-17T00:00:00.017000+00:00,0.00029290,8
1681718400006,2023-04-17T08:00:00.006000+00:00,0.00024300,8
1681747200000,2023-04-17T16:00:00+00:00,0.00023012,8
1681776000013,2023-04-18T00:00:00.013000+00:00,0.00023453,8
1681804800017,2023-04-18T08:00:00.017000+00:00,0.00007434,8
1681833600000,2023-04-18T16:00:00+00:00,0E-8,8
1681862400022,2023-04-19T00:00:00.022000+00:00,0E-8,8
1681891200014,2023-04-19T08:00:00.014000+00:00,0E-8,8
1681920000000,2023-04-19T16:00:00+00:00,0E-8,8
1681948800010,2023-04-20T00:00:00.010000+00:00,0E-8,8
1681977600012,2023-04-20T08:00:00.012000+00:00,0E-8,8
1682006400012,2023-04-20T16:00:00.012000+00:00,0E-8,8
1682035200009,2023-04-21T00:00:00.009000+00:00,0E-8,8
1682064000009,2023-04-21T08:00:00.009000+00:00,0E-8,8
1682092800003,2023-04-21T16:00:00.003000+00:00,-0.00010197,8
1682121600000,2023-04-22T00:00:00+00:00,-0.00018080,8
1682150400000,2023-04-22T08:00:00+00:00,-0.00039367,8
1682179200016,2023-04-22T16:00:00.016000+00:00,-0.00008421,8
1682208000009,2023-04-23T00:00:00.009000+00:00,-0.00047608,8
1682236800020,2023-04-23T08:00:00.020000+00:00,-0.00050601,8
1682265600007,2023-04-23T16:00:00.007000+00:00,-0.00073647,8
1682294400000,2023-04-24T00:00:00+00:00,-0.00032731,8
1682323200008,2023-04-24T08:00:00.008000+00:00,-0.00079834,8
1682352000006,2023-04-24T16:00:00.006000+00:00,-0.00089166,8
1682380800014,2023-04-25T00:00:00.014000+00:00,-0.00079578,8
1682409600009,2023-04-25T08:00:00.009000+00:00,-0.00102839,8
1682438400015,2023-04-25T16:00:00.015000+00:00,-0.00083442,8
1682467200015,2023-04-26T00:00:00.015000+00:00,-0.00065033,8
1682496000013,2023-04-26T08:00:00.013000+00:00,-0.00054850,8
1682524800001,2023-04-26T16:00:00.001000+00:00,-0.00052030,8
1682553600014,2023-04-27T00:00:00.014000+00:00,-0.00116648,8
1682582400008,2023-04-27T08:00:00.008000+00:00,-0.00064239,8
1682611200005,2023-04-27T16:00:00.005000+00:00,-0.00070822,8
1682640000011,2023-04-28T00:00:00.011000+00:00,-0.00101999,8
1682668800007,2023-04-28T08:00:00.007000+00:00,-0.00194664,8
1682697600006,2023-04-28T16:00:00.006000+00:00,0E-8,8
1682726400004,2023-04-29T00:00:00.004000+00:00,-0.00011978,8
1682755200016,2023-04-29T08:00:00.016000+00:00,0E-8,8
1682784000001,2023-04-29T16:00:00.001000+00:00,-0.00018576,8
1682812800008,2023-04-30T00:00:00.008000+00:00,-0.00012369,8
1682841600000,2023-04-30T08:00:00+00:00,0E-8,8
1682870400010,2023-04-30T16:00:00.010000+00:00,0E-8,8
1682899200004,2023-05-01T00:00:00.004000+00:00,-0.00105825,8
1682928000008,2023-05-01T08:00:00.008000+00:00,-0.00094339,8
1682956800014,2023-05-01T16:00:00.014000+00:00,-0.00120421,8
1682985600015,2023-05-02T00:00:00.015000+00:00,-0.00149947,8
1683014400018,2023-05-02T08:00:00.018000+00:00,-0.00126006,8
1683043200000,2023-05-02T16:00:00+00:00,-0.00119084,8
1683072000009,2023-05-03T00:00:00.009000+00:00,-0.00146523,8
1683100800003,2023-05-03T08:00:00.003000+00:00,0E-8,8
1683129600011,2023-05-03T16:00:00.011000+00:00,0E-8,8
1683158400000,2023-05-04T00:00:00+00:00,0E-8,8
1683187200000,2023-05-04T08:00:00+00:00,0E-8,8
1683216000011,2023-05-04T16:00:00.011000+00:00,-0.00002435,8
1683244800002,2023-05-05T00:00:00.002000+00:00,0E-8,8
1683273600000,2023-05-05T08:00:00+00:00,-0.00004602,8
1683302400000,2023-05-05T16:00:00+00:00,0E-8,8
1683331200009,2023-05-06T00:00:00.009000+00:00,-0.00008753,8
1683360000000,2023-05-06T08:00:00+00:00,-0.00006943,8
1683388800000,2023-05-06T16:00:00+00:00,-0.00027804,8
1683417600000,2023-05-07T00:00:00+00:00,-0.00007751,8
1683446400000,2023-05-07T08:00:00+00:00,-0.00004936,8
1683475200006,2023-05-07T16:00:00.006000+00:00,-0.00010733,8
1683504000000,2023-05-08T00:00:00+00:00,-0.00010221,8
1683532800007,2023-05-08T08:00:00.007000+00:00,-0.00035917,8
1683561600015,2023-05-08T16:00:00.015000+00:00,-0.00025582,8
1683590400015,2023-05-09T00:00:00.015000+00:00,-0.00022409,8
1683619200000,2023-05-09T08:00:00+00:00,-0.00036709,8
1683648000000,2023-05-09T16:00:00+00:00,-0.00032443,8
1683676800007,2023-05-10T00:00:00.007000+00:00,-0.00008759,8
1683705600003,2023-05-10T08:00:00.003000+00:00,-0.00004315,8
1683734400000,2023-05-10T16:00:00+00:00,-0.00058032,8
1683763200011,2023-05-11T00:00:00.011000+00:00,-0.00003111,8
1683792000000,2023-05-11T08:00:00+00:00,0E-8,8
1683820800005,2023-05-11T16:00:00.005000+00:00,-0.00028224,8
1683849600020,2023-05-12T00:00:00.020000+00:00,-0.00036925,8
1683878400001,2023-05-12T08:00:00.001000+00:00,0E-8,8
1683907200010,2023-05-12T16:00:00.010000+00:00,-0.00008151,8
1683936000000,2023-05-13T00:00:00+00:00,-0.00007953,8
1683964800000,2023-05-13T08:00:00+00:00,0E-8,8
1683993600026,2023-05-13T16:00:00.026000+00:00,-0.00002203,8
1684022400029,2023-05-14T00:00:00.029000+00:00,0E-8,8
1684051200010,2023-05-14T08:00:00.010000+00:00,0E-8,8
1684080000008,2023-05-14T16:00:00.008000+00:00,0E-8,8
1684108800006,2023-05-15T00:00:00.006000+00:00,-0.00018597,8
1684137600005,2023-05-15T08:00:00.005000+00:00,0E-8,8
1684166400008,2023-05-15T16:00:00.008000+00:00,0E-8,8
1684195200021,2023-05-16T00:00:00.021000+00:00,-0.00004595,8
1684224000000,2023-05-16T08:00:00+00:00,-0.00001285,8
1684252800000,2023-05-16T16:00:00+00:00,-0.00006776,8
1684281600010,2023-05-17T00:00:00.010000+00:00,-0.00004674,8
1684310400000,2023-05-17T08:00:00+00:00,0E-8,8
1684339200001,2023-05-17T16:00:00.001000+00:00,-0.00001822,8
1684368000000,2023-05-18T00:00:00+00:00,0E-8,8
1684396800026,2023-05-18T08:00:00.026000+00:00,0E-8,8
1684425600019,2023-05-18T16:00:00.019000+00:00,0E-8,8
1684454400000,2023-05-19T00:00:00+00:00,0E-8,8
1684483200002,2023-05-19T08:00:00.002000+00:00,0E-8,8
1684512000000,2023-05-19T16:00:00+00:00,0E-8,8
1684540800005,2023-05-20T00:00:00.005000+00:00,-0.00000592,8
1684569600014,2023-05-20T08:00:00.014000+00:00,0E-8,8
1684598400020,2023-05-20T16:00:00.020000+00:00,0E-8,8
1684627200014,2023-05-21T00:00:00.014000+00:00,0E-8,8
1684656000001,2023-05-21T08:00:00.001000+00:00,0E-8,8
1684684800015,2023-05-21T16:00:00.015000+00:00,0E-8,8
1684713600028,2023-05-22T00:00:00.028000+00:00,0E-8,8
1684742400000,2023-05-22T08:00:00+00:00,0E-8,8
1684771200012,2023-05-22T16:00:00.012000+00:00,0E-8,8
1684800000006,2023-05-23T00:00:00.006000+00:00,0E-8,8
1684828800014,2023-05-23T08:00:00.014000+00:00,0E-8,8
1684857600008,2023-05-23T16:00:00.008000+00:00,0.00000433,8
1684886400000,2023-05-24T00:00:00+00:00,0E-8,8
1684915200025,2023-05-24T08:00:00.025000+00:00,0E-8,8
1684944000008,2023-05-24T16:00:00.008000+00:00,0E-8,8
1684972800000,2023-05-25T00:00:00+00:00,0E-8,8
1685001600025,2023-05-25T08:00:00.025000+00:00,0E-8,8
1685030400016,2023-05-25T16:00:00.016000+00:00,0E-8,8
1685059200000,2023-05-26T00:00:00+00:00,0E-8,8
1685088000024,2023-05-26T08:00:00.024000+00:00,0E-8,8
1685116800012,2023-05-26T16:00:00.012000+00:00,0E-8,8
1685145600012,2023-05-27T00:00:00.012000+00:00,0E-8,8
1685174400018,2023-05-27T08:00:00.018000+00:00,0E-8,8
1685203200008,2023-05-27T16:00:00.008000+00:00,0E-8,8
1685232000017,2023-05-28T00:00:00.017000+00:00,0E-8,8
1685260800015,2023-05-28T08:00:00.015000+00:00,0E-8,8
1685289600000,2023-05-28T16:00:00+00:00,0E-8,8
1685318400000,2023-05-29T00:00:00+00:00,0E-8,8
1685347200020,2023-05-29T08:00:00.020000+00:00,0.00005509,8
1685376000011,2023-05-29T16:00:00.011000+00:00,0.00018433,8
1685404800003,2023-05-30T00:00:00.003000+00:00,0.00013253,8
1685433600000,2023-05-30T08:00:00+00:00,0.00020674,8
1685462400003,2023-05-30T16:00:00.003000+00:00,0.00010472,8
1685491200013,2023-05-31T00:00:00.013000+00:00,0E-8,8
1685520000000,2023-05-31T08:00:00+00:00,0E-8,8
1685548800000,2023-05-31T16:00:00+00:00,0E-8,8
1685577600008,2023-06-01T00:00:00.008000+00:00,0E-8,8
1685606400012,2023-06-01T08:00:00.012000+00:00,0.00008187,8
1685635200000,2023-06-01T16:00:00+00:00,0E-8,8
1685664000000,2023-06-02T00:00:00+00:00,0E-8,8
1685692800006,2023-06-02T08:00:00.006000+00:00,0.00004057,8
1685721600012,2023-06-02T16:00:00.012000+00:00,0E-8,8
1685750400000,2023-06-03T00:00:00+00:00,0.00007832,8
1685779200011,2023-06-03T08:00:00.011000+00:00,0.00004591,8
1685808000003,2023-06-03T16:00:00.003000+00:00,0.00000943,8
1685836800000,2023-06-04T00:00:00+00:00,1.7E-7,8
1685865600000,2023-06-04T08:00:00+00:00,0.00003122,8
1685894400000,2023-06-04T16:00:00+00:00,0.00016004,8
1685923200005,2023-06-05T00:00:00.005000+00:00,0.00010125,8
1685952000000,2023-06-05T08:00:00+00:00,0E-8,8
1685980800000,2023-06-05T16:00:00+00:00,0E-8,8
1686009600000,2023-06-06T00:00:00+00:00,0E-8,8
1686038400009,2023-06-06T08:00:00.009000+00:00,0E-8,8
1686067200013,2023-06-06T16:00:00.013000+00:00,0E-8,8
1686096000000,2023-06-07T00:00:00+00:00,0E-8,8
1686124800016,2023-06-07T08:00:00.016000+00:00,0E-8,8
1686153600000,2023-06-07T16:00:00+00:00,0E-8,8
1686182400006,2023-06-08T00:00:00.006000+00:00,0E-8,8
1686211200000,2023-06-08T08:00:00+00:00,0E-8,8
1686240000000,2023-06-08T16:00:00+00:00,0E-8,8
1686268800000,2023-06-09T00:00:00+00:00,0E-8,8
1686297600000,2023-06-09T08:00:00+00:00,0E-8,8
1686326400000,2023-06-09T16:00:00+00:00,0E-8,8
1686355200000,2023-06-10T00:00:00+00:00,0.00002811,8
1686384000000,2023-06-10T08:00:00+00:00,-0.00036574,8
1686412800000,2023-06-10T16:00:00+00:00,-0.00002163,8
1686441600001,2023-06-11T00:00:00.001000+00:00,0E-8,8
1686470400000,2023-06-11T08:00:00+00:00,-0.00018089,8
1686499200000,2023-06-11T16:00:00+00:00,-0.00028735,8
1686528000000,2023-06-12T00:00:00+00:00,0E-8,8
1686556800000,2023-06-12T08:00:00+00:00,-0.00070002,8
1686585600001,2023-06-12T16:00:00.001000+00:00,-0.00006726,8
1686614400000,2023-06-13T00:00:00+00:00,0E-8,8
1686643200000,2023-06-13T08:00:00+00:00,-0.00006270,8
1686672000000,2023-06-13T16:00:00+00:00,-0.00034303,8
1686700800000,2023-06-14T00:00:00+00:00,-0.00000398,8
1686729600000,2023-06-14T08:00:00+00:00,-0.00044698,8
1686758400000,2023-06-14T16:00:00+00:00,-0.00045270,8
1686787200000,2023-06-15T00:00:00+00:00,-0.00031629,8
1686816000000,2023-06-15T08:00:00+00:00,-0.00007324,8
1686844800000,2023-06-15T16:00:00+00:00,0E-8,8
1686873600000,2023-06-16T00:00:00+00:00,-0.00005371,8
1686902400000,2023-06-16T08:00:00+00:00,-0.00005605,8
1686931200000,2023-06-16T16:00:00+00:00,-0.00017727,8
1686960000000,2023-06-17T00:00:00+00:00,0E-8,8
1686988800000,2023-06-17T08:00:00+00:00,0E-8,8
1687017600000,2023-06-17T16:00:00+00:00,0E-8,8
1687046400000,2023-06-18T00:00:00+00:00,0E-8,8
1687075200000,2023-06-18T08:00:00+00:00,0E-8,8
1687104000000,2023-06-18T16:00:00+00:00,0E-8,8
1687132800000,2023-06-19T00:00:00+00:00,0E-8,8
1687161600000,2023-06-19T08:00:00+00:00,0E-8,8
1687190400000,2023-06-19T16:00:00+00:00,0E-8,8
1687219200001,2023-06-20T00:00:00.001000+00:00,0E-8,8
1687248000000,2023-06-20T08:00:00+00:00,0E-8,8
1687276800000,2023-06-20T16:00:00+00:00,0E-8,8
1687305600000,2023-06-21T00:00:00+00:00,0E-8,8
1687334400000,2023-06-21T08:00:00+00:00,0E-8,8
1687363200000,2023-06-21T16:00:00+00:00,0E-8,8
1687392000000,2023-06-22T00:00:00+00:00,0E-8,8
1687420800001,2023-06-22T08:00:00.001000+00:00,0E-8,8
1687449600000,2023-06-22T16:00:00+00:00,0E-8,8
1687478400000,2023-06-23T00:00:00+00:00,0E-8,8
1687507200000,2023-06-23T08:00:00+00:00,0E-8,8
1687536000000,2023-06-23T16:00:00+00:00,0E-8,8
1687564800000,2023-06-24T00:00:00+00:00,0.00001262,8
1687593600000,2023-06-24T08:00:00+00:00,0E-8,8
1687622400000,2023-06-24T16:00:00+00:00,0E-8,8
1687651200000,2023-06-25T00:00:00+00:00,0E-8,8
1687680000000,2023-06-25T08:00:00+00:00,0E-8,8
1687708800000,2023-06-25T16:00:00+00:00,0E-8,8
1687737600000,2023-06-26T00:00:00+00:00,0E-8,8
1687766400000,2023-06-26T08:00:00+00:00,0E-8,8
1687795200000,2023-06-26T16:00:00+00:00,0E-8,8
1687824000000,2023-06-27T00:00:00+00:00,0E-8,8
1687852800000,2023-06-27T08:00:00+00:00,0.00007353,8
1687881600000,2023-06-27T16:00:00+00:00,0.00004009,8
1687910400000,2023-06-28T00:00:00+00:00,0E-8,8
1687939200000,2023-06-28T08:00:00+00:00,0E-8,8
1687968000000,2023-06-28T16:00:00+00:00,0E-8,8
1687996800000,2023-06-29T00:00:00+00:00,0E-8,8
1688025600000,2023-06-29T08:00:00+00:00,0E-8,8
1688054400000,2023-06-29T16:00:00+00:00,0E-8,8
1688083200000,2023-06-30T00:00:00+00:00,0E-8,8
1688112000000,2023-06-30T08:00:00+00:00,0E-8,8
1688140800001,2023-06-30T16:00:00.001000+00:00,0E-8,8
1688169600000,2023-07-01T00:00:00+00:00,0.00005352,8
1688198400000,2023-07-01T08:00:00+00:00,0.00005349,8
1688227200000,2023-07-01T16:00:00+00:00,0.00014546,8
1688256000000,2023-07-02T00:00:00+00:00,0.00014716,8
1688284800000,2023-07-02T08:00:00+00:00,0.00002679,8
1688313600001,2023-07-02T16:00:00.001000+00:00,0.00023805,8
1688342400000,2023-07-03T00:00:00+00:00,0.00009255,8
1688371200000,2023-07-03T08:00:00+00:00,0.00019120,8
1688400000000,2023-07-03T16:00:00+00:00,0.00009428,8
1688428800001,2023-07-04T00:00:00.001000+00:00,0E-8,8
1688457600000,2023-07-04T08:00:00+00:00,0E-8,8
1688486400000,2023-07-04T16:00:00+00:00,0E-8,8
1688515200000,2023-07-05T00:00:00+00:00,0E-8,8
1688544000000,2023-07-05T08:00:00+00:00,0E-8,8
1688572800000,2023-07-05T16:00:00+00:00,0E-8,8
1688601600000,2023-07-06T00:00:00+00:00,0E-8,8
1688630400000,2023-07-06T08:00:00+00:00,0E-8,8
1688659200000,2023-07-06T16:00:00+00:00,0E-8,8
1688688000000,2023-07-07T00:00:00+00:00,-0.00046009,8
1688716800000,2023-07-07T08:00:00+00:00,-0.00016651,8
1688745600000,2023-07-07T16:00:00+00:00,-0.00009253,8
1688774400000,2023-07-08T00:00:00+00:00,-0.00009236,8
1688803200000,2023-07-08T08:00:00+00:00,-0.00007741,8
1688832000000,2023-07-08T16:00:00+00:00,0E-8,8
1688860800000,2023-07-09T00:00:00+00:00,-0.00000491,8
1688889600000,2023-07-09T08:00:00+00:00,0E-8,8
1688918400000,2023-07-09T16:00:00+00:00,-0.00008229,8
1688947200000,2023-07-10T00:00:00+00:00,-0.00012524,8
1688976000000,2023-07-10T08:00:00+00:00,-0.00000439,8
1689004800000,2023-07-10T16:00:00+00:00,-0.00012535,8
1689033600000,2023-07-11T00:00:00+00:00,-0.00025923,8
1689062400000,2023-07-11T08:00:00+00:00,-0.00074001,8
1689091200000,2023-07-11T16:00:00+00:00,-0.00074761,8
1689120000000,2023-07-12T00:00:00+00:00,-0.00035487,8
1689148800000,2023-07-12T08:00:00+00:00,-0.00065440,8
1689177600000,2023-07-12T16:00:00+00:00,-0.00059837,8
1689206400000,2023-07-13T00:00:00+00:00,-0.00108561,8
1689235200000,2023-07-13T08:00:00+00:00,-0.00074145,8
1689264000000,2023-07-13T16:00:00+00:00,-0.00082611,8
1689292800000,2023-07-14T00:00:00+00:00,0E-8,8
1689321600000,2023-07-14T08:00:00+00:00,-0.00042246,8
1689350400000,2023-07-14T16:00:00+00:00,-0.00049717,8
1689379200000,2023-07-15T00:00:00+00:00,-0.00116654,8
1689408000000,2023-07-15T08:00:00+00:00,-0.00054039,8
1689436800000,2023-07-15T16:00:00+00:00,-0.00067300,8
1689465600001,2023-07-16T00:00:00.001000+00:00,-0.00082346,8
1689494400000,2023-07-16T08:00:00+00:00,-0.00077424,8
1689523200000,2023-07-16T16:00:00+00:00,-0.00076813,8
1689552000000,2023-07-17T00:00:00+00:00,-0.00180248,8
1689580800000,2023-07-17T08:00:00+00:00,-0.00025688,8
1689609600000,2023-07-17T16:00:00+00:00,-0.00034131,8
1689638400000,2023-07-18T00:00:00+00:00,-0.00013206,8
1689667200000,2023-07-18T08:00:00+00:00,-0.00037172,8
1689696000000,2023-07-18T16:00:00+00:00,0E-8,8
1689724800000,2023-07-19T00:00:00+00:00,0E-8,8
1689753600000,2023-07-19T08:00:00+00:00,0.00014002,8
1689782400001,2023-07-19T16:00:00.001000+00:00,0.00010374,8
1689811200000,2023-07-20T00:00:00+00:00,0.00004559,8
1689840000000,2023-07-20T08:00:00+00:00,0.00013033,8
1689868800000,2023-07-20T16:00:00+00:00,0E-8,8
1689897600001,2023-07-21T00:00:00.001000+00:00,0.00007509,8
1689926400000,2023-07-21T08:00:00+00:00,0.00002789,8
1689955200000,2023-07-21T16:00:00+00:00,0.00024970,8
1689984000000,2023-07-22T00:00:00+00:00,0.00013559,8
1690012800000,2023-07-22T08:00:00+00:00,0.00006965,8
1690041600000,2023-07-22T16:00:00+00:00,0E-8,8
1690070400000,2023-07-23T00:00:00+00:00,0E-8,8
1690099200000,2023-07-23T08:00:00+00:00,0.00008296,8
1690128000000,2023-07-23T16:00:00+00:00,0.00007037,8
1690156800000,2023-07-24T00:00:00+00:00,0E-8,8
1690185600000,2023-07-24T08:00:00+00:00,0.00001192,8
1690214400000,2023-07-24T16:00:00+00:00,0E-8,8
1690243200000,2023-07-25T00:00:00+00:00,0E-8,8
1690272000000,2023-07-25T08:00:00+00:00,0.00008855,8
1690300800000,2023-07-25T16:00:00+00:00,0E-8,8
1690329600000,2023-07-26T00:00:00+00:00,0E-8,8
1690358400001,2023-07-26T08:00:00.001000+00:00,0.00000189,8
1690387200000,2023-07-26T16:00:00+00:00,0E-8,8
1690416000000,2023-07-27T00:00:00+00:00,0E-8,8
1690444800000,2023-07-27T08:00:00+00:00,0.00004979,8
1690473600001,2023-07-27T16:00:00.001000+00:00,0.00002458,8
1690502400000,2023-07-28T00:00:00+00:00,0.00001600,8
1690531200000,2023-07-28T08:00:00+00:00,0E-8,8
1690560000000,2023-07-28T16:00:00+00:00,0.00005712,8
1690588800000,2023-07-29T00:00:00+00:00,0E-8,8
1690617600000,2023-07-29T08:00:00+00:00,0E-8,8
1690646400001,2023-07-29T16:00:00.001000+00:00,0.00009950,8
1690675200000,2023-07-30T00:00:00+00:00,0.00004905,8
1690704000000,2023-07-30T08:00:00+00:00,0.00008003,8
1690732800000,2023-07-30T16:00:00+00:00,0.00011335,8
1690761600000,2023-07-31T00:00:00+00:00,0.00009227,8
1690790400000,2023-07-31T08:00:00+00:00,0.00007364,8
1690819200001,2023-07-31T16:00:00.001000+00:00,0.00004110,8
1690848000000,2023-08-01T00:00:00+00:00,0E-8,8
1690876800000,2023-08-01T08:00:00+00:00,0.00007317,8
1690905600000,2023-08-01T16:00:00+00:00,0.00006759,8
1690934400000,2023-08-02T00:00:00+00:00,0E-8,8
1690963200000,2023-08-02T08:00:00+00:00,0E-8,8
1690992000000,2023-08-02T16:00:00+00:00,0E-8,8
1691020800000,2023-08-03T00:00:00+00:00,0E-8,8
1691049600000,2023-08-03T08:00:00+00:00,0E-8,8
1691078400001,2023-08-03T16:00:00.001000+00:00,0E-8,8
1691107200000,2023-08-04T00:00:00+00:00,0E-8,8
1691136000000,2023-08-04T08:00:00+00:00,0E-8,8
1691164800000,2023-08-04T16:00:00+00:00,0E-8,8
1691193600000,2023-08-05T00:00:00+00:00,0E-8,8
1691222400000,2023-08-05T08:00:00+00:00,0E-8,8
1691251200001,2023-08-05T16:00:00.001000+00:00,0E-8,8
1691280000000,2023-08-06T00:00:00+00:00,0E-8,8
1691308800001,2023-08-06T08:00:00.001000+00:00,0.00001099,8
1691337600005,2023-08-06T16:00:00.005000+00:00,0E-8,8
1691366400000,2023-08-07T00:00:00+00:00,0E-8,8
1691395200000,2023-08-07T08:00:00+00:00,0E-8,8
1691424000000,2023-08-07T16:00:00+00:00,0E-8,8
1691452800000,2023-08-08T00:00:00+00:00,0E-8,8
1691481600000,2023-08-08T08:00:00+00:00,0E-8,8
1691510400000,2023-08-08T16:00:00+00:00,0E-8,8
1691539200000,2023-08-09T00:00:00+00:00,0.00015375,8
1691568000000,2023-08-09T08:00:00+00:00,0E-8,8
1691596800000,2023-08-09T16:00:00+00:00,0E-8,8
1691625600001,2023-08-10T00:00:00.001000+00:00,0E-8,8
1691654400000,2023-08-10T08:00:00+00:00,0E-8,8
1691683200000,2023-08-10T16:00:00+00:00,0E-8,8
1691712000000,2023-08-11T00:00:00+00:00,-0.00015036,8
1691740800000,2023-08-11T08:00:00+00:00,-0.00026946,8
1691769600000,2023-08-11T16:00:00+00:00,-0.00023724,8
1691798400000,2023-08-12T00:00:00+00:00,-0.00022644,8
1691827200000,2023-08-12T08:00:00+00:00,-0.00015777,8
1691856000000,2023-08-12T16:00:00+00:00,-0.00020833,8
1691884800000,2023-08-13T00:00:00+00:00,-0.00029203,8
1691913600000,2023-08-13T08:00:00+00:00,-0.00019929,8
1691942400000,2023-08-13T16:00:00+00:00,-0.00000614,8
1691971200001,2023-08-14T00:00:00.001000+00:00,-0.00003892,8
1692000000000,2023-08-14T08:00:00+00:00,-0.00004676,8
1692028800000,2023-08-14T16:00:00+00:00,-0.00000805,8
1692057600001,2023-08-15T00:00:00.001000+00:00,-0.00009711,8
1692086400000,2023-08-15T08:00:00+00:00,-0.00020066,8
1692115200000,2023-08-15T16:00:00+00:00,0E-8,8
1692144000000,2023-08-16T00:00:00+00:00,-0.00044204,8
1692172800001,2023-08-16T08:00:00.001000+00:00,-0.00016210,8
1692201600000,2023-08-16T16:00:00+00:00,-0.00044400,8
1692230400000,2023-08-17T00:00:00+00:00,-0.00027077,8
1692259200000,2023-08-17T08:00:00+00:00,0E-8,8
1692288000000,2023-08-17T16:00:00+00:00,-0.00018279,8
1692316800000,2023-08-18T00:00:00+00:00,-0.00074175,8
1692345600000,2023-08-18T08:00:00+00:00,-0.00005810,8
1692374400000,2023-08-18T16:00:00+00:00,-0.00011733,8
1692403200000,2023-08-19T00:00:00+00:00,-0.00029585,8
1692432000000,2023-08-19T08:00:00+00:00,-0.00035101,8
1692460800000,2023-08-19T16:00:00+00:00,-0.00012321,8
1692489600000,2023-08-20T00:00:00+00:00,-0.00001186,8
1692518400000,2023-08-20T08:00:00+00:00,-0.00012416,8
1692547200000,2023-08-20T16:00:00+00:00,-0.00026855,8
1692576000000,2023-08-21T00:00:00+00:00,0E-8,8
1692604800000,2023-08-21T08:00:00+00:00,-0.00034238,8
1692633600000,2023-08-21T16:00:00+00:00,-0.00073843,8
1692662400000,2023-08-22T00:00:00+00:00,-0.00011188,8
1692691200000,2023-08-22T08:00:00+00:00,-0.00008858,8
1692720000000,2023-08-22T16:00:00+00:00,-0.00084222,8
1692748800000,2023-08-23T00:00:00+00:00,-0.00051880,8
1692777600000,2023-08-23T08:00:00+00:00,0E-8,8
1692806400000,2023-08-23T16:00:00+00:00,-0.00006038,8
1692835200000,2023-08-24T00:00:00+00:00,-0.00023809,8
1692864000000,2023-08-24T08:00:00+00:00,0E-8,8
1692892800000,2023-08-24T16:00:00+00:00,0E-8,8
1692921600000,2023-08-25T00:00:00+00:00,0E-8,8
1692950400000,2023-08-25T08:00:00+00:00,0E-8,8
1692979200000,2023-08-25T16:00:00+00:00,0E-8,8
1693008000000,2023-08-26T00:00:00+00:00,0E-8,8
1693036800000,2023-08-26T08:00:00+00:00,0E-8,8
1693065600000,2023-08-26T16:00:00+00:00,0E-8,8
1693094400000,2023-08-27T00:00:00+00:00,0E-8,8
1693123200000,2023-08-27T08:00:00+00:00,0E-8,8
1693152000000,2023-08-27T16:00:00+00:00,0E-8,8
1693180800000,2023-08-28T00:00:00+00:00,0E-8,8
1693209600001,2023-08-28T08:00:00.001000+00:00,0E-8,8
1693238400001,2023-08-28T16:00:00.001000+00:00,0E-8,8
1693267200000,2023-08-29T00:00:00+00:00,0E-8,8
1693296000000,2023-08-29T08:00:00+00:00,0E-8,8
1693324800000,2023-08-29T16:00:00+00:00,0E-8,8
1693353600000,2023-08-30T00:00:00+00:00,0E-8,8
1693382400000,2023-08-30T08:00:00+00:00,0E-8,8
1693411200000,2023-08-30T16:00:00+00:00,0E-8,8
1693440000000,2023-08-31T00:00:00+00:00,0E-8,8
1693468800000,2023-08-31T08:00:00+00:00,0E-8,8
1693497600000,2023-08-31T16:00:00+00:00,0E-8,8
1693526400000,2023-09-01T00:00:00+00:00,0E-8,8
1693555200000,2023-09-01T08:00:00+00:00,0E-8,8
1693584000001,2023-09-01T16:00:00.001000+00:00,0E-8,8
1693612800000,2023-09-02T00:00:00+00:00,0E-8,8
1693641600000,2023-09-02T08:00:00+00:00,0E-8,8
1693670400000,2023-09-02T16:00:00+00:00,0E-8,8
1693699200000,2023-09-03T00:00:00+00:00,0E-8,8
1693728000000,2023-09-03T08:00:00+00:00,0E-8,8
1693756800000,2023-09-03T16:00:00+00:00,0E-8,8
1693785600000,2023-09-04T00:00:00+00:00,0E-8,8
1693814400000,2023-09-04T08:00:00+00:00,0E-8,8
1693843200000,2023-09-04T16:00:00+00:00,0E-8,8
1693872000000,2023-09-05T00:00:00+00:00,0E-8,8
1693900800000,2023-09-05T08:00:00+00:00,0E-8,8
1693929600000,2023-09-05T16:00:00+00:00,0E-8,8
1693958400000,2023-09-06T00:00:00+00:00,0E-8,8
1693987200000,2023-09-06T08:00:00+00:00,0E-8,8
1694016000001,2023-09-06T16:00:00.001000+00:00,0E-8,8
1694044800000,2023-09-07T00:00:00+00:00,0E-8,8
1694073600000,2023-09-07T08:00:00+00:00,0E-8,8
1694102400000,2023-09-07T16:00:00+00:00,0E-8,8
1694131200000,2023-09-08T00:00:00+00:00,0E-8,8
1694160000000,2023-09-08T08:00:00+00:00,0E-8,8
1694188800000,2023-09-08T16:00:00+00:00,0E-8,8
1694217600000,2023-09-09T00:00:00+00:00,0E-8,8
1694246400000,2023-09-09T08:00:00+00:00,0E-8,8
1694275200000,2023-09-09T16:00:00+00:00,0E-8,8
1694304000000,2023-09-10T00:00:00+00:00,0E-8,8
1694332800000,2023-09-10T08:00:00+00:00,0E-8,8
1694361600000,2023-09-10T16:00:00+00:00,0E-8,8
1694390400000,2023-09-11T00:00:00+00:00,0E-8,8
1694419200000,2023-09-11T08:00:00+00:00,0E-8,8
1694448000001,2023-09-11T16:00:00.001000+00:00,0E-8,8
1694476800000,2023-09-12T00:00:00+00:00,0E-8,8
1694505600000,2023-09-12T08:00:00+00:00,0E-8,8
1694534400000,2023-09-12T16:00:00+00:00,0E-8,8
1694563200000,2023-09-13T00:00:00+00:00,0E-8,8
1694592000000,2023-09-13T08:00:00+00:00,0E-8,8
1694620800000,2023-09-13T16:00:00+00:00,0E-8,8
1694649600000,2023-09-14T00:00:00+00:00,0E-8,8
1694678400001,2023-09-14T08:00:00.001000+00:00,0E-8,8
1694707200000,2023-09-14T16:00:00+00:00,0E-8,8
1694736000000,2023-09-15T00:00:00+00:00,0E-8,8
1694764800000,2023-09-15T08:00:00+00:00,-0.00005152,8
1694793600000,2023-09-15T16:00:00+00:00,0E-8,8
1694822400000,2023-09-16T00:00:00+00:00,0E-8,8
1694851200000,2023-09-16T08:00:00+00:00,0E-8,8
1694880000000,2023-09-16T16:00:00+00:00,0E-8,8
1694908800000,2023-09-17T00:00:00+00:00,0E-8,8
1694937600000,2023-09-17T08:00:00+00:00,0E-8,8
1694966400000,2023-09-17T16:00:00+00:00,0E-8,8
1694995200000,2023-09-18T00:00:00+00:00,0E-8,8
1695024000000,2023-09-18T08:00:00+00:00,0E-8,8
1695052800000,2023-09-18T16:00:00+00:00,0E-8,8
1695081600000,2023-09-19T00:00:00+00:00,0E-8,8
1695110400001,2023-09-19T08:00:00.001000+00:00,0E-8,8
1695139200000,2023-09-19T16:00:00+00:00,0.00002550,8
1695168000000,2023-09-20T00:00:00+00:00,0E-8,8
1695196800000,2023-09-20T08:00:00+00:00,0E-8,8
1695225600000,2023-09-20T16:00:00+00:00,0E-8,8
1695254400001,2023-09-21T00:00:00.001000+00:00,0E-8,8
1695283200000,2023-09-21T08:00:00+00:00,0E-8,8
1695312000000,2023-09-21T16:00:00+00:00,0E-8,8
1695340800000,2023-09-22T00:00:00+00:00,0E-8,8
1695369600000,2023-09-22T08:00:00+00:00,0E-8,8
1695398400000,2023-09-22T16:00:00+00:00,0E-8,8
1695427200000,2023-09-23T00:00:00+00:00,0E-8,8
1695456000000,2023-09-23T08:00:00+00:00,0E-8,8
1695484800000,2023-09-23T16:00:00+00:00,0E-8,8
1695513600000,2023-09-24T00:00:00+00:00,0E-8,8
1695542400000,2023-09-24T08:00:00+00:00,0E-8,8
1695571200000,2023-09-24T16:00:00+00:00,0E-8,8
1695600000000,2023-09-25T00:00:00+00:00,0E-8,8
1695628800000,2023-09-25T08:00:00+00:00,0E-8,8
1695657600000,2023-09-25T16:00:00+00:00,0E-8,8
1695686400000,2023-09-26T00:00:00+00:00,0E-8,8
1695715200000,2023-09-26T08:00:00+00:00,0.00004495,8
1695744000000,2023-09-26T16:00:00+00:00,0.00005343,8
1695772800000,2023-09-27T00:00:00+00:00,0.00002201,8
1695801600001,2023-09-27T08:00:00.001000+00:00,0.00005011,8
1695830400000,2023-09-27T16:00:00+00:00,0E-8,8
1695859200000,2023-09-28T00:00:00+00:00,0.00007853,8
1695888000000,2023-09-28T08:00:00+00:00,0.00002381,8
1695916800000,2023-09-28T16:00:00+00:00,0E-8,8
1695945600000,2023-09-29T00:00:00+00:00,0.00000545,8
1695974400000,2023-09-29T08:00:00+00:00,0E-8,8
1696003200000,2023-09-29T16:00:00+00:00,0E-8,8
1696032000000,2023-09-30T00:00:00+00:00,0E-8,8
1696060800000,2023-09-30T08:00:00+00:00,0E-8,8
1696089600000,2023-09-30T16:00:00+00:00,0E-8,8
1696118400000,2023-10-01T00:00:00+00:00,0E-8,8
1696147200000,2023-10-01T08:00:00+00:00,0.00007729,8
1696176000000,2023-10-01T16:00:00+00:00,0.00009797,8
1696204800000,2023-10-02T00:00:00+00:00,0.00005970,8
1696233600000,2023-10-02T08:00:00+00:00,0.00002968,8
1696262400000,2023-10-02T16:00:00+00:00,0.00003182,8
1696291200000,2023-10-03T00:00:00+00:00,0E-8,8
1696320000000,2023-10-03T08:00:00+00:00,0E-8,8
1696348800000,2023-10-03T16:00:00+00:00,0E-8,8
1696377600000,2023-10-04T00:00:00+00:00,0E-8,8
1696406400000,2023-10-04T08:00:00+00:00,0E-8,8
1696435200000,2023-10-04T16:00:00+00:00,0E-8,8
1696464000000,2023-10-05T00:00:00+00:00,0E-8,8
1696492800000,2023-10-05T08:00:00+00:00,0.00005114,8
1696521600001,2023-10-05T16:00:00.001000+00:00,0E-8,8
1696550400000,2023-10-06T00:00:00+00:00,0E-8,8
1696579200000,2023-10-06T08:00:00+00:00,0.00005307,8
1696608000000,2023-10-06T16:00:00+00:00,0E-8,8
1696636800000,2023-10-07T00:00:00+00:00,0E-8,8
1696665600000,2023-10-07T08:00:00+00:00,0.00005017,8
1696694400000,2023-10-07T16:00:00+00:00,0E-8,8
1696723200000,2023-10-08T00:00:00+00:00,0.00005667,8
1696752000001,2023-10-08T08:00:00.001000+00:00,0.00010022,8
1696780800000,2023-10-08T16:00:00+00:00,0E-8,8
1696809600000,2023-10-09T00:00:00+00:00,0E-8,8
1696838400000,2023-10-09T08:00:00+00:00,0E-8,8
1696867200000,2023-10-09T16:00:00+00:00,0E-8,8
1696896000000,2023-10-10T00:00:00+00:00,0E-8,8
1696924800000,2023-10-10T08:00:00+00:00,0E-8,8
1696953600000,2023-10-10T16:00:00+00:00,0E-8,8
1696982400000,2023-10-11T00:00:00+00:00,0E-8,8
1697011200000,2023-10-11T08:00:00+00:00,0E-8,8
1697040000000,2023-10-11T16:00:00+00:00,0E-8,8
1697068800000,2023-10-12T00:00:00+00:00,0E-8,8
1697097600000,2023-10-12T08:00:00+00:00,0E-8,8
1697126400000,2023-10-12T16:00:00+00:00,0E-8,8
1697155200000,2023-10-13T00:00:00+00:00,0E-8,8
1697184000000,2023-10-13T08:00:00+00:00,0E-8,8
1697212800000,2023-10-13T16:00:00+00:00,0E-8,8
1697241600000,2023-10-14T00:00:00+00:00,0E-8,8
1697270400000,2023-10-14T08:00:00+00:00,0E-8,8
1697299200000,2023-10-14T16:00:00+00:00,0E-8,8
1697328000000,2023-10-15T00:00:00+00:00,0E-8,8
1697356800000,2023-10-15T08:00:00+00:00,0E-8,8
1697385600000,2023-10-15T16:00:00+00:00,0E-8,8
1697414400000,2023-10-16T00:00:00+00:00,0E-8,8
1697443200000,2023-10-16T08:00:00+00:00,0E-8,8
1697472000000,2023-10-16T16:00:00+00:00,0.00001842,8
1697500800000,2023-10-17T00:00:00+00:00,0.00007755,8
1697529600000,2023-10-17T08:00:00+00:00,0.00010058,8
1697558400000,2023-10-17T16:00:00+00:00,0E-8,8
1697587200000,2023-10-18T00:00:00+00:00,0E-8,8
1697616000000,2023-10-18T08:00:00+00:00,0E-8,8
1697644800000,2023-10-18T16:00:00+00:00,0E-8,8
1697673600000,2023-10-19T00:00:00+00:00,0E-8,8
1697702400001,2023-10-19T08:00:00.001000+00:00,0E-8,8
1697731200000,2023-10-19T16:00:00+00:00,0E-8,8
1697760000000,2023-10-20T00:00:00+00:00,0.00006957,8
1697788800005,2023-10-20T08:00:00.005000+00:00,0.00011408,8
1697817600000,2023-10-20T16:00:00+00:00,0.00004644,8
1697846400000,2023-10-21T00:00:00+00:00,0E-8,8
1697875200000,2023-10-21T08:00:00+00:00,0.00004906,8
1697904000000,2023-10-21T16:00:00+00:00,0.00013226,8
1697932800000,2023-10-22T00:00:00+00:00,0.00014634,8
1697961600000,2023-10-22T08:00:00+00:00,0.00005499,8
1697990400000,2023-10-22T16:00:00+00:00,0.00010372,8
1698019200000,2023-10-23T00:00:00+00:00,0.00016356,8
1698048000001,2023-10-23T08:00:00.001000+00:00,0.00016456,8
1698076800001,2023-10-23T16:00:00.001000+00:00,0E-8,8
1698105600000,2023-10-24T00:00:00+00:00,0.00018908,8
1698134400000,2023-10-24T08:00:00+00:00,0.00012343,8
1698163200000,2023-10-24T16:00:00+00:00,0.00008840,8
1698192000000,2023-10-25T00:00:00+00:00,0.00009778,8
1698220800000,2023-10-25T08:00:00+00:00,0.00007814,8
1698249600001,2023-10-25T16:00:00.001000+00:00,0.00028079,8
1698278400001,2023-10-26T00:00:00.001000+00:00,0.00016568,8
1698307200000,2023-10-26T08:00:00+00:00,0.00037270,8
1698336000000,2023-10-26T16:00:00+00:00,0.00008304,8
1698364800000,2023-10-27T00:00:00+00:00,0.00008690,8
1698393600000,2023-10-27T08:00:00+00:00,0.00020316,8
1698422400000,2023-10-27T16:00:00+00:00,0.00016698,8
1698451200000,2023-10-28T00:00:00+00:00,0.00005912,8
1698480000001,2023-10-28T08:00:00.001000+00:00,0.00005005,8
1698508800000,2023-10-28T16:00:00+00:00,0E-8,8
1698537600000,2023-10-29T00:00:00+00:00,0.00001209,8
1698566400000,2023-10-29T08:00:00+00:00,0.00002392,8
1698595200000,2023-10-29T16:00:00+00:00,0.00011465,8
1698624000000,2023-10-30T00:00:00+00:00,0.00011571,8
1698652800000,2023-10-30T08:00:00+00:00,0E-8,8
1698681600000,2023-10-30T16:00:00+00:00,0.00021025,8
1698710400001,2023-10-31T00:00:00.001000+00:00,0.00019240,8
1698739200000,2023-10-31T08:00:00+00:00,0.00009373,8
1698768000000,2023-10-31T16:00:00+00:00,0.00006436,8
1698796800000,2023-11-01T00:00:00+00:00,0.00003320,8
1698825600000,2023-11-01T08:00:00+00:00,0.00009291,8
1698854400000,2023-11-01T16:00:00+00:00,0.00000657,8
1698883200001,2023-11-02T00:00:00.001000+00:00,0.00045291,8
1698912000000,2023-11-02T08:00:00+00:00,0.00023080,8
1698940800000,2023-11-02T16:00:00+00:00,0.00018876,8
1698969600000,2023-11-03T00:00:00+00:00,0.00031866,8
1698998400000,2023-11-03T08:00:00+00:00,0.00015085,8
1699027200000,2023-11-03T16:00:00+00:00,0E-8,8
1699056000000,2023-11-04T00:00:00+00:00,0.00014468,8
1699084800000,2023-11-04T08:00:00+00:00,0.00011035,8
1699113600000,2023-11-04T16:00:00+00:00,0.00020234,8
1699142400000,2023-11-05T00:00:00+00:00,0.00003718,8
1699171200000,2023-11-05T08:00:00+00:00,0.00011953,8
1699200000000,2023-11-05T16:00:00+00:00,0E-8,8
1699228800000,2023-11-06T00:00:00+00:00,0.00011560,8
1699257600001,2023-11-06T08:00:00.001000+00:00,0.00012608,8
1699286400000,2023-11-06T16:00:00+00:00,0.00028825,8
1699315200001,2023-11-07T00:00:00.001000+00:00,0.00036433,8
1699344000000,2023-11-07T08:00:00+00:00,0.00012425,8
1699372800000,2023-11-07T16:00:00+00:00,0.00018195,8
1699401600000,2023-11-08T00:00:00+00:00,0.00024655,8
1699430400000,2023-11-08T08:00:00+00:00,0.00032454,8
1699459200000,2023-11-08T16:00:00+00:00,0.00015094,8
1699488000000,2023-11-09T00:00:00+00:00,0.00002084,8
1699516800000,2023-11-09T08:00:00+00:00,0.00026824,8
1699545600000,2023-11-09T16:00:00+00:00,0.00023660,8
1699574400000,2023-11-10T00:00:00+00:00,0E-8,8
1699603200000,2023-11-10T08:00:00+00:00,0.00034888,8
1699632000000,2023-11-10T16:00:00+00:00,0.00001874,8
1699660800000,2023-11-11T00:00:00+00:00,0.00020680,8
1699689600000,2023-11-11T08:00:00+00:00,0.00028954,8
1699718400000,2023-11-11T16:00:00+00:00,0.00030396,8
1699747200000,2023-11-12T00:00:00+00:00,0.00004515,8
1699776000000,2023-11-12T08:00:00+00:00,0E-8,8
1699804800001,2023-11-12T16:00:00.001000+00:00,0.00013559,8
1699833600000,2023-11-13T00:00:00+00:00,0.00022850,8
1699862400000,2023-11-13T08:00:00+00:00,0.00014417,8
1699891200000,2023-11-13T16:00:00+00:00,0.00020254,8
1699920000000,2023-11-14T00:00:00+00:00,0.00008527,8
1699948800000,2023-11-14T08:00:00+00:00,0.00028480,8
1699977600001,2023-11-14T16:00:00.001000+00:00,0.00013910,8
1700006400000,2023-11-15T00:00:00+00:00,0.00012020,8
1700035200000,2023-11-15T08:00:00+00:00,0.00010922,8
1700064000000,2023-11-15T16:00:00+00:00,0.00020872,8
1700092800000,2023-11-16T00:00:00+00:00,0.00021605,8
1700121600000,2023-11-16T08:00:00+00:00,0.00034375,8
1700150400001,2023-11-16T16:00:00.001000+00:00,0.00004184,8
1700179200000,2023-11-17T00:00:00+00:00,0.00011211,8
1700208000001,2023-11-17T08:00:00.001000+00:00,0E-8,8
1700236800001,2023-11-17T16:00:00.001000+00:00,0E-8,8
1700265600000,2023-11-18T00:00:00+00:00,0.00009828,8
1700294400000,2023-11-18T08:00:00+00:00,7.3E-7,8
1700323200000,2023-11-18T16:00:00+00:00,0.00010103,8
1700352000000,2023-11-19T00:00:00+00:00,0.00004120,8
1700380800000,2023-11-19T08:00:00+00:00,0.00008239,8
1700409600000,2023-11-19T16:00:00+00:00,0E-8,8
1700438400000,2023-11-20T00:00:00+00:00,0E-8,8
1700467200000,2023-11-20T08:00:00+00:00,0.00015667,8
1700496000000,2023-11-20T16:00:00+00:00,0.00027553,8
1700524800000,2023-11-21T00:00:00+00:00,0.00031647,8
1700553600000,2023-11-21T08:00:00+00:00,0.00027205,8
1700582400000,2023-11-21T16:00:00+00:00,0.00016938,8
1700611200000,2023-11-22T00:00:00+00:00,0.00012860,8
1700640000000,2023-11-22T08:00:00+00:00,0.00011204,8
1700668800000,2023-11-22T16:00:00+00:00,0E-8,8
1700697600000,2023-11-23T00:00:00+00:00,0.00002091,8
1700726400000,2023-11-23T08:00:00+00:00,0.00001430,8
1700755200001,2023-11-23T16:00:00.001000+00:00,0.00016511,8
1700784000000,2023-11-24T00:00:00+00:00,0E-8,8
1700812800000,2023-11-24T08:00:00+00:00,0.00019691,8
1700841600000,2023-11-24T16:00:00+00:00,0.00002427,8
1700870400000,2023-11-25T00:00:00+00:00,0E-8,8
1700899200000,2023-11-25T08:00:00+00:00,0.00025756,8
1700928000000,2023-11-25T16:00:00+00:00,0.00014545,8
1700956800000,2023-11-26T00:00:00+00:00,0.00015030,8
1700985600000,2023-11-26T08:00:00+00:00,0.00007223,8
1701014400000,2023-11-26T16:00:00+00:00,0E-8,8
1701043200000,2023-11-27T00:00:00+00:00,0E-8,8
1701072000001,2023-11-27T08:00:00.001000+00:00,0.00015847,8
1701100800000,2023-11-27T16:00:00+00:00,0.00020207,8
1701129600000,2023-11-28T00:00:00+00:00,0.00013513,8
1701158400000,2023-11-28T08:00:00+00:00,0E-8,8
1701187200000,2023-11-28T16:00:00+00:00,0.00020157,8
1701216000001,2023-11-29T00:00:00.001000+00:00,0.00026042,8
1701244800000,2023-11-29T08:00:00+00:00,0.00006640,8
1701273600000,2023-11-29T16:00:00+00:00,0.00013501,8
1701302400000,2023-11-30T00:00:00+00:00,0.00018377,8
1701331200000,2023-11-30T08:00:00+00:00,0.00017534,8
1701360000000,2023-11-30T16:00:00+00:00,0.00026077,8
1701388800000,2023-12-01T00:00:00+00:00,0.00025738,8
1701417600000,2023-12-01T08:00:00+00:00,0.00010274,8
1701446400000,2023-12-01T16:00:00+00:00,0.00008002,8
1701475200000,2023-12-02T00:00:00+00:00,0.00016693,8
1701504000000,2023-12-02T08:00:00+00:00,0.00013631,8
1701532800000,2023-12-02T16:00:00+00:00,0.00017616,8
1701561600000,2023-12-03T00:00:00+00:00,0.00019017,8
1701590400000,2023-12-03T08:00:00+00:00,0.00022044,8
1701619200000,2023-12-03T16:00:00+00:00,0.00016106,8
1701648000000,2023-12-04T00:00:00+00:00,0.00032083,8
1701676800000,2023-12-04T08:00:00+00:00,0.00035922,8
1701705600000,2023-12-04T16:00:00+00:00,0.00005577,8
1701734400000,2023-12-05T00:00:00+00:00,0.00018187,8
1701763200000,2023-12-05T08:00:00+00:00,0E-8,8
1701792000000,2023-12-05T16:00:00+00:00,0.00009039,8
1701820800000,2023-12-06T00:00:00+00:00,0.00019828,8
1701849600000,2023-12-06T08:00:00+00:00,0.00023706,8
1701878400000,2023-12-06T16:00:00+00:00,0.00020088,8
1701907200000,2023-12-07T00:00:00+00:00,0.00019185,8
1701936000000,2023-12-07T08:00:00+00:00,0.00031347,8
1701964800000,2023-12-07T16:00:00+00:00,0.00027723,8
1701993600000,2023-12-08T00:00:00+00:00,0.00038437,8
1702022400000,2023-12-08T08:00:00+00:00,0.00044477,8
1702051200000,2023-12-08T16:00:00+00:00,0.00040557,8
1702080000000,2023-12-09T00:00:00+00:00,0.00056478,8
1702108800000,2023-12-09T08:00:00+00:00,0.00046081,8
1702137600000,2023-12-09T16:00:00+00:00,0.00034844,8
1702166400000,2023-12-10T00:00:00+00:00,0.00030973,8
1702195200000,2023-12-10T08:00:00+00:00,0.00025556,8
1702224000000,2023-12-10T16:00:00+00:00,0.00026895,8
1702252800000,2023-12-11T00:00:00+00:00,0.00033978,8
1702281600000,2023-12-11T08:00:00+00:00,0.00009472,8
1702310400000,2023-12-11T16:00:00+00:00,0.00008780,8
1702339200000,2023-12-12T00:00:00+00:00,0E-8,8
1702368000000,2023-12-12T08:00:00+00:00,0E-8,8
1702396800000,2023-12-12T16:00:00+00:00,0E-8,8
1702425600000,2023-12-13T00:00:00+00:00,-0.00052326,8
1702454400000,2023-12-13T08:00:00+00:00,-0.00022655,8
1702483200001,2023-12-13T16:00:00.001000+00:00,-0.00050377,8
1702512000000,2023-12-14T00:00:00+00:00,-0.00061075,8
1702540800000,2023-12-14T08:00:00+00:00,-0.00017671,8
1702569600000,2023-12-14T16:00:00+00:00,-0.00057153,8
1702598400000,2023-12-15T00:00:00+00:00,0E-8,8
1702627200000,2023-12-15T08:00:00+00:00,-0.00012952,8
1702656000000,2023-12-15T16:00:00+00:00,-0.00037110,8
1702684800000,2023-12-16T00:00:00+00:00,-0.00062037,8
1702713600000,2023-12-16T08:00:00+00:00,-0.00029789,8
1702742400001,2023-12-16T16:00:00.001000+00:00,-0.00017219,8
1702771200000,2023-12-17T00:00:00+00:00,-0.00038977,8
1702800000000,2023-12-17T08:00:00+00:00,0E-8,8
1702828800000,2023-12-17T16:00:00+00:00,0E-8,8
1702857600000,2023-12-18T00:00:00+00:00,0E-8,8
1702886400001,2023-12-18T08:00:00.001000+00:00,0.00014795,8
1702915200000,2023-12-18T16:00:00+00:00,0.00012657,8
1702944000000,2023-12-19T00:00:00+00:00,0.00008110,8
1702972800000,2023-12-19T08:00:00+00:00,0.00013199,8
1703001600000,2023-12-19T16:00:00+00:00,0E-8,8
1703030400000,2023-12-20T00:00:00+00:00,-0.00128946,8
1703059200000,2023-12-20T08:00:00+00:00,-0.00001369,8
1703088000000,2023-12-20T16:00:00+00:00,-0.00036193,8
1703116800000,2023-12-21T00:00:00+00:00,-0.00094659,8
1703145600000,2023-12-21T08:00:00+00:00,-0.00059303,8
1703174400000,2023-12-21T16:00:00+00:00,-0.00015170,8
1703203200000,2023-12-22T00:00:00+00:00,-0.00052916,8
1703232000000,2023-12-22T08:00:00+00:00,-0.00046821,8
1703260800000,2023-12-22T16:00:00+00:00,-0.00005726,8
1703289600000,2023-12-23T00:00:00+00:00,-0.00016143,8
1703318400001,2023-12-23T08:00:00.001000+00:00,-0.00021826,8
1703347200000,2023-12-23T16:00:00+00:00,-0.00101472,8
1703376000000,2023-12-24T00:00:00+00:00,-0.00063570,8
1703404800000,2023-12-24T08:00:00+00:00,-0.00004087,8
1703433600000,2023-12-24T16:00:00+00:00,-0.00011773,8
1703462400000,2023-12-25T00:00:00+00:00,-0.00058570,8
1703491200000,2023-12-25T08:00:00+00:00,-0.00016186,8
1703520000000,2023-12-25T16:00:00+00:00,0E-8,8
1703548800000,2023-12-26T00:00:00+00:00,0E-8,8
1703577600000,2023-12-26T08:00:00+00:00,0E-8,8
1703606400000,2023-12-26T16:00:00+00:00,0E-8,8
1703635200000,2023-12-27T00:00:00+00:00,0E-8,8
1703664000000,2023-12-27T08:00:00+00:00,0E-8,8
1703692800000,2023-12-27T16:00:00+00:00,-0.00082735,8
1703721600000,2023-12-28T00:00:00+00:00,-0.00100390,8
1703750400000,2023-12-28T08:00:00+00:00,-0.00047746,8
1703779200000,2023-12-28T16:00:00+00:00,-0.00114629,8
1703808000001,2023-12-29T00:00:00.001000+00:00,-0.00073016,8
1703836800000,2023-12-29T08:00:00+00:00,-0.00043385,8
1703865600000,2023-12-29T16:00:00+00:00,-0.00055142,8
1703894400001,2023-12-30T00:00:00.001000+00:00,-0.00047138,8
1703923200000,2023-12-30T08:00:00+00:00,-0.00067585,8
1703952000000,2023-12-30T16:00:00+00:00,-0.00064912,8
1703980800000,2023-12-31T00:00:00+00:00,-0.00126240,8
1704009600001,2023-12-31T08:00:00.001000+00:00,-0.00099242,8
1704038400000,2023-12-31T16:00:00+00:00,-0.00075371,8
1704067200000,2024-01-01T00:00:00+00:00,-0.00115565,8
1704096000000,2024-01-01T08:00:00+00:00,-0.00043985,8
1704124800000,2024-01-01T16:00:00+00:00,-0.00021335,8
1704153600000,2024-01-02T00:00:00+00:00,-0.00004388,8
1704182400000,2024-01-02T08:00:00+00:00,-0.00001968,8
1704211200000,2024-01-02T16:00:00+00:00,0E-8,8
1704240000000,2024-01-03T00:00:00+00:00,-0.00040129,8
1704268800000,2024-01-03T08:00:00+00:00,0E-8,8
1704297600000,2024-01-03T16:00:00+00:00,-0.00038446,8
1704326400000,2024-01-04T00:00:00+00:00,-0.00036362,8
1704355200000,2024-01-04T08:00:00+00:00,-0.00012600,8
1704384000000,2024-01-04T16:00:00+00:00,-0.00019163,8
1704412800001,2024-01-05T00:00:00.001000+00:00,-0.00073744,8
1704441600000,2024-01-05T08:00:00+00:00,-0.00058221,8
1704470400000,2024-01-05T16:00:00+00:00,-0.00096824,8
1704499200000,2024-01-06T00:00:00+00:00,-0.00118881,8
1704528000000,2024-01-06T08:00:00+00:00,-0.00082243,8
1704556800000,2024-01-06T16:00:00+00:00,-0.00088029,8
1704585600000,2024-01-07T00:00:00+00:00,-0.00098640,8
1704614400001,2024-01-07T08:00:00.001000+00:00,-0.00098181,8
1704643200001,2024-01-07T16:00:00.001000+00:00,-0.00075307,8
1704672000000,2024-01-08T00:00:00+00:00,-0.00087928,8
1704700800000,2024-01-08T08:00:00+00:00,-0.00046829,8
1704729600000,2024-01-08T16:00:00+00:00,-0.00044893,8
1704758400001,2024-01-09T00:00:00.001000+00:00,-0.00008596,8
1704787200000,2024-01-09T08:00:00+00:00,0E-8,8
1704816000000,2024-01-09T16:00:00+00:00,0E-8,8
1704844800000,2024-01-10T00:00:00+00:00,0E-8,8
1704873600000,2024-01-10T08:00:00+00:00,0E-8,8
1704902400000,2024-01-10T16:00:00+00:00,0E-8,8
1704931200000,2024-01-11T00:00:00+00:00,0E-8,8
1704960000000,2024-01-11T08:00:00+00:00,0E-8,8
1704988800000,2024-01-11T16:00:00+00:00,0E-8,8
1705017600001,2024-01-12T00:00:00.001000+00:00,0.00003989,8
1705046400000,2024-01-12T08:00:00+00:00,0.00003803,8
1705075200000,2024-01-12T16:00:00+00:00,0.00000654,8
1705104000000,2024-01-13T00:00:00+00:00,0E-8,8
1705132800000,2024-01-13T08:00:00+00:00,0E-8,8
1705161600001,2024-01-13T16:00:00.001000+00:00,0.00008384,8
1705190400000,2024-01-14T00:00:00+00:00,0E-8,8
1705219200000,2024-01-14T08:00:00+00:00,0.00012056,8
1705248000001,2024-01-14T16:00:00.001000+00:00,0E-8,8
1705276800000,2024-01-15T00:00:00+00:00,0.00005667,8
1705305600000,2024-01-15T08:00:00+00:00,0.00016931,8
1705334400000,2024-01-15T16:00:00+00:00,0E-8,8
1705363200000,2024-01-16T00:00:00+00:00,-0.00033116,8
1705392000000,2024-01-16T08:00:00+00:00,-0.00050321,8
1705420800001,2024-01-16T16:00:00.001000+00:00,-0.00036720,8
1705449600000,2024-01-17T00:00:00+00:00,-0.00049143,8
1705478400000,2024-01-17T08:00:00+00:00,-0.00002361,8
1705507200000,2024-01-17T16:00:00+00:00,-0.00056100,8
1705536000001,2024-01-18T00:00:00.001000+00:00,-0.00048308,8
1705564800000,2024-01-18T08:00:00+00:00,0E-8,8
1705593600000,2024-01-18T16:00:00+00:00,-0.00051549,8
1705622400000,2024-01-19T00:00:00+00:00,-0.00045823,8
1705651200000,2024-01-19T08:00:00+00:00,-0.00055553,8
1705680000002,2024-01-19T16:00:00.002000+00:00,-0.00041823,8
1705708800000,2024-01-20T00:00:00+00:00,-0.00040077,8
1705737600003,2024-01-20T08:00:00.003000+00:00,-0.00028879,8
1705766400000,2024-01-20T16:00:00+00:00,-0.00045503,8
1705795200000,2024-01-21T00:00:00+00:00,-0.00022406,8
1705824000000,2024-01-21T08:00:00+00:00,-0.00023041,8
1705852800000,2024-01-21T16:00:00+00:00,-0.00038554,8
1705881600000,2024-01-22T00:00:00+00:00,-0.00018874,8
1705910400000,2024-01-22T08:00:00+00:00,-0.00052527,8
1705939200000,2024-01-22T16:00:00+00:00,-0.00063548,8
1705968000000,2024-01-23T00:00:00+00:00,-0.00035380,8
1705996800000,2024-01-23T08:00:00+00:00,-0.00048935,8
1706025600000,2024-01-23T16:00:00+00:00,-0.00006590,8
1706054400000,2024-01-24T00:00:00+00:00,-0.00036932,8
1706083200000,2024-01-24T08:00:00+00:00,0E-8,8
1706112000000,2024-01-24T16:00:00+00:00,-0.00009307,8
1706140800000,2024-01-25T00:00:00+00:00,0E-8,8
1706169600001,2024-01-25T08:00:00.001000+00:00,0E-8,8
1706198400000,2024-01-25T16:00:00+00:00,0E-8,8
1706227200001,2024-01-26T00:00:00.001000+00:00,0E-8,8
1706256000000,2024-01-26T08:00:00+00:00,0E-8,8
1706284800000,2024-01-26T16:00:00+00:00,0E-8,8
1706313600000,2024-01-27T00:00:00+00:00,0E-8,8
1706342400000,2024-01-27T08:00:00+00:00,0E-8,8
1706371200000,2024-01-27T16:00:00+00:00,0E-8,8
1706400000000,2024-01-28T00:00:00+00:00,0E-8,8
1706428800000,2024-01-28T08:00:00+00:00,0E-8,8
1706457600000,2024-01-28T16:00:00+00:00,0E-8,8
1706486400000,2024-01-29T00:00:00+00:00,0E-8,8
1706515200001,2024-01-29T08:00:00.001000+00:00,0E-8,8
1706544000000,2024-01-29T16:00:00+00:00,0E-8,8
1706572800000,2024-01-30T00:00:00+00:00,0E-8,8
1706601600000,2024-01-30T08:00:00+00:00,0E-8,8
1706630400001,2024-01-30T16:00:00.001000+00:00,0E-8,8
1706659200000,2024-01-31T00:00:00+00:00,0E-8,8
1706688000000,2024-01-31T08:00:00+00:00,0E-8,8
1706716800000,2024-01-31T16:00:00+00:00,0E-8,8
1706745600000,2024-02-01T00:00:00+00:00,0E-8,8
1706774400000,2024-02-01T08:00:00+00:00,0E-8,8
1706803200002,2024-02-01T16:00:00.002000+00:00,0E-8,8
1706832000000,2024-02-02T00:00:00+00:00,0E-8,8
1706860800000,2024-02-02T08:00:00+00:00,0E-8,8
1706889600000,2024-02-02T16:00:00+00:00,0E-8,8
1706918400000,2024-02-03T00:00:00+00:00,0E-8,8
1706947200000,2024-02-03T08:00:00+00:00,0E-8,8
1706976000001,2024-02-03T16:00:00.001000+00:00,0E-8,8
1707004800000,2024-02-04T00:00:00+00:00,0E-8,8
1707033600004,2024-02-04T08:00:00.004000+00:00,0E-8,8
1707062400000,2024-02-04T16:00:00+00:00,0E-8,8
1707091200000,2024-02-05T00:00:00+00:00,0E-8,8
1707120000000,2024-02-05T08:00:00+00:00,0E-8,8
1707148800000,2024-02-05T16:00:00+00:00,-0.00005372,8
1707177600000,2024-02-06T00:00:00+00:00,0E-8,8
1707206400001,2024-02-06T08:00:00.001000+00:00,0E-8,8
1707235200000,2024-02-06T16:00:00+00:00,0E-8,8
1707264000000,2024-02-07T00:00:00+00:00,0E-8,8
1707292800000,2024-02-07T08:00:00+00:00,0E-8,8
1707321600000,2024-02-07T16:00:00+00:00,0E-8,8
1707350400000,2024-02-08T00:00:00+00:00,0E-8,8
1707379200000,2024-02-08T08:00:00+00:00,-0.00032307,8
1707408000000,2024-02-08T16:00:00+00:00,-0.00078676,8
1707436800000,2024-02-09T00:00:00+00:00,-0.00127869,8
1707465600000,2024-02-09T08:00:00+00:00,-0.00061724,8
1707494400001,2024-02-09T16:00:00.001000+00:00,-0.00053458,8
1707523200001,2024-02-10T00:00:00.001000+00:00,-0.00052153,8
1707552000000,2024-02-10T08:00:00+00:00,-0.00071137,8
1707580800000,2024-02-10T16:00:00+00:00,-0.00063224,8
1707609600000,2024-02-11T00:00:00+00:00,-0.00061914,8
1707638400001,2024-02-11T08:00:00.001000+00:00,-0.00055550,8
1707667200000,2024-02-11T16:00:00+00:00,-0.00056837,8
1707696000000,2024-02-12T00:00:00+00:00,-0.00066055,8
1707724800000,2024-02-12T08:00:00+00:00,-0.00057236,8
1707753600000,2024-02-12T16:00:00+00:00,-0.00035404,8
1707782400000,2024-02-13T00:00:00+00:00,-0.00126582,8
1707811200000,2024-02-13T08:00:00+00:00,-0.00008124,8
1707840000000,2024-02-13T16:00:00+00:00,-0.00053432,8
1707868800000,2024-02-14T00:00:00+00:00,-0.00058355,8
1707897600000,2024-02-14T08:00:00+00:00,-0.00040106,8
1707926400000,2024-02-14T16:00:00+00:00,-0.00001939,8
1707955200000,2024-02-15T00:00:00+00:00,-0.00028452,8
1707984000000,2024-02-15T08:00:00+00:00,-0.00010744,8
1708012800000,2024-02-15T16:00:00+00:00,0E-8,8
1708041600000,2024-02-16T00:00:00+00:00,0E-8,8
1708070400000,2024-02-16T08:00:00+00:00,0E-8,8
1708099200000,2024-02-16T16:00:00+00:00,-0.00011609,8
1708128000000,2024-02-17T00:00:00+00:00,0E-8,8
1708156800000,2024-02-17T08:00:00+00:00,-0.00010731,8
1708185600000,2024-02-17T16:00:00+00:00,0E-8,8
1708214400000,2024-02-18T00:00:00+00:00,-0.00015626,8
1708243200000,2024-02-18T08:00:00+00:00,-0.00023614,8
1708272000000,2024-02-18T16:00:00+00:00,-0.00007972,8
1708300800000,2024-02-19T00:00:00+00:00,0E-8,8
1708329600000,2024-02-19T08:00:00+00:00,0.00035989,8
1708358400000,2024-02-19T16:00:00+00:00,0.00019102,8
1708387200000,2024-02-20T00:00:00+00:00,0.00034939,8
1708416000000,2024-02-20T08:00:00+00:00,0.00035868,8
1708444800000,2024-02-20T16:00:00+00:00,0.00007065,8
1708473600000,2024-02-21T00:00:00+00:00,0.00002817,8
1708502400000,2024-02-21T08:00:00+00:00,0.00011590,8
1708531200000,2024-02-21T16:00:00+00:00,-0.00048781,8
1708560000001,2024-02-22T00:00:00.001000+00:00,-0.00052198,8
1708588800001,2024-02-22T08:00:00.001000+00:00,-0.00107399,8
1708617600000,2024-02-22T16:00:00+00:00,-0.00089242,8
1708646400000,2024-02-23T00:00:00+00:00,-0.00034341,8
1708675200000,2024-02-23T08:00:00+00:00,-0.00084438,8
1708704000000,2024-02-23T16:00:00+00:00,-0.00045563,8
1708732800000,2024-02-24T00:00:00+00:00,-0.00071438,8
1708761600001,2024-02-24T08:00:00.001000+00:00,-0.00055304,8
1708790400000,2024-02-24T16:00:00+00:00,-0.00081788,8
1708819200001,2024-02-25T00:00:00.001000+00:00,-0.00096796,8
1708848000000,2024-02-25T08:00:00+00:00,-0.00076198,8
1708876800000,2024-02-25T16:00:00+00:00,-0.00028782,8
1708905600000,2024-02-26T00:00:00+00:00,-0.00017368,8
1708934400000,2024-02-26T08:00:00+00:00,-0.00031171,8
1708963200000,2024-02-26T16:00:00+00:00,-0.00001649,8
1708992000000,2024-02-27T00:00:00+00:00,0E-8,8
1709020800000,2024-02-27T08:00:00+00:00,-0.00022191,8
1709049600000,2024-02-27T16:00:00+00:00,-0.00042917,8
1709078400000,2024-02-28T00:00:00+00:00,-0.00062227,8
1709107200000,2024-02-28T08:00:00+00:00,-0.00064429,8
1709136000000,2024-02-28T16:00:00+00:00,0E-8,8
1709164800000,2024-02-29T00:00:00+00:00,0E-8,8
1709193600000,2024-02-29T08:00:00+00:00,0.00059364,8
1709222400000,2024-02-29T16:00:00+00:00,0.00062688,8
1709251200000,2024-03-01T00:00:00+00:00,0.00022580,8
1709280000000,2024-03-01T08:00:00+00:00,0.00056193,8
1709308800000,2024-03-01T16:00:00+00:00,0.00029595,8
1709337600000,2024-03-02T00:00:00+00:00,0.00045091,8
1709366400001,2024-03-02T08:00:00.001000+00:00,0.00060239,8
1709395200000,2024-03-02T16:00:00+00:00,0.00060028,8
1709424000000,2024-03-03T00:00:00+00:00,0.00062465,8
1709452800000,2024-03-03T08:00:00+00:00,0.00056194,8
1709481600000,2024-03-03T16:00:00+00:00,0.00059759,8
1709510400000,2024-03-04T00:00:00+00:00,0.00052271,8
1709539200000,2024-03-04T08:00:00+00:00,0.00066328,8
1709568000000,2024-03-04T16:00:00+00:00,0.00048318,8
1709596800000,2024-03-05T00:00:00+00:00,0.00045848,8
1709625600000,2024-03-05T08:00:00+00:00,0.00100171,8
1709654400000,2024-03-05T16:00:00+00:00,0.00068298,8
1709683200000,2024-03-06T00:00:00+00:00,0E-8,8
1709712000001,2024-03-06T08:00:00.001000+00:00,0.00021672,8
1709740800000,2024-03-06T16:00:00+00:00,0.00003112,8
1709769600000,2024-03-07T00:00:00+00:00,0E-8,8
1709798400000,2024-03-07T08:00:00+00:00,0.00017842,8
1709827200000,2024-03-07T16:00:00+00:00,0.00001547,8
1709856000000,2024-03-08T00:00:00+00:00,0E-8,8
1709884800000,2024-03-08T08:00:00+00:00,0E-8,8
1709913600000,2024-03-08T16:00:00+00:00,-0.00001113,8
1709942400000,2024-03-09T00:00:00+00:00,-0.00012383,8
1709971200001,2024-03-09T08:00:00.001000+00:00,-0.00019497,8
1710000000000,2024-03-09T16:00:00+00:00,-0.00023847,8
1710028800000,2024-03-10T00:00:00+00:00,-0.00006201,8
1710057600000,2024-03-10T08:00:00+00:00,0E-8,8
1710086400000,2024-03-10T16:00:00+00:00,0.00036256,8
1710115200000,2024-03-11T00:00:00+00:00,0E-8,8
1710144000000,2024-03-11T08:00:00+00:00,0.00002344,8
1710172800000,2024-03-11T16:00:00+00:00,0.00007373,8
1710201600000,2024-03-12T00:00:00+00:00,0.00019661,8
1710230400000,2024-03-12T08:00:00+00:00,0.00055550,8
1710259200000,2024-03-12T16:00:00+00:00,0.00006989,8
1710288000000,2024-03-13T00:00:00+00:00,0.00034905,8
1710316800001,2024-03-13T08:00:00.001000+00:00,0.00064319,8
1710345600000,2024-03-13T16:00:00+00:00,0.00067750,8
1710374400001,2024-03-14T00:00:00.001000+00:00,0.00035646,8
1710403200000,2024-03-14T08:00:00+00:00,0.00044008,8
1710432000000,2024-03-14T16:00:00+00:00,0.00060290,8
1710460800000,2024-03-15T00:00:00+00:00,0.00011662,8
1710489600000,2024-03-15T08:00:00+00:00,0.00012984,8
1710518400000,2024-03-15T16:00:00+00:00,0E-8,8
1710547200000,2024-03-16T00:00:00+00:00,0.00013785,8
1710576000000,2024-03-16T08:00:00+00:00,0.00024537,8
1710604800000,2024-03-16T16:00:00+00:00,0.00016812,8
1710633600000,2024-03-17T00:00:00+00:00,0.00009557,8
1710662400000,2024-03-17T08:00:00+00:00,0E-8,8
1710691200000,2024-03-17T16:00:00+00:00,0E-8,8
1710720000000,2024-03-18T00:00:00+00:00,0E-8,8
1710748800000,2024-03-18T08:00:00+00:00,0.00015708,8
1710777600001,2024-03-18T16:00:00.001000+00:00,0E-8,8
1710806400000,2024-03-19T00:00:00+00:00,0.00010433,8
1710835200000,2024-03-19T08:00:00+00:00,0.00019074,8
1710864000001,2024-03-19T16:00:00.001000+00:00,0.00023778,8
1710892800000,2024-03-20T00:00:00+00:00,0.00021487,8
1710921600004,2024-03-20T08:00:00.004000+00:00,0.00022256,8
1710950400000,2024-03-20T16:00:00+00:00,0.00009585,8
1710979200000,2024-03-21T00:00:00+00:00,0.00002546,8
1711008000000,2024-03-21T08:00:00+00:00,0.00013122,8
1711036800000,2024-03-21T16:00:00+00:00,0E-8,8
1711065600000,2024-03-22T00:00:00+00:00,0.00017388,8
1711094400000,2024-03-22T08:00:00+00:00,0.00006837,8
1711123200000,2024-03-22T16:00:00+00:00,0.00014159,8
1711152000000,2024-03-23T00:00:00+00:00,0.00014453,8
1711180800000,2024-03-23T08:00:00+00:00,0.00016838,8
1711209600000,2024-03-23T16:00:00+00:00,0E-8,8
1711238400000,2024-03-24T00:00:00+00:00,0E-8,8
1711267200000,2024-03-24T08:00:00+00:00,0.00021139,8
1711296000000,2024-03-24T16:00:00+00:00,0.00020733,8
1711324800000,2024-03-25T00:00:00+00:00,0.00021885,8
1711353600001,2024-03-25T08:00:00.001000+00:00,0.00024982,8
1711382400000,2024-03-25T16:00:00+00:00,0.00025865,8
1711411200000,2024-03-26T00:00:00+00:00,0.00029097,8
1711440000000,2024-03-26T08:00:00+00:00,0.00037308,8
1711468800000,2024-03-26T16:00:00+00:00,0.00039806,8
1711497600000,2024-03-27T00:00:00+00:00,0.00031573,8
1711526400001,2024-03-27T08:00:00.001000+00:00,0.00036491,8
1711555200000,2024-03-27T16:00:00+00:00,0.00033014,8
1711584000000,2024-03-28T00:00:00+00:00,0.00042862,8
1711612800000,2024-03-28T08:00:00+00:00,0.00051984,8
1711641600000,2024-03-28T16:00:00+00:00,0.00039289,8
1711670400000,2024-03-29T00:00:00+00:00,0.00036592,8
1711699200000,2024-03-29T08:00:00+00:00,0.00041300,8
1711728000000,2024-03-29T16:00:00+00:00,0.00025390,8
1711756800000,2024-03-30T00:00:00+00:00,0E-8,8
1711785600000,2024-03-30T08:00:00+00:00,-0.00007709,8
1711814400000,2024-03-30T16:00:00+00:00,-0.00037404,8
1711843200000,2024-03-31T00:00:00+00:00,-0.00005921,8
1711872000000,2024-03-31T08:00:00+00:00,-0.00039080,8
1711900800001,2024-03-31T16:00:00.001000+00:00,0E-8,8
1711929600000,2024-04-01T00:00:00+00:00,0E-8,8
1711958400000,2024-04-01T08:00:00+00:00,0E-8,8
1711987200000,2024-04-01T16:00:00+00:00,-0.00013645,8
1712016000007,2024-04-02T00:00:00.007000+00:00,0E-8,8
1712044800015,2024-04-02T08:00:00.015000+00:00,0.00025814,8
1712073600000,2024-04-02T16:00:00+00:00,0.00030588,8
1712102400000,2024-04-03T00:00:00+00:00,0.00025462,8
1712131200000,2024-04-03T08:00:00+00:00,0.00012544,8
1712160000000,2024-04-03T16:00:00+00:00,0.00020227,8
1712188800000,2024-04-04T00:00:00+00:00,0.00020277,8
1712217600000,2024-04-04T08:00:00+00:00,0E-8,8
1712246400000,2024-04-04T16:00:00+00:00,0E-8,8
1712275200000,2024-04-05T00:00:00+00:00,-0.00042037,8
1712304000000,2024-04-05T08:00:00+00:00,-0.00021433,8
1712332800000,2024-04-05T16:00:00+00:00,-0.00038341,8
1712361600000,2024-04-06T00:00:00+00:00,-0.00062922,8
1712390400000,2024-04-06T08:00:00+00:00,-0.00027748,8
1712419200000,2024-04-06T16:00:00+00:00,-0.00025256,8
1712448000000,2024-04-07T00:00:00+00:00,-0.00033926,8
1712476800000,2024-04-07T08:00:00+00:00,-0.00059616,8
1712505600000,2024-04-07T16:00:00+00:00,-0.00049569,8
1712534400001,2024-04-08T00:00:00.001000+00:00,-0.00019057,8
1712563200000,2024-04-08T08:00:00+00:00,-0.00038431,8
1712592000006,2024-04-08T16:00:00.006000+00:00,0E-8,8
1712620800000,2024-04-09T00:00:00+00:00,0.00015382,8
1712649600001,2024-04-09T08:00:00.001000+00:00,0.00016132,8
1712678400001,2024-04-09T16:00:00.001000+00:00,0E-8,8
1712707200000,2024-04-10T00:00:00+00:00,0.00024813,8
1712736000001,2024-04-10T08:00:00.001000+00:00,0.00019449,8
1712764800000,2024-04-10T16:00:00+00:00,0.00017250,8
1712793600000,2024-04-11T00:00:00+00:00,0.00037974,8
1712822400000,2024-04-11T08:00:00+00:00,0.00008875,8
1712851200000,2024-04-11T16:00:00+00:00,0.00020610,8
1712880000000,2024-04-12T00:00:00+00:00,0.00021027,8
1712908800001,2024-04-12T08:00:00.001000+00:00,0.00000166,8
1712937600000,2024-04-12T16:00:00+00:00,-0.00022562,8
1712966400000,2024-04-13T00:00:00+00:00,-0.00042828,8
1712995200000,2024-04-13T08:00:00+00:00,-0.00086248,8
1713024000001,2024-04-13T16:00:00.001000+00:00,-0.00056549,8
1713052800000,2024-04-14T00:00:00+00:00,-0.00088593,8
1713081600000,2024-04-14T08:00:00+00:00,-0.00045375,8
1713110400000,2024-04-14T16:00:00+00:00,-0.00042313,8
1713139200000,2024-04-15T00:00:00+00:00,-0.00044113,8
1713168000001,2024-04-15T08:00:00.001000+00:00,-0.00040679,8
1713196800000,2024-04-15T16:00:00+00:00,-0.00046815,8
1713225600001,2024-04-16T00:00:00.001000+00:00,-0.00094910,8
1713254400000,2024-04-16T08:00:00+00:00,-0.00077750,8
1713283200000,2024-04-16T16:00:00+00:00,-0.00056700,8
1713312000000,2024-04-17T00:00:00+00:00,-0.00023045,8
1713340800000,2024-04-17T08:00:00+00:00,0E-8,8
1713369600000,2024-04-17T16:00:00+00:00,0E-8,8
1713398400000,2024-04-18T00:00:00+00:00,0E-8,8
1713427200000,2024-04-18T08:00:00+00:00,0E-8,8
1713456000000,2024-04-18T16:00:00+00:00,-0.00034552,8
1713484800001,2024-04-19T00:00:00.001000+00:00,0E-8,8
1713513600000,2024-04-19T08:00:00+00:00,-0.00017776,8
1713542400000,2024-04-19T16:00:00+00:00,0E-8,8
1713571200000,2024-04-20T00:00:00+00:00,0E-8,8
1713600000000,2024-04-20T08:00:00+00:00,0E-8,8
1713628800000,2024-04-20T16:00:00+00:00,0E-8,8
1713657600000,2024-04-21T00:00:00+00:00,-0.00000772,8
1713686400000,2024-04-21T08:00:00+00:00,-0.00005246,8
1713715200000,2024-04-21T16:00:00+00:00,-0.00010000,8
1713744000000,2024-04-22T00:00:00+00:00,0E-8,8
1713772800000,2024-04-22T08:00:00+00:00,0E-8,8
1713801600000,2024-04-22T16:00:00+00:00,0E-8,8
1713830400000,2024-04-23T00:00:00+00:00,0E-8,8
1713859200000,2024-04-23T08:00:00+00:00,0E-8,8
1713888000001,2024-04-23T16:00:00.001000+00:00,-0.00026818,8
1713916800000,2024-04-24T00:00:00+00:00,-0.00033543,8
1713945600000,2024-04-24T08:00:00+00:00,-0.00041956,8
1713974400000,2024-04-24T16:00:00+00:00,-0.00040741,8
1714003200000,2024-04-25T00:00:00+00:00,-0.00001528,8
1714032000000,2024-04-25T08:00:00+00:00,-0.00011575,8
1714060800010,2024-04-25T16:00:00.010000+00:00,-0.00050741,8
1714089600001,2024-04-26T00:00:00.001000+00:00,-0.00057117,8
1714118400000,2024-04-26T08:00:00+00:00,-0.00065053,8
1714147200000,2024-04-26T16:00:00+00:00,-0.00047890,8
1714176000000,2024-04-27T00:00:00+00:00,-0.00045974,8
1714204800001,2024-04-27T08:00:00.001000+00:00,-0.00063467,8
1714233600000,2024-04-27T16:00:00+00:00,-0.00021197,8
1714262400000,2024-04-28T00:00:00+00:00,-0.00061995,8
1714291200000,2024-04-28T08:00:00+00:00,-0.00078809,8
1714320000000,2024-04-28T16:00:00+00:00,-0.00079187,8
1714348800000,2024-04-29T00:00:00+00:00,-0.00084938,8
1714377600000,2024-04-29T08:00:00+00:00,-0.00087166,8
1714406400000,2024-04-29T16:00:00+00:00,-0.00065653,8
1714435200000,2024-04-30T00:00:00+00:00,-0.00042184,8
1714464000000,2024-04-30T08:00:00+00:00,-0.00015559,8
1714492800000,2024-04-30T16:00:00+00:00,-0.00070745,8
1714521600000,2024-05-01T00:00:00+00:00,-0.00022922,8
1714550400000,2024-05-01T08:00:00+00:00,-0.00017534,8
1714579200000,2024-05-01T16:00:00+00:00,-0.00017136,8
1714608000000,2024-05-02T00:00:00+00:00,-0.00025289,8
1714636800000,2024-05-02T08:00:00+00:00,-0.00001565,8
1714665600002,2024-05-02T16:00:00.002000+00:00,-0.00025260,8
1714694400000,2024-05-03T00:00:00+00:00,-0.00012686,8
1714723200000,2024-05-03T08:00:00+00:00,-0.00001017,8
1714752000000,2024-05-03T16:00:00+00:00,-0.00032785,8
1714780800000,2024-05-04T00:00:00+00:00,-0.00011400,8
1714809600000,2024-05-04T08:00:00+00:00,-0.00015609,8
1714838400000,2024-05-04T16:00:00+00:00,-0.00026850,8
1714867200000,2024-05-05T00:00:00+00:00,-0.00071748,8
1714896000000,2024-05-05T08:00:00+00:00,-0.00031949,8
1714924800000,2024-05-05T16:00:00+00:00,-0.00040050,8
1714953600000,2024-05-06T00:00:00+00:00,-0.00008052,8
1714982400000,2024-05-06T08:00:00+00:00,-0.00009370,8
1715011200000,2024-05-06T16:00:00+00:00,-0.00026489,8
1715040000000,2024-05-07T00:00:00+00:00,0E-8,8
1715068800000,2024-05-07T08:00:00+00:00,-0.00008607,8
1715097600000,2024-05-07T16:00:00+00:00,0E-8,8
1715126400000,2024-05-08T00:00:00+00:00,0E-8,8
1715155200000,2024-05-08T08:00:00+00:00,0E-8,8
1715184000000,2024-05-08T16:00:00+00:00,0E-8,8
1715212800000,2024-05-09T00:00:00+00:00,0E-8,8
1715241600000,2024-05-09T08:00:00+00:00,0E-8,8
1715270400000,2024-05-09T16:00:00+00:00,0E-8,8
1715299200000,2024-05-10T00:00:00+00:00,-0.00001814,8
1715328000000,2024-05-10T08:00:00+00:00,-0.00013856,8
1715356800000,2024-05-10T16:00:00+00:00,-0.00023606,8
1715385600000,2024-05-11T00:00:00+00:00,-0.00007794,8
1715414400000,2024-05-11T08:00:00+00:00,0E-8,8
1715443200000,2024-05-11T16:00:00+00:00,0E-8,8
1715472000000,2024-05-12T00:00:00+00:00,0E-8,8
1715500800000,2024-05-12T08:00:00+00:00,0E-8,8
1715529600000,2024-05-12T16:00:00+00:00,-0.00002601,8
1715558400001,2024-05-13T00:00:00.001000+00:00,-0.00017911,8
1715587200001,2024-05-13T08:00:00.001000+00:00,-0.00008470,8
1715616000000,2024-05-13T16:00:00+00:00,-0.00033836,8
1715644800000,2024-05-14T00:00:00+00:00,-0.00001301,8
1715673600000,2024-05-14T08:00:00+00:00,-0.00036204,8
1715702400000,2024-05-14T16:00:00+00:00,-0.00129616,8
1715731200000,2024-05-15T00:00:00+00:00,-0.00101022,8
1715760000000,2024-05-15T08:00:00+00:00,-0.00069557,8
1715788800000,2024-05-15T16:00:00+00:00,-0.00114578,8
1715817600004,2024-05-16T00:00:00.004000+00:00,-0.00065658,8
1715846400000,2024-05-16T08:00:00+00:00,0E-8,8
1715875200000,2024-05-16T16:00:00+00:00,-0.00017077,8
1715904000000,2024-05-17T00:00:00+00:00,-0.00053276,8
1715932800000,2024-05-17T08:00:00+00:00,-0.00017804,8
1715961600000,2024-05-17T16:00:00+00:00,0E-8,8
1715990400000,2024-05-18T00:00:00+00:00,0E-8,8
1716019200000,2024-05-18T08:00:00+00:00,0E-8,8
1716048000000,2024-05-18T16:00:00+00:00,0E-8,8
1716076800000,2024-05-19T00:00:00+00:00,0E-8,8
1716105600000,2024-05-19T08:00:00+00:00,0E-8,8
1716134400000,2024-05-19T16:00:00+00:00,0E-8,8
1716163200000,2024-05-20T00:00:00+00:00,0E-8,8
1716192000000,2024-05-20T08:00:00+00:00,-0.00006392,8
1716220800003,2024-05-20T16:00:00.003000+00:00,-0.00008546,8
1716249600000,2024-05-21T00:00:00+00:00,0E-8,8
1716278400001,2024-05-21T08:00:00.001000+00:00,0.00019002,8
1716307200000,2024-05-21T16:00:00+00:00,0.00009749,8
1716336000000,2024-05-22T00:00:00+00:00,0.00016951,8
1716364800000,2024-05-22T08:00:00+00:00,0.00015829,8
1716393600000,2024-05-22T16:00:00+00:00,0.00015460,8
1716422400000,2024-05-23T00:00:00+00:00,0.00010082,8
1716451200000,2024-05-23T08:00:00+00:00,0.00014596,8
1716480000000,2024-05-23T16:00:00+00:00,0E-8,8
1716508800000,2024-05-24T00:00:00+00:00,0E-8,8
1716537600000,2024-05-24T08:00:00+00:00,0.00000449,8
1716566400000,2024-05-24T16:00:00+00:00,0E-8,8
1716595200000,2024-05-25T00:00:00+00:00,0E-8,8
1716624000000,2024-05-25T08:00:00+00:00,0E-8,8
1716652800000,2024-05-25T16:00:00+00:00,0E-8,8
1716681600000,2024-05-26T00:00:00+00:00,0E-8,8
1716710400000,2024-05-26T08:00:00+00:00,0.00008753,8
1716739200000,2024-05-26T16:00:00+00:00,0E-8,8
1716768000000,2024-05-27T00:00:00+00:00,0.00007614,8
1716796800000,2024-05-27T08:00:00+00:00,0.00010940,8
1716825600000,2024-05-27T16:00:00+00:00,0.00019809,8
1716854400000,2024-05-28T00:00:00+00:00,0.00017805,8
1716883200000,2024-05-28T08:00:00+00:00,0E-8,8
1716912000000,2024-05-28T16:00:00+00:00,0E-8,8
1716940800001,2024-05-29T00:00:00.001000+00:00,0.00007405,8
1716969600000,2024-05-29T08:00:00+00:00,0.00005977,8
1716998400000,2024-05-29T16:00:00+00:00,0.00008769,8
1717027200000,2024-05-30T00:00:00+00:00,0E-8,8
1717056000000,2024-05-30T08:00:00+00:00,0E-8,8
1717084800000,2024-05-30T16:00:00+00:00,0E-8,8
1717113600000,2024-05-31T00:00:00+00:00,0.00002222,8
1717142400000,2024-05-31T08:00:00+00:00,0E-8,8
1717171200000,2024-05-31T16:00:00+00:00,0.00007882,8
1717200000000,2024-06-01T00:00:00+00:00,0.00019589,8
1717228800000,2024-06-01T08:00:00+00:00,0.00023411,8
1717257600001,2024-06-01T16:00:00.001000+00:00,0.00013223,8
1717286400000,2024-06-02T00:00:00+00:00,0.00036939,8
1717315200000,2024-06-02T08:00:00+00:00,0.00022554,8
1717344000000,2024-06-02T16:00:00+00:00,0.00011225,8
1717372800000,2024-06-03T00:00:00+00:00,0.00020040,8
1717401600000,2024-06-03T08:00:00+00:00,0.00028495,8
1717430400000,2024-06-03T16:00:00+00:00,0.00013785,8
1717459200000,2024-06-04T00:00:00+00:00,0.00012196,8
1717488000000,2024-06-04T08:00:00+00:00,0.00013176,8
1717516800000,2024-06-04T16:00:00+00:00,0.00019423,8
1717545600000,2024-06-05T00:00:00+00:00,0.00015839,8
1717574400000,2024-06-05T08:00:00+00:00,0.00016022,8
1717603200000,2024-06-05T16:00:00+00:00,0.00020097,8
1717632000000,2024-06-06T00:00:00+00:00,0.00020144,8
1717660800008,2024-06-06T08:00:00.008000+00:00,0.00017035,8
1717689600000,2024-06-06T16:00:00+00:00,0.00008066,8
1717718400000,2024-06-07T00:00:00+00:00,0.00004266,8
1717747200000,2024-06-07T08:00:00+00:00,0E-8,8
1717776000000,2024-06-07T16:00:00+00:00,0E-8,8
1717804800000,2024-06-08T00:00:00+00:00,0E-8,8
1717833600000,2024-06-08T08:00:00+00:00,0E-8,8
1717862400000,2024-06-08T16:00:00+00:00,0E-8,8
1717891200000,2024-06-09T00:00:00+00:00,0E-8,8
1717920000000,2024-06-09T08:00:00+00:00,0E-8,8
1717948800001,2024-06-09T16:00:00.001000+00:00,0E-8,8
1717977600000,2024-06-10T00:00:00+00:00,0E-8,8
1718006400000,2024-06-10T08:00:00+00:00,0E-8,8
1718035200001,2024-06-10T16:00:00.001000+00:00,0E-8,8
1718064000001,2024-06-11T00:00:00.001000+00:00,0E-8,8
1718092800000,2024-06-11T08:00:00+00:00,0E-8,8
1718121600000,2024-06-11T16:00:00+00:00,0E-8,8
1718150400000,2024-06-12T00:00:00+00:00,0E-8,8
1718179200000,2024-06-12T08:00:00+00:00,0E-8,8
1718208000000,2024-06-12T16:00:00+00:00,-0.00000899,8
1718236800000,2024-06-13T00:00:00+00:00,0E-8,8
1718265600001,2024-06-13T08:00:00.001000+00:00,0E-8,8
1718294400000,2024-06-13T16:00:00+00:00,0E-8,8
1718323200000,2024-06-14T00:00:00+00:00,0E-8,8
1718352000000,2024-06-14T08:00:00+00:00,0E-8,8
1718380800000,2024-06-14T16:00:00+00:00,0E-8,8
1718409600000,2024-06-15T00:00:00+00:00,0E-8,8
1718438400000,2024-06-15T08:00:00+00:00,0E-8,8
1718467200000,2024-06-15T16:00:00+00:00,0E-8,8
1718496000001,2024-06-16T00:00:00.001000+00:00,0E-8,8
1718524800000,2024-06-16T08:00:00+00:00,0E-8,8
1718553600000,2024-06-16T16:00:00+00:00,0E-8,8
1718582400000,2024-06-17T00:00:00+00:00,0E-8,8
1718611200000,2024-06-17T08:00:00+00:00,0E-8,8
1718640000000,2024-06-17T16:00:00+00:00,0E-8,8
1718668800000,2024-06-18T00:00:00+00:00,0E-8,8
1718697600000,2024-06-18T08:00:00+00:00,0E-8,8
1718726400000,2024-06-18T16:00:00+00:00,0E-8,8
1718755200001,2024-06-19T00:00:00.001000+00:00,0E-8,8
1718784000001,2024-06-19T08:00:00.001000+00:00,0E-8,8
1718812800000,2024-06-19T16:00:00+00:00,0E-8,8
1718841600000,2024-06-20T00:00:00+00:00,0E-8,8
1718870400000,2024-06-20T08:00:00+00:00,0E-8,8
1718899200000,2024-06-20T16:00:00+00:00,0E-8,8
1718928000000,2024-06-21T00:00:00+00:00,0E-8,8
1718956800000,2024-06-21T08:00:00+00:00,0E-8,8
1718985600000,2024-06-21T16:00:00+00:00,0E-8,8
1719014400000,2024-06-22T00:00:00+00:00,0E-8,8
1719043200000,2024-06-22T08:00:00+00:00,0E-8,8
1719072000000,2024-06-22T16:00:00+00:00,0E-8,8
1719100800000,2024-06-23T00:00:00+00:00,0E-8,8
1719129600000,2024-06-23T08:00:00+00:00,0E-8,8
1719158400000,2024-06-23T16:00:00+00:00,0E-8,8
1719187200002,2024-06-24T00:00:00.002000+00:00,0E-8,8
1719216000000,2024-06-24T08:00:00+00:00,0E-8,8
1719244800000,2024-06-24T16:00:00+00:00,0E-8,8
1719273600000,2024-06-25T00:00:00+00:00,0E-8,8
1719302400000,2024-06-25T08:00:00+00:00,0E-8,8
1719331200000,2024-06-25T16:00:00+00:00,0E-8,8
1719360000002,2024-06-26T00:00:00.002000+00:00,0E-8,8
1719388800000,2024-06-26T08:00:00+00:00,0E-8,8
1719417600000,2024-06-26T16:00:00+00:00,0E-8,8
1719446400000,2024-06-27T00:00:00+00:00,0E-8,8
1719475200001,2024-06-27T08:00:00.001000+00:00,0E-8,8
1719504000000,2024-06-27T16:00:00+00:00,0E-8,8
1719532800000,2024-06-28T00:00:00+00:00,0E-8,8
1719561600000,2024-06-28T08:00:00+00:00,0E-8,8
1719590400000,2024-06-28T16:00:00+00:00,0E-8,8
1719619200001,2024-06-29T00:00:00.001000+00:00,0E-8,8
1719648000000,2024-06-29T08:00:00+00:00,0E-8,8
1719676800000,2024-06-29T16:00:00+00:00,0E-8,8
1719705600000,2024-06-30T00:00:00+00:00,0E-8,8
1719734400000,2024-06-30T08:00:00+00:00,0E-8,8
1719763200000,2024-06-30T16:00:00+00:00,0E-8,8
1719792000000,2024-07-01T00:00:00+00:00,0E-8,8
1719820800000,2024-07-01T08:00:00+00:00,0.00001551,8
1719849600001,2024-07-01T16:00:00.001000+00:00,0E-8,8
1719878400000,2024-07-02T00:00:00+00:00,0E-8,8
1719907200000,2024-07-02T08:00:00+00:00,0.00003136,8
1719936000000,2024-07-02T16:00:00+00:00,0.00000397,8
1719964800000,2024-07-03T00:00:00+00:00,0.00012485,8
1719993600001,2024-07-03T08:00:00.001000+00:00,0.00001476,8
1720022400000,2024-07-03T16:00:00+00:00,0E-8,8
1720051200000,2024-07-04T00:00:00+00:00,0E-8,8
1720080000000,2024-07-04T08:00:00+00:00,0E-8,8
1720108800000,2024-07-04T16:00:00+00:00,0E-8,8
1720137600000,2024-07-05T00:00:00+00:00,0E-8,8
1720166400000,2024-07-05T08:00:00+00:00,0E-8,8
1720195200000,2024-07-05T16:00:00+00:00,0E-8,8
1720224000000,2024-07-06T00:00:00+00:00,0E-8,8
1720252800000,2024-07-06T08:00:00+00:00,0E-8,8
1720281600000,2024-07-06T16:00:00+00:00,0E-8,8
1720310400001,2024-07-07T00:00:00.001000+00:00,0E-8,8
1720339200000,2024-07-07T08:00:00+00:00,0E-8,8
1720368000000,2024-07-07T16:00:00+00:00,0E-8,8
1720396800000,2024-07-08T00:00:00+00:00,0E-8,8
1720425600000,2024-07-08T08:00:00+00:00,0E-8,8
1720454400000,2024-07-08T16:00:00+00:00,0E-8,8
1720483200000,2024-07-09T00:00:00+00:00,0E-8,8
1720512000001,2024-07-09T08:00:00.001000+00:00,0E-8,8
1720540800000,2024-07-09T16:00:00+00:00,0E-8,8
1720569600000,2024-07-10T00:00:00+00:00,0E-8,8
1720598400000,2024-07-10T08:00:00+00:00,0E-8,8
1720627200000,2024-07-10T16:00:00+00:00,0E-8,8
1720656000002,2024-07-11T00:00:00.002000+00:00,0E-8,8
1720684800002,2024-07-11T08:00:00.002000+00:00,0E-8,8
1720713600004,2024-07-11T16:00:00.004000+00:00,0E-8,8
1720742400000,2024-07-12T00:00:00+00:00,0E-8,8
1720771200000,2024-07-12T08:00:00+00:00,0E-8,8
1720800000000,2024-07-12T16:00:00+00:00,0E-8,8
1720828800000,2024-07-13T00:00:00+00:00,0E-8,8
1720857600000,2024-07-13T08:00:00+00:00,0E-8,8
1720886400000,2024-07-13T16:00:00+00:00,0E-8,8
1720915200000,2024-07-14T00:00:00+00:00,0E-8,8
1720944000000,2024-07-14T08:00:00+00:00,0E-8,8
1720972800000,2024-07-14T16:00:00+00:00,0E-8,8
1721001600000,2024-07-15T00:00:00+00:00,0E-8,8
1721030400000,2024-07-15T08:00:00+00:00,0E-8,8
1721059200000,2024-07-15T16:00:00+00:00,0E-8,8
1721088000000,2024-07-16T00:00:00+00:00,0E-8,8
1721116800000,2024-07-16T08:00:00+00:00,0E-8,8
1721145600000,2024-07-16T16:00:00+00:00,0E-8,8
1721174400000,2024-07-17T00:00:00+00:00,0E-8,8
1721203200001,2024-07-17T08:00:00.001000+00:00,0E-8,8
1721232000000,2024-07-17T16:00:00+00:00,0E-8,8
1721260800000,2024-07-18T00:00:00+00:00,0E-8,8
1721289600000,2024-07-18T08:00:00+00:00,0E-8,8
1721318400000,2024-07-18T16:00:00+00:00,0E-8,8
1721347200000,2024-07-19T00:00:00+00:00,0E-8,8
1721376000000,2024-07-19T08:00:00+00:00,0E-8,8
1721404800000,2024-07-19T16:00:00+00:00,0E-8,8
1721433600001,2024-07-20T00:00:00.001000+00:00,0E-8,8
1721462400000,2024-07-20T08:00:00+00:00,0E-8,8
1721491200000,2024-07-20T16:00:00+00:00,0E-8,8
1721520000000,2024-07-21T00:00:00+00:00,0E-8,8
1721548800000,2024-07-21T08:00:00+00:00,0E-8,8
1721577600000,2024-07-21T16:00:00+00:00,0E-8,8
1721606400000,2024-07-22T00:00:00+00:00,0E-8,8
1721635200000,2024-07-22T08:00:00+00:00,0E-8,8
1721664000000,2024-07-22T16:00:00+00:00,0E-8,8
1721692800000,2024-07-23T00:00:00+00:00,0E-8,8
1721721600000,2024-07-23T08:00:00+00:00,0E-8,8
1721750400000,2024-07-23T16:00:00+00:00,0E-8,8
1721779200000,2024-07-24T00:00:00+00:00,0E-8,8
1721808000000,2024-07-24T08:00:00+00:00,0E-8,8
1721836800000,2024-07-24T16:00:00+00:00,0E-8,8
1721865600000,2024-07-25T00:00:00+00:00,0E-8,8
1721894400000,2024-07-25T08:00:00+00:00,0E-8,8
1721923200000,2024-07-25T16:00:00+00:00,0E-8,8
1721952000000,2024-07-26T00:00:00+00:00,0E-8,8
1721980800000,2024-07-26T08:00:00+00:00,0E-8,8
1722009600000,2024-07-26T16:00:00+00:00,0E-8,8
1722038400000,2024-07-27T00:00:00+00:00,0E-8,8
1722067200000,2024-07-27T08:00:00+00:00,0E-8,8
1722096000000,2024-07-27T16:00:00+00:00,0E-8,8
1722124800000,2024-07-28T00:00:00+00:00,0E-8,8
1722153600000,2024-07-28T08:00:00+00:00,0E-8,8
1722182400001,2024-07-28T16:00:00.001000+00:00,0E-8,8
1722211200001,2024-07-29T00:00:00.001000+00:00,0E-8,8
1722240000000,2024-07-29T08:00:00+00:00,0.00001232,8
1722268800001,2024-07-29T16:00:00.001000+00:00,0.00005116,8
1722297600000,2024-07-30T00:00:00+00:00,0E-8,8
1722326400001,2024-07-30T08:00:00.001000+00:00,0E-8,8
1722355200000,2024-07-30T16:00:00+00:00,0E-8,8
1722384000000,2024-07-31T00:00:00+00:00,0E-8,8
1722412800000,2024-07-31T08:00:00+00:00,0.00002973,8
1722441600000,2024-07-31T16:00:00+00:00,0.00000657,8
1722470400000,2024-08-01T00:00:00+00:00,2.4E-7,8
1722499200000,2024-08-01T08:00:00+00:00,0E-8,8
1722528000000,2024-08-01T16:00:00+00:00,0.00001797,8
1722556800000,2024-08-02T00:00:00+00:00,0E-8,8
1722585600001,2024-08-02T08:00:00.001000+00:00,0.00001397,8
1722614400000,2024-08-02T16:00:00+00:00,0E-8,8
1722643200000,2024-08-03T00:00:00+00:00,0E-8,8
1722672000000,2024-08-03T08:00:00+00:00,0E-8,8
1722700800001,2024-08-03T16:00:00.001000+00:00,0E-8,8
1722729600000,2024-08-04T00:00:00+00:00,0E-8,8
1722758400000,2024-08-04T08:00:00+00:00,0E-8,8
1722787200000,2024-08-04T16:00:00+00:00,0E-8,8
1722816000000,2024-08-05T00:00:00+00:00,0E-8,8
1722844800000,2024-08-05T08:00:00+00:00,0E-8,8
1722873600000,2024-08-05T16:00:00+00:00,0E-8,8
1722902400000,2024-08-06T00:00:00+00:00,0E-8,8
1722931200000,2024-08-06T08:00:00+00:00,-0.00010267,8
1722960000000,2024-08-06T16:00:00+00:00,0E-8,8
1722988800000,2024-08-07T00:00:00+00:00,0E-8,8
1723017600001,2024-08-07T08:00:00.001000+00:00,0E-8,8
1723046400000,2024-08-07T16:00:00+00:00,0E-8,8
1723075200001,2024-08-08T00:00:00.001000+00:00,0E-8,8
1723104000000,2024-08-08T08:00:00+00:00,0E-8,8
1723132800000,2024-08-08T16:00:00+00:00,0E-8,8
1723161600000,2024-08-09T00:00:00+00:00,0E-8,8
1723190400000,2024-08-09T08:00:00+00:00,0E-8,8
1723219200000,2024-08-09T16:00:00+00:00,0E-8,8
1723248000000,2024-08-10T00:00:00+00:00,0E-8,8
1723276800000,2024-08-10T08:00:00+00:00,0E-8,8
1723305600000,2024-08-10T16:00:00+00:00,0E-8,8
1723334400000,2024-08-11T00:00:00+00:00,0E-8,8
1723363200000,2024-08-11T08:00:00+00:00,0E-8,8
1723392000001,2024-08-11T16:00:00.001000+00:00,0E-8,8
1723420800000,2024-08-12T00:00:00+00:00,0E-8,8
1723449600000,2024-08-12T08:00:00+00:00,0E-8,8
1723478400000,2024-08-12T16:00:00+00:00,0E-8,8
1723507200000,2024-08-13T00:00:00+00:00,0E-8,8
1723536000000,2024-08-13T08:00:00+00:00,0E-8,8
1723564800000,2024-08-13T16:00:00+00:00,0E-8,8
1723593600000,2024-08-14T00:00:00+00:00,0E-8,8
1723622400000,2024-08-14T08:00:00+00:00,0E-8,8
1723651200000,2024-08-14T16:00:00+00:00,0E-8,8
1723680000000,2024-08-15T00:00:00+00:00,0E-8,8
1723708800000,2024-08-15T08:00:00+00:00,0E-8,8
1723737600000,2024-08-15T16:00:00+00:00,0E-8,8
1723766400000,2024-08-16T00:00:00+00:00,0E-8,8
1723795200000,2024-08-16T08:00:00+00:00,0E-8,8
1723824000000,2024-08-16T16:00:00+00:00,-0.00006462,8
1723852800000,2024-08-17T00:00:00+00:00,-0.00001124,8
1723881600000,2024-08-17T08:00:00+00:00,0E-8,8
1723910400000,2024-08-17T16:00:00+00:00,0E-8,8
1723939200000,2024-08-18T00:00:00+00:00,0E-8,8
1723968000000,2024-08-18T08:00:00+00:00,0E-8,8
1723996800000,2024-08-18T16:00:00+00:00,0E-8,8
1724025600000,2024-08-19T00:00:00+00:00,0E-8,8
1724054400000,2024-08-19T08:00:00+00:00,0E-8,8
1724083200002,2024-08-19T16:00:00.002000+00:00,0E-8,8
1724112000000,2024-08-20T00:00:00+00:00,0E-8,8
1724140800000,2024-08-20T08:00:00+00:00,0E-8,8
1724169600001,2024-08-20T16:00:00.001000+00:00,0E-8,8
1724198400001,2024-08-21T00:00:00.001000+00:00,0E-8,8
1724227200000,2024-08-21T08:00:00+00:00,0E-8,8
1724256000001,2024-08-21T16:00:00.001000+00:00,0E-8,8
1724284800000,2024-08-22T00:00:00+00:00,-0.00008055,8
1724313600000,2024-08-22T08:00:00+00:00,0E-8,8
1724342400008,2024-08-22T16:00:00.008000+00:00,0E-8,8
1724371200000,2024-08-23T00:00:00+00:00,-0.00020609,8
1724400000000,2024-08-23T08:00:00+00:00,-0.00016127,8
1724428800000,2024-08-23T16:00:00+00:00,-0.00025172,8
1724457600000,2024-08-24T00:00:00+00:00,-0.00033776,8
1724486400005,2024-08-24T08:00:00.005000+00:00,0E-8,8
1724515200000,2024-08-24T16:00:00+00:00,-0.00025018,8
1724544000000,2024-08-25T00:00:00+00:00,-0.00017985,8
1724572800000,2024-08-25T08:00:00+00:00,-0.00018285,8
1724601600000,2024-08-25T16:00:00+00:00,0E-8,8
1724630400000,2024-08-26T00:00:00+00:00,-6.6E-7,8
1724659200001,2024-08-26T08:00:00.001000+00:00,0E-8,8
1724688000000,2024-08-26T16:00:00+00:00,0E-8,8
1724716800001,2024-08-27T00:00:00.001000+00:00,0E-8,8
1724745600000,2024-08-27T08:00:00+00:00,0E-8,8
1724774400000,2024-08-27T16:00:00+00:00,0E-8,8
1724803200000,2024-08-28T00:00:00+00:00,0E-8,8
1724832000000,2024-08-28T08:00:00+00:00,0E-8,8
1724860800001,2024-08-28T16:00:00.001000+00:00,0E-8,8
1724889600000,2024-08-29T00:00:00+00:00,0E-8,8
1724918400001,2024-08-29T08:00:00.001000+00:00,0E-8,8
1724947200000,2024-08-29T16:00:00+00:00,0E-8,8
1724976000000,2024-08-30T00:00:00+00:00,0E-8,8
1725004800000,2024-08-30T08:00:00+00:00,0E-8,8
1725033600000,2024-08-30T16:00:00+00:00,0E-8,8
1725062400000,2024-08-31T00:00:00+00:00,0E-8,8
1725091200000,2024-08-31T08:00:00+00:00,0E-8,8
1725120000000,2024-08-31T16:00:00+00:00,0E-8,8
1725148800000,2024-09-01T00:00:00+00:00,0E-8,8
1725177600001,2024-09-01T08:00:00.001000+00:00,0E-8,8
1725206400000,2024-09-01T16:00:00+00:00,-0.00005365,8
1725235200001,2024-09-02T00:00:00.001000+00:00,0E-8,8
1725264000001,2024-09-02T08:00:00.001000+00:00,0E-8,8
1725292800000,2024-09-02T16:00:00+00:00,0E-8,8
1725321600000,2024-09-03T00:00:00+00:00,0E-8,8
1725350400001,2024-09-03T08:00:00.001000+00:00,0E-8,8
1725379200000,2024-09-03T16:00:00+00:00,0E-8,8
1725408000000,2024-09-04T00:00:00+00:00,0E-8,8
1725436800000,2024-09-04T08:00:00+00:00,0E-8,8
1725465600000,2024-09-04T16:00:00+00:00,0E-8,8
1725494400000,2024-09-05T00:00:00+00:00,0E-8,8
1725523200000,2024-09-05T08:00:00+00:00,0E-8,8
1725552000005,2024-09-05T16:00:00.005000+00:00,0E-8,8
1725580800000,2024-09-06T00:00:00+00:00,0E-8,8
1725609600001,2024-09-06T08:00:00.001000+00:00,0E-8,8
1725638400000,2024-09-06T16:00:00+00:00,0E-8,8
1725667200000,2024-09-07T00:00:00+00:00,0E-8,8
1725696000000,2024-09-07T08:00:00+00:00,0E-8,8
1725724800000,2024-09-07T16:00:00+00:00,0E-8,8
1725753600000,2024-09-08T00:00:00+00:00,0E-8,8
1725782400000,2024-09-08T08:00:00+00:00,0E-8,8
1725811200000,2024-09-08T16:00:00+00:00,0E-8,8
1725840000000,2024-09-09T00:00:00+00:00,0E-8,8
1725868800000,2024-09-09T08:00:00+00:00,0E-8,8
1725897600001,2024-09-09T16:00:00.001000+00:00,0E-8,8
1725926400000,2024-09-10T00:00:00+00:00,0.00000394,8
1725955200000,2024-09-10T08:00:00+00:00,0E-8,8
1725984000000,2024-09-10T16:00:00+00:00,0E-8,8
1726012800000,2024-09-11T00:00:00+00:00,0E-8,8
1726041600000,2024-09-11T08:00:00+00:00,0E-8,8
1726070400000,2024-09-11T16:00:00+00:00,0E-8,8
1726099200000,2024-09-12T00:00:00+00:00,0E-8,8
1726128000000,2024-09-12T08:00:00+00:00,0E-8,8
1726156800000,2024-09-12T16:00:00+00:00,0E-8,8
1726185600000,2024-09-13T00:00:00+00:00,0E-8,8
1726214400001,2024-09-13T08:00:00.001000+00:00,0E-8,8
1726243200001,2024-09-13T16:00:00.001000+00:00,0E-8,8
1726272000000,2024-09-14T00:00:00+00:00,0E-8,8
1726300800000,2024-09-14T08:00:00+00:00,0E-8,8
1726329600001,2024-09-14T16:00:00.001000+00:00,0E-8,8
1726358400000,2024-09-15T00:00:00+00:00,0E-8,8
1726387200000,2024-09-15T08:00:00+00:00,0E-8,8
1726416000000,2024-09-15T16:00:00+00:00,0E-8,8
1726444800000,2024-09-16T00:00:00+00:00,0E-8,8
1726473600001,2024-09-16T08:00:00.001000+00:00,-0.00014697,8
1726502400000,2024-09-16T16:00:00+00:00,-0.00003343,8
1726531200001,2024-09-17T00:00:00.001000+00:00,-0.00015539,8
1726560000000,2024-09-17T08:00:00+00:00,-0.00000955,8
1726588800000,2024-09-17T16:00:00+00:00,-0.00012454,8
1726617600000,2024-09-18T00:00:00+00:00,-0.00011651,8
1726646400000,2024-09-18T08:00:00+00:00,-0.00012655,8
1726675200004,2024-09-18T16:00:00.004000+00:00,-0.00003002,8
1726704000000,2024-09-19T00:00:00+00:00,-0.00002078,8
1726732800000,2024-09-19T08:00:00+00:00,0E-8,8
1726761600001,2024-09-19T16:00:00.001000+00:00,-0.00035746,8
1726790400000,2024-09-20T00:00:00+00:00,-0.00007390,8
1726819200001,2024-09-20T08:00:00.001000+00:00,0E-8,8
1726848000000,2024-09-20T16:00:00+00:00,0E-8,8
1726876800001,2024-09-21T00:00:00.001000+00:00,0E-8,8
1726905600000,2024-09-21T08:00:00+00:00,0E-8,8
1726934400000,2024-09-21T16:00:00+00:00,0E-8,8
1726963200000,2024-09-22T00:00:00+00:00,0E-8,8
1726992000000,2024-09-22T08:00:00+00:00,0E-8,8
1727020800000,2024-09-22T16:00:00+00:00,0E-8,8
1727049600000,2024-09-23T00:00:00+00:00,0E-8,8
1727078400000,2024-09-23T08:00:00+00:00,0E-8,8
1727107200000,2024-09-23T16:00:00+00:00,0E-8,8
1727136000000,2024-09-24T00:00:00+00:00,0.00006712,8
1727164800000,2024-09-24T08:00:00+00:00,0E-8,8
1727193600001,2024-09-24T16:00:00.001000+00:00,0E-8,8
1727222400000,2024-09-25T00:00:00+00:00,0E-8,8
1727251200003,2024-09-25T08:00:00.003000+00:00,0E-8,8
1727280000000,2024-09-25T16:00:00+00:00,0E-8,8
1727308800005,2024-09-26T00:00:00.005000+00:00,0E-8,8
1727337600000,2024-09-26T08:00:00+00:00,0E-8,8
1727366400000,2024-09-26T16:00:00+00:00,0E-8,8
1727395200000,2024-09-27T00:00:00+00:00,0E-8,8
1727424000000,2024-09-27T08:00:00+00:00,0E-8,8
1727452800000,2024-09-27T16:00:00+00:00,0E-8,8
1727481600000,2024-09-28T00:00:00+00:00,0E-8,8
1727510400001,2024-09-28T08:00:00.001000+00:00,0.00005223,8
1727539200000,2024-09-28T16:00:00+00:00,0E-8,8
1727568000001,2024-09-29T00:00:00.001000+00:00,0E-8,8
1727596800000,2024-09-29T08:00:00+00:00,0E-8,8
1727625600000,2024-09-29T16:00:00+00:00,0E-8,8
1727654400000,2024-09-30T00:00:00+00:00,0E-8,8
1727683200001,2024-09-30T08:00:00.001000+00:00,0E-8,8
1727712000000,2024-09-30T16:00:00+00:00,0E-8,8
1727740800000,2024-10-01T00:00:00+00:00,0E-8,8
1727769600000,2024-10-01T08:00:00+00:00,0E-8,8
1727798400001,2024-10-01T16:00:00.001000+00:00,0E-8,8
1727827200000,2024-10-02T00:00:00+00:00,-0.00002629,8
1727856000000,2024-10-02T08:00:00+00:00,0E-8,8
1727884800000,2024-10-02T16:00:00+00:00,0E-8,8
1727913600000,2024-10-03T00:00:00+00:00,0E-8,8
1727942400000,2024-10-03T08:00:00+00:00,0E-8,8
1727971200000,2024-10-03T16:00:00+00:00,-0.00013994,8
1728000000000,2024-10-04T00:00:00+00:00,0E-8,8
1728028800000,2024-10-04T08:00:00+00:00,0E-8,8
1728057600001,2024-10-04T16:00:00.001000+00:00,0E-8,8
1728086400000,2024-10-05T00:00:00+00:00,0E-8,8
1728115200000,2024-10-05T08:00:00+00:00,0E-8,8
1728144000000,2024-10-05T16:00:00+00:00,0E-8,8
1728172800000,2024-10-06T00:00:00+00:00,0E-8,8
1728201600001,2024-10-06T08:00:00.001000+00:00,0E-8,8
1728230400000,2024-10-06T16:00:00+00:00,0E-8,8
1728259200000,2024-10-07T00:00:00+00:00,0E-8,8
1728288000000,2024-10-07T08:00:00+00:00,0E-8,8
1728316800001,2024-10-07T16:00:00.001000+00:00,0E-8,8
1728345600000,2024-10-08T00:00:00+00:00,0E-8,8
1728374400000,2024-10-08T08:00:00+00:00,0E-8,8
1728403200000,2024-10-08T16:00:00+00:00,0E-8,8
1728432000000,2024-10-09T00:00:00+00:00,-0.00037285,8
1728460800000,2024-10-09T08:00:00+00:00,-0.00055575,8
1728489600000,2024-10-09T16:00:00+00:00,-0.00031397,8
1728518400000,2024-10-10T00:00:00+00:00,-0.00007384,8
1728547200000,2024-10-10T08:00:00+00:00,-0.00009860,8
1728576000000,2024-10-10T16:00:00+00:00,-0.00012910,8
1728604800000,2024-10-11T00:00:00+00:00,-0.00015143,8
1728633600000,2024-10-11T08:00:00+00:00,0E-8,8
1728662400001,2024-10-11T16:00:00.001000+00:00,0E-8,8
1728691200000,2024-10-12T00:00:00+00:00,0E-8,8
1728720000001,2024-10-12T08:00:00.001000+00:00,0E-8,8
1728748800000,2024-10-12T16:00:00+00:00,0E-8,8
1728777600000,2024-10-13T00:00:00+00:00,0E-8,8
1728806400000,2024-10-13T08:00:00+00:00,0E-8,8
1728835200000,2024-10-13T16:00:00+00:00,0E-8,8
1728864000000,2024-10-14T00:00:00+00:00,0E-8,8
1728892800000,2024-10-14T08:00:00+00:00,0E-8,8
1728921600000,2024-10-14T16:00:00+00:00,0E-8,8
1728950400000,2024-10-15T00:00:00+00:00,0E-8,8
1728979200000,2024-10-15T08:00:00+00:00,0.00006460,8
1729008000000,2024-10-15T16:00:00+00:00,0.00001914,8
1729036800000,2024-10-16T00:00:00+00:00,0.00006645,8
1729065600001,2024-10-16T08:00:00.001000+00:00,0.00003157,8
1729094400000,2024-10-16T16:00:00+00:00,0E-8,8
1729123200000,2024-10-17T00:00:00+00:00,0E-8,8
1729152000000,2024-10-17T08:00:00+00:00,0E-8,8
1729180800001,2024-10-17T16:00:00.001000+00:00,0E-8,8
1729209600010,2024-10-18T00:00:00.010000+00:00,0E-8,8
1729238400001,2024-10-18T08:00:00.001000+00:00,0E-8,8
1729267200000,2024-10-18T16:00:00+00:00,0E-8,8
1729296000000,2024-10-19T00:00:00+00:00,0E-8,8
1729324800000,2024-10-19T08:00:00+00:00,0E-8,8
1729353600000,2024-10-19T16:00:00+00:00,0E-8,8
1729382400000,2024-10-20T00:00:00+00:00,0E-8,8
1729411200000,2024-10-20T08:00:00+00:00,0E-8,8
1729440000000,2024-10-20T16:00:00+00:00,0E-8,8
1729468800000,2024-10-21T00:00:00+00:00,0E-8,8
1729497600000,2024-10-21T08:00:00+00:00,0.00016124,8
1729526400000,2024-10-21T16:00:00+00:00,0E-8,8
1729555200000,2024-10-22T00:00:00+00:00,0E-8,8
1729584000000,2024-10-22T08:00:00+00:00,0E-8,8
1729612800000,2024-10-22T16:00:00+00:00,0E-8,8
1729641600000,2024-10-23T00:00:00+00:00,0E-8,8
1729670400000,2024-10-23T08:00:00+00:00,0E-8,8
1729699200000,2024-10-23T16:00:00+00:00,0E-8,8
1729728000000,2024-10-24T00:00:00+00:00,0E-8,8
1729756800000,2024-10-24T08:00:00+00:00,0E-8,8
1729785600000,2024-10-24T16:00:00+00:00,0E-8,8
1729814400000,2024-10-25T00:00:00+00:00,0E-8,8
1729843200000,2024-10-25T08:00:00+00:00,0E-8,8
1729872000000,2024-10-25T16:00:00+00:00,0E-8,8
1729900800000,2024-10-26T00:00:00+00:00,0E-8,8
1729929600001,2024-10-26T08:00:00.001000+00:00,0E-8,8
1729958400000,2024-10-26T16:00:00+00:00,0E-8,8
1729987200000,2024-10-27T00:00:00+00:00,0E-8,8
1730016000000,2024-10-27T08:00:00+00:00,0E-8,8
1730044800000,2024-10-27T16:00:00+00:00,0E-8,8
1730073600000,2024-10-28T00:00:00+00:00,0E-8,8
1730102400001,2024-10-28T08:00:00.001000+00:00,0E-8,8
1730131200000,2024-10-28T16:00:00+00:00,0E-8,8
1730160000000,2024-10-29T00:00:00+00:00,0E-8,8
1730188800000,2024-10-29T08:00:00+00:00,0.00004545,8
1730217600004,2024-10-29T16:00:00.004000+00:00,0E-8,8
1730246400000,2024-10-30T00:00:00+00:00,0.00022390,8
1730275200000,2024-10-30T08:00:00+00:00,0.00014298,8
1730304000013,2024-10-30T16:00:00.013000+00:00,0E-8,8
1730332800000,2024-10-31T00:00:00+00:00,0.00007648,8
1730361600000,2024-10-31T08:00:00+00:00,0.00003528,8
1730390400000,2024-10-31T16:00:00+00:00,0E-8,8
1730419200000,2024-11-01T00:00:00+00:00,0E-8,8
1730448000000,2024-11-01T08:00:00+00:00,0E-8,8
1730476800000,2024-11-01T16:00:00+00:00,0E-8,8
1730505600000,2024-11-02T00:00:00+00:00,0E-8,8
1730534400000,2024-11-02T08:00:00+00:00,0E-8,8
1730563200000,2024-11-02T16:00:00+00:00,0E-8,8
1730592000000,2024-11-03T00:00:00+00:00,0E-8,8
1730620800000,2024-11-03T08:00:00+00:00,0E-8,8
1730649600000,2024-11-03T16:00:00+00:00,0E-8,8
1730678400000,2024-11-04T00:00:00+00:00,0E-8,8
1730707200000,2024-11-04T08:00:00+00:00,0E-8,8
1730736000000,2024-11-04T16:00:00+00:00,0E-8,8
1730764800000,2024-11-05T00:00:00+00:00,0E-8,8
1730793600003,2024-11-05T08:00:00.003000+00:00,0E-8,8
1730822400001,2024-11-05T16:00:00.001000+00:00,0E-8,8
1730851200000,2024-11-06T00:00:00+00:00,0E-8,8
1730880000000,2024-11-06T08:00:00+00:00,0.00002834,8
1730908800000,2024-11-06T16:00:00+00:00,0.00007705,8
1730937600000,2024-11-07T00:00:00+00:00,0.00004190,8
1730966400000,2024-11-07T08:00:00+00:00,0.00027164,8
1730995200000,2024-11-07T16:00:00+00:00,0.00009543,8
1731024000000,2024-11-08T00:00:00+00:00,0.00013806,8
1731052800000,2024-11-08T08:00:00+00:00,0.00012525,8
1731081600000,2024-11-08T16:00:00+00:00,0.00012741,8
1731110400000,2024-11-09T00:00:00+00:00,0.00014585,8
1731139200000,2024-11-09T08:00:00+00:00,0.00018785,8
1731168000000,2024-11-09T16:00:00+00:00,0.00015914,8
1731196800000,2024-11-10T00:00:00+00:00,0.00009947,8
1731225600000,2024-11-10T08:00:00+00:00,0.00029165,8
1731254400000,2024-11-10T16:00:00+00:00,0.00039432,8
1731283200001,2024-11-11T00:00:00.001000+00:00,0.00025293,8
1731312000000,2024-11-11T08:00:00+00:00,0.00019878,8
1731340800000,2024-11-11T16:00:00+00:00,0.00021978,8
1731369600002,2024-11-12T00:00:00.002000+00:00,0.00041550,8
1731398400000,2024-11-12T08:00:00+00:00,0.00042666,8
1731427200000,2024-11-12T16:00:00+00:00,0.00029213,8
1731456000000,2024-11-13T00:00:00+00:00,0.00015032,8
1731484800010,2024-11-13T08:00:00.010000+00:00,0.00009601,8
1731513600000,2024-11-13T16:00:00+00:00,0.00016720,8
1731542400001,2024-11-14T00:00:00.001000+00:00,0.00010701,8
1731571200000,2024-11-14T08:00:00+00:00,0.00015621,8
1731600000000,2024-11-14T16:00:00+00:00,0E-8,8
1731628800000,2024-11-15T00:00:00+00:00,0.00002259,8
1731657600000,2024-11-15T08:00:00+00:00,0E-8,8
1731686400000,2024-11-15T16:00:00+00:00,0E-8,8
1731715200001,2024-11-16T00:00:00.001000+00:00,0E-8,8
1731744000001,2024-11-16T08:00:00.001000+00:00,0.00014634,8
1731772800000,2024-11-16T16:00:00+00:00,0.00011027,8
1731801600000,2024-11-17T00:00:00+00:00,0.00010792,8
1731830400000,2024-11-17T08:00:00+00:00,0E-8,8
1731859200001,2024-11-17T16:00:00.001000+00:00,0.00000684,8
1731888000000,2024-11-18T00:00:00+00:00,0E-8,8
1731916800000,2024-11-18T08:00:00+00:00,0.00000740,8
1731945600000,2024-11-18T16:00:00+00:00,0E-8,8
1731974400000,2024-11-19T00:00:00+00:00,0.00010006,8
1732003200000,2024-11-19T08:00:00+00:00,0.00020322,8
1732032000000,2024-11-19T16:00:00+00:00,0.00021252,8
1732060800003,2024-11-20T00:00:00.003000+00:00,0.00017739,8
1732089600000,2024-11-20T08:00:00+00:00,0.00015552,8
1732118400000,2024-11-20T16:00:00+00:00,0.00013045,8
1732147200001,2024-11-21T00:00:00.001000+00:00,0.00007610,8
1732176000000,2024-11-21T08:00:00+00:00,0.00011290,8
1732204800001,2024-11-21T16:00:00.001000+00:00,0.00018601,8
1732233600000,2024-11-22T00:00:00+00:00,0.00026039,8
1732262400000,2024-11-22T08:00:00+00:00,0.00022074,8
1732291200001,2024-11-22T16:00:00.001000+00:00,0.00025697,8
1732320000000,2024-11-23T00:00:00+00:00,0.00025849,8
1732348800000,2024-11-23T08:00:00+00:00,0.00031409,8
1732377600000,2024-11-23T16:00:00+00:00,0.00026825,8
1732406400001,2024-11-24T00:00:00.001000+00:00,0.00027182,8
1732435200000,2024-11-24T08:00:00+00:00,0.00023194,8
1732464000000,2024-11-24T16:00:00+00:00,0.00027586,8
1732492800000,2024-11-25T00:00:00+00:00,0.00016463,8
1732521600000,2024-11-25T08:00:00+00:00,0.00023382,8
1732550400000,2024-11-25T16:00:00+00:00,0.00017218,8
1732579200000,2024-11-26T00:00:00+00:00,0.00019876,8
1732608000000,2024-11-26T08:00:00+00:00,0.00021015,8
1732636800000,2024-11-26T16:00:00+00:00,0.00013059,8
1732665600000,2024-11-27T00:00:00+00:00,0.00014198,8
1732694400000,2024-11-27T08:00:00+00:00,0.00016790,8
1732723200001,2024-11-27T16:00:00.001000+00:00,0.00018095,8
1732752000000,2024-11-28T00:00:00+00:00,0.00025048,8
1732780800000,2024-11-28T08:00:00+00:00,0.00029079,8
1732809600000,2024-11-28T16:00:00+00:00,0.00016874,8
1732838400000,2024-11-29T00:00:00+00:00,0.00025917,8
1732867200000,2024-11-29T08:00:00+00:00,0.00017784,8
1732896000000,2024-11-29T16:00:00+00:00,0.00023522,8
1732924800000,2024-11-30T00:00:00+00:00,0.00025161,8
1732953600000,2024-11-30T08:00:00+00:00,0.00028198,8
1732982400000,2024-11-30T16:00:00+00:00,0.00017695,8
1733011200000,2024-12-01T00:00:00+00:00,0.00020315,8
1733040000000,2024-12-01T08:00:00+00:00,0.00023081,8
1733068800000,2024-12-01T16:00:00+00:00,0.00025892,8
1733097600001,2024-12-02T00:00:00.001000+00:00,0.00034152,8
1733126400001,2024-12-02T08:00:00.001000+00:00,0.00025785,8
1733155200000,2024-12-02T16:00:00+00:00,0.00031152,8
1733184000000,2024-12-03T00:00:00+00:00,0.00036686,8
1733212800000,2024-12-03T08:00:00+00:00,0.00043533,8
1733241600000,2024-12-03T16:00:00+00:00,0.00026470,8
1733270400000,2024-12-04T00:00:00+00:00,0.00027322,8
1733299200000,2024-12-04T08:00:00+00:00,0.00025819,8
1733328000000,2024-12-04T16:00:00+00:00,0.00030723,8
1733356800001,2024-12-05T00:00:00.001000+00:00,0.00042947,8
1733385600000,2024-12-05T08:00:00+00:00,0.00038805,8
1733414400000,2024-12-05T16:00:00+00:00,0.00034913,8
1733443200000,2024-12-06T00:00:00+00:00,0.00028199,8
1733472000000,2024-12-06T08:00:00+00:00,0.00024535,8
1733500800000,2024-12-06T16:00:00+00:00,0.00018233,8
1733529600000,2024-12-07T00:00:00+00:00,0.00033562,8
1733558400000,2024-12-07T08:00:00+00:00,0.00024332,8
1733587200000,2024-12-07T16:00:00+00:00,0.00029675,8
1733616000000,2024-12-08T00:00:00+00:00,0.00019104,8
1733644800000,2024-12-08T08:00:00+00:00,0.00025929,8
1733673600000,2024-12-08T16:00:00+00:00,0.00012175,8
1733702400000,2024-12-09T00:00:00+00:00,0.00025880,8
1733731200000,2024-12-09T08:00:00+00:00,0.00017589,8
1733760000001,2024-12-09T16:00:00.001000+00:00,0.00021516,8
1733788800007,2024-12-10T00:00:00.007000+00:00,0E-8,8
1733817600000,2024-12-10T08:00:00+00:00,0.00009225,8
1733846400000,2024-12-10T16:00:00+00:00,0.00005529,8
1733875200000,2024-12-11T00:00:00+00:00,0.00007477,8
1733904000000,2024-12-11T08:00:00+00:00,0.00006030,8
1733932800001,2024-12-11T16:00:00.001000+00:00,0.00007029,8
1733961600001,2024-12-12T00:00:00.001000+00:00,0.00008003,8
1733990400000,2024-12-12T08:00:00+00:00,0.00003327,8
1734019200001,2024-12-12T16:00:00.001000+00:00,0.00001340,8
1734048000000,2024-12-13T00:00:00+00:00,0.00008474,8
1734076800000,2024-12-13T08:00:00+00:00,0.00010016,8
1734105600001,2024-12-13T16:00:00.001000+00:00,0E-8,8
1734134400000,2024-12-14T00:00:00+00:00,0E-8,8
1734163200000,2024-12-14T08:00:00+00:00,0E-8,8
1734192000000,2024-12-14T16:00:00+00:00,0E-8,8
1734220800000,2024-12-15T00:00:00+00:00,0E-8,8
1734249600000,2024-12-15T08:00:00+00:00,0E-8,8
1734278400000,2024-12-15T16:00:00+00:00,0E-8,8
1734307200000,2024-12-16T00:00:00+00:00,0E-8,8
1734336000001,2024-12-16T08:00:00.001000+00:00,0.00015290,8
1734364800000,2024-12-16T16:00:00+00:00,0.00010698,8
1734393600000,2024-12-17T00:00:00+00:00,0.00013724,8
1734422400000,2024-12-17T08:00:00+00:00,0.00006707,8
1734451200000,2024-12-17T16:00:00+00:00,0.00007890,8
1734480000000,2024-12-18T00:00:00+00:00,0.00002200,8
1734508800000,2024-12-18T08:00:00+00:00,0E-8,8
1734537600000,2024-12-18T16:00:00+00:00,0.00001563,8
1734566400000,2024-12-19T00:00:00+00:00,0E-8,8
1734595200000,2024-12-19T08:00:00+00:00,0E-8,8
1734624000000,2024-12-19T16:00:00+00:00,0E-8,8
1734652800000,2024-12-20T00:00:00+00:00,0E-8,8
1734681600001,2024-12-20T08:00:00.001000+00:00,0E-8,8
1734710400014,2024-12-20T16:00:00.014000+00:00,-0.00001100,8
1734739200000,2024-12-21T00:00:00+00:00,0E-8,8
1734768000000,2024-12-21T08:00:00+00:00,0E-8,8
1734796800001,2024-12-21T16:00:00.001000+00:00,0E-8,8
1734825600000,2024-12-22T00:00:00+00:00,0E-8,8
1734854400000,2024-12-22T08:00:00+00:00,0E-8,8
1734883200000,2024-12-22T16:00:00+00:00,0E-8,8
1734912000000,2024-12-23T00:00:00+00:00,0E-8,8
1734940800000,2024-12-23T08:00:00+00:00,0E-8,8
1734969600001,2024-12-23T16:00:00.001000+00:00,-0.00011832,8
1734998400000,2024-12-24T00:00:00+00:00,-0.00024217,8
1735027200000,2024-12-24T08:00:00+00:00,-0.00012634,8
1735056000001,2024-12-24T16:00:00.001000+00:00,0E-8,8
1735084800001,2024-12-25T00:00:00.001000+00:00,-0.00008695,8
1735113600000,2024-12-25T08:00:00+00:00,0E-8,8
1735142400000,2024-12-25T16:00:00+00:00,0E-8,8
1735171200000,2024-12-26T00:00:00+00:00,-0.00000885,8
1735200000000,2024-12-26T08:00:00+00:00,0E-8,8
1735228800000,2024-12-26T16:00:00+00:00,-0.00031562,8
1735257600000,2024-12-27T00:00:00+00:00,-0.00016697,8
1735286400000,2024-12-27T08:00:00+00:00,-0.00011848,8
1735315200000,2024-12-27T16:00:00+00:00,0E-8,8
1735344000001,2024-12-28T00:00:00.001000+00:00,0E-8,8
1735372800000,2024-12-28T08:00:00+00:00,0E-8,8
1735401600000,2024-12-28T16:00:00+00:00,0E-8,8
1735430400000,2024-12-29T00:00:00+00:00,0E-8,8
1735459200000,2024-12-29T08:00:00+00:00,0E-8,8
1735488000000,2024-12-29T16:00:00+00:00,0E-8,8
1735516800000,2024-12-30T00:00:00+00:00,0E-8,8
1735545600001,2024-12-30T08:00:00.001000+00:00,-0.00007761,8
1735574400000,2024-12-30T16:00:00+00:00,0E-8,8
1735603200000,2024-12-31T00:00:00+00:00,0E-8,8
1735632000000,2024-12-31T08:00:00+00:00,-0.00001412,8
1735660800000,2024-12-31T16:00:00+00:00,-0.00003674,8
1735689600015,2025-01-01T00:00:00.015000+00:00,0E-8,8
1735718400000,2025-01-01T08:00:00+00:00,0E-8,8
1735747200001,2025-01-01T16:00:00.001000+00:00,0E-8,8
1735776000000,2025-01-02T00:00:00+00:00,-0.00017090,8
1735804800006,2025-01-02T08:00:00.006000+00:00,0E-8,8
1735833600000,2025-01-02T16:00:00+00:00,0E-8,8
1735862400000,2025-01-03T00:00:00+00:00,0E-8,8
1735891200000,2025-01-03T08:00:00+00:00,0E-8,8
1735920000000,2025-01-03T16:00:00+00:00,0E-8,8
1735948800000,2025-01-04T00:00:00+00:00,0E-8,8
1735977600000,2025-01-04T08:00:00+00:00,0E-8,8
1736006400000,2025-01-04T16:00:00+00:00,0E-8,8
1736035200000,2025-01-05T00:00:00+00:00,0E-8,8
1736064000000,2025-01-05T08:00:00+00:00,0E-8,8
1736092800000,2025-01-05T16:00:00+00:00,0E-8,8
1736121600000,2025-01-06T00:00:00+00:00,0E-8,8
1736150400001,2025-01-06T08:00:00.001000+00:00,0E-8,8
1736179200000,2025-01-06T16:00:00+00:00,0E-8,8
1736208000000,2025-01-07T00:00:00+00:00,0.00009183,8
1736236800000,2025-01-07T08:00:00+00:00,0E-8,8
1736265600008,2025-01-07T16:00:00.008000+00:00,-0.00007515,8
1736294400001,2025-01-08T00:00:00.001000+00:00,-0.00097361,8
1736323200000,2025-01-08T08:00:00+00:00,-0.00038843,8
1736352000000,2025-01-08T16:00:00+00:00,-0.00005393,8
1736380800000,2025-01-09T00:00:00+00:00,-0.00020205,8
1736409600000,2025-01-09T08:00:00+00:00,-0.00002644,8
1736438400000,2025-01-09T16:00:00+00:00,-0.00006041,8
1736467200000,2025-01-10T00:00:00+00:00,-0.00046329,8
1736496000000,2025-01-10T08:00:00+00:00,-0.00028026,8
1736524800000,2025-01-10T16:00:00+00:00,0E-8,8
1736553600000,2025-01-11T00:00:00+00:00,0E-8,8
1736582400000,2025-01-11T08:00:00+00:00,0E-8,8
1736611200000,2025-01-11T16:00:00+00:00,0E-8,8
1736640000000,2025-01-12T00:00:00+00:00,0E-8,8
1736668800000,2025-01-12T08:00:00+00:00,0E-8,8
1736697600000,2025-01-12T16:00:00+00:00,-0.00005640,8
1736726400000,2025-01-13T00:00:00+00:00,0E-8,8
1736755200000,2025-01-13T08:00:00+00:00,-0.00038994,8
1736784000000,2025-01-13T16:00:00+00:00,-0.00056181,8
1736812800000,2025-01-14T00:00:00+00:00,0E-8,8
1736841600000,2025-01-14T08:00:00+00:00,0E-8,8
1736870400000,2025-01-14T16:00:00+00:00,0E-8,8
1736899200000,2025-01-15T00:00:00+00:00,0E-8,8
1736928000000,2025-01-15T08:00:00+00:00,0E-8,8
1736956800000,2025-01-15T16:00:00+00:00,0E-8,8
1736985600000,2025-01-16T00:00:00+00:00,0E-8,8
1737014400000,2025-01-16T08:00:00+00:00,0E-8,8
1737043200000,2025-01-16T16:00:00+00:00,0E-8,8
1737072000004,2025-01-17T00:00:00.004000+00:00,0E-8,8
1737100800000,2025-01-17T08:00:00+00:00,0.00003588,8
1737129600008,2025-01-17T16:00:00.008000+00:00,0E-8,8
1737158400000,2025-01-18T00:00:00+00:00,0E-8,8
1737187200007,2025-01-18T08:00:00.007000+00:00,0E-8,8
1737216000000,2025-01-18T16:00:00+00:00,0E-8,8
1737244800000,2025-01-19T00:00:00+00:00,0E-8,8
1737273600000,2025-01-19T08:00:00+00:00,0.00014009,8
1737302400000,2025-01-19T16:00:00+00:00,0.00007785,8
1737331200000,2025-01-20T00:00:00+00:00,0.00003183,8
1737360000009,2025-01-20T08:00:00.009000+00:00,0.00012056,8
1737388800000,2025-01-20T16:00:00+00:00,0.00010734,8
1737417600000,2025-01-21T00:00:00+00:00,0.00000884,8
1737446400000,2025-01-21T08:00:00+00:00,0.00005365,8
1737475200000,2025-01-21T16:00:00+00:00,0.00009555,8
1737504000000,2025-01-22T00:00:00+00:00,0.00011414,8
1737532800000,2025-01-22T08:00:00+00:00,0E-8,8
1737561600000,2025-01-22T16:00:00+00:00,0E-8,8
1737590400001,2025-01-23T00:00:00.001000+00:00,0.00007186,8
1737619200000,2025-01-23T08:00:00+00:00,0.00000316,8
1737648000000,2025-01-23T16:00:00+00:00,0E-8,8
1737676800000,2025-01-24T00:00:00+00:00,0E-8,8
1737705600000,2025-01-24T08:00:00+00:00,0.00008366,8
1737734400000,2025-01-24T16:00:00+00:00,0E-8,8
1737763200000,2025-01-25T00:00:00+00:00,0E-8,8
1737792000000,2025-01-25T08:00:00+00:00,0E-8,8
1737820800001,2025-01-25T16:00:00.001000+00:00,0.00008692,8
1737849600000,2025-01-26T00:00:00+00:00,0.00007393,8
1737878400000,2025-01-26T08:00:00+00:00,0E-8,8
1737907200000,2025-01-26T16:00:00+00:00,0E-8,8
1737936000000,2025-01-27T00:00:00+00:00,0E-8,8
1737964800000,2025-01-27T08:00:00+00:00,-0.00011806,8
1737993600000,2025-01-27T16:00:00+00:00,0E-8,8
1738022400000,2025-01-28T00:00:00+00:00,0E-8,8
1738051200000,2025-01-28T08:00:00+00:00,0E-8,8
1738080000000,2025-01-28T16:00:00+00:00,0E-8,8
1738108800000,2025-01-29T00:00:00+00:00,0E-8,8
1738137600000,2025-01-29T08:00:00+00:00,0E-8,8
1738166400000,2025-01-29T16:00:00+00:00,0E-8,8
1738195200000,2025-01-30T00:00:00+00:00,0E-8,8
1738224000000,2025-01-30T08:00:00+00:00,0E-8,8
1738252800000,2025-01-30T16:00:00+00:00,0E-8,8
1738281600000,2025-01-31T00:00:00+00:00,0E-8,8
1738310400000,2025-01-31T08:00:00+00:00,0E-8,8
1738339200000,2025-01-31T16:00:00+00:00,0E-8,8
1738368000000,2025-02-01T00:00:00+00:00,0E-8,8
1738396800000,2025-02-01T08:00:00+00:00,0.00006065,8
1738425600000,2025-02-01T16:00:00+00:00,0E-8,8
1738454400001,2025-02-02T00:00:00.001000+00:00,0E-8,8
1738483200000,2025-02-02T08:00:00+00:00,0E-8,8
1738512000000,2025-02-02T16:00:00+00:00,0E-8,8
1738540800000,2025-02-03T00:00:00+00:00,0E-8,8
1738569600000,2025-02-03T08:00:00+00:00,0E-8,8
1738598400000,2025-02-03T16:00:00+00:00,0E-8,8
1738627200000,2025-02-04T00:00:00+00:00,0E-8,8
1738656000001,2025-02-04T08:00:00.001000+00:00,0E-8,8
1738684800000,2025-02-04T16:00:00+00:00,0E-8,8
1738713600001,2025-02-05T00:00:00.001000+00:00,0E-8,8
1738742400001,2025-02-05T08:00:00.001000+00:00,0E-8,8
1738771200000,2025-02-05T16:00:00+00:00,0E-8,8
1738800000001,2025-02-06T00:00:00.001000+00:00,0E-8,8
1738828800001,2025-02-06T08:00:00.001000+00:00,0E-8,8
1738857600000,2025-02-06T16:00:00+00:00,-0.00001062,8
1738886400000,2025-02-07T00:00:00+00:00,-0.00007517,8
1738915200000,2025-02-07T08:00:00+00:00,-0.00009676,8
1738944000000,2025-02-07T16:00:00+00:00,0E-8,8
1738972800000,2025-02-08T00:00:00+00:00,0E-8,8
1739001600000,2025-02-08T08:00:00+00:00,0E-8,8
1739030400000,2025-02-08T16:00:00+00:00,0E-8,8
1739059200000,2025-02-09T00:00:00+00:00,-0.00004891,8
1739088000000,2025-02-09T08:00:00+00:00,-0.00035055,8
1739116800000,2025-02-09T16:00:00+00:00,-0.00004112,8
1739145600000,2025-02-10T00:00:00+00:00,0E-8,8
1739174400000,2025-02-10T08:00:00+00:00,0E-8,8
1739203200000,2025-02-10T16:00:00+00:00,0E-8,8
1739232000000,2025-02-11T00:00:00+00:00,0E-8,8
1739260800000,2025-02-11T08:00:00+00:00,0E-8,8
1739289600000,2025-02-11T16:00:00+00:00,0E-8,8
1739318400000,2025-02-12T00:00:00+00:00,-0.00014838,8
1739347200000,2025-02-12T08:00:00+00:00,0E-8,8
1739376000001,2025-02-12T16:00:00.001000+00:00,0E-8,8
1739404800001,2025-02-13T00:00:00.001000+00:00,0E-8,8
1739433600000,2025-02-13T08:00:00+00:00,0E-8,8
1739462400001,2025-02-13T16:00:00.001000+00:00,-0.00055066,8
1739491200000,2025-02-14T00:00:00+00:00,0E-8,8
1739520000001,2025-02-14T08:00:00.001000+00:00,0E-8,8
1739548800000,2025-02-14T16:00:00+00:00,-0.00005277,8
1739577600000,2025-02-15T00:00:00+00:00,-0.00010519,8
1739606400000,2025-02-15T08:00:00+00:00,0E-8,8
1739635200000,2025-02-15T16:00:00+00:00,-0.00008377,8
1739664000000,2025-02-16T00:00:00+00:00,0E-8,8
1739692800000,2025-02-16T08:00:00+00:00,-0.00004157,8
1739721600000,2025-02-16T16:00:00+00:00,-0.00035333,8
1739750400000,2025-02-17T00:00:00+00:00,-0.00014472,8
1739779200000,2025-02-17T08:00:00+00:00,0E-8,8
1739808000000,2025-02-17T16:00:00+00:00,-0.00017970,8
1739836800000,2025-02-18T00:00:00+00:00,-0.00004687,8
1739865600000,2025-02-18T08:00:00+00:00,-0.00007162,8
1739894400000,2025-02-18T16:00:00+00:00,-0.00007734,8
1739923200000,2025-02-19T00:00:00+00:00,0E-8,8
1739952000000,2025-02-19T08:00:00+00:00,0E-8,8
1739980800000,2025-02-19T16:00:00+00:00,-0.00018423,8
1740009600000,2025-02-20T00:00:00+00:00,0E-8,8
1740038400000,2025-02-20T08:00:00+00:00,-0.00002058,8
1740067200000,2025-02-20T16:00:00+00:00,-0.00010928,8
1740096000001,2025-02-21T00:00:00.001000+00:00,0E-8,8
1740124800000,2025-02-21T08:00:00+00:00,-0.00011679,8
1740153600000,2025-02-21T16:00:00+00:00,-0.00040529,8
1740182400000,2025-02-22T00:00:00+00:00,-0.00036429,8
1740211200000,2025-02-22T08:00:00+00:00,-0.00009168,8
1740240000000,2025-02-22T16:00:00+00:00,-0.00008452,8
1740268800000,2025-02-23T00:00:00+00:00,-0.00007381,8
1740297600000,2025-02-23T08:00:00+00:00,-0.00020784,8
1740326400000,2025-02-23T16:00:00+00:00,-0.00008545,8
1740355200000,2025-02-24T00:00:00+00:00,-0.00052382,8
1740384000000,2025-02-24T08:00:00+00:00,-0.00010661,8
1740412800000,2025-02-24T16:00:00+00:00,0E-8,8
1740441600000,2025-02-25T00:00:00+00:00,-0.00001384,8
1740470400000,2025-02-25T08:00:00+00:00,0E-8,8
1740499200000,2025-02-25T16:00:00+00:00,-0.00003019,8
1740528000000,2025-02-26T00:00:00+00:00,-0.00033883,8
1740556800000,2025-02-26T08:00:00+00:00,-0.00017781,8
1740585600000,2025-02-26T16:00:00+00:00,-0.00003690,8
1740614400001,2025-02-27T00:00:00.001000+00:00,0E-8,8
1740643200000,2025-02-27T08:00:00+00:00,0E-8,8
1740672000000,2025-02-27T16:00:00+00:00,0E-8,8
1740700800001,2025-02-28T00:00:00.001000+00:00,-0.00004567,8
1740729600000,2025-02-28T08:00:00+00:00,-0.00000634,8
1740758400000,2025-02-28T16:00:00+00:00,-0.00010522,8
1740787200000,2025-03-01T00:00:00+00:00,0E-8,8
1740816000000,2025-03-01T08:00:00+00:00,-0.00018016,8
1740844800001,2025-03-01T16:00:00.001000+00:00,-0.00036277,8
1740873600000,2025-03-02T00:00:00+00:00,-0.00025537,8
1740902400000,2025-03-02T08:00:00+00:00,-0.00001752,8
1740931200000,2025-03-02T16:00:00+00:00,0E-8,8
1740960000001,2025-03-03T00:00:00.001000+00:00,0E-8,8
1740988800000,2025-03-03T08:00:00+00:00,0E-8,8
1741017600000,2025-03-03T16:00:00+00:00,-0.00027543,8
1741046400001,2025-03-04T00:00:00.001000+00:00,-0.00018834,8
1741075200005,2025-03-04T08:00:00.005000+00:00,-0.00005518,8
1741104000000,2025-03-04T16:00:00+00:00,0E-8,8
1741132800000,2025-03-05T00:00:00+00:00,0E-8,8
1741161600000,2025-03-05T08:00:00+00:00,-0.00009954,8
1741190400000,2025-03-05T16:00:00+00:00,0E-8,8
1741219200000,2025-03-06T00:00:00+00:00,0E-8,8
1741248000001,2025-03-06T08:00:00.001000+00:00,0E-8,8
1741276800000,2025-03-06T16:00:00+00:00,0E-8,8
1741305600000,2025-03-07T00:00:00+00:00,0E-8,8
1741334400001,2025-03-07T08:00:00.001000+00:00,0E-8,8
1741363200000,2025-03-07T16:00:00+00:00,0E-8,8
1741392000000,2025-03-08T00:00:00+00:00,0E-8,8
1741420800001,2025-03-08T08:00:00.001000+00:00,0E-8,8
1741449600001,2025-03-08T16:00:00.001000+00:00,0E-8,8
1741478400001,2025-03-09T00:00:00.001000+00:00,0E-8,8
1741507200000,2025-03-09T08:00:00+00:00,-0.00009932,8
1741536000000,2025-03-09T16:00:00+00:00,-0.00003136,8
1741564800000,2025-03-10T00:00:00+00:00,-0.00010786,8
1741593600000,2025-03-10T08:00:00+00:00,0E-8,8
1741622400000,2025-03-10T16:00:00+00:00,0E-8,8
1741651200000,2025-03-11T00:00:00+00:00,-0.00006362,8
1741680000000,2025-03-11T08:00:00+00:00,-0.00006049,8
1741708800001,2025-03-11T16:00:00.001000+00:00,0E-8,8
1741737600000,2025-03-12T00:00:00+00:00,0E-8,8
1741766400000,2025-03-12T08:00:00+00:00,-0.00001423,8
1741795200001,2025-03-12T16:00:00.001000+00:00,0E-8,8
1741824000000,2025-03-13T00:00:00+00:00,0E-8,8
1741852800000,2025-03-13T08:00:00+00:00,0E-8,8
1741881600000,2025-03-13T16:00:00+00:00,0E-8,8
1741910400000,2025-03-14T00:00:00+00:00,0E-8,8
1741939200000,2025-03-14T08:00:00+00:00,-0.00004742,8
1741968000000,2025-03-14T16:00:00+00:00,-0.00001454,8
1741996800000,2025-03-15T00:00:00+00:00,-0.00002856,8
1742025600000,2025-03-15T08:00:00+00:00,-0.00000731,8
1742054400000,2025-03-15T16:00:00+00:00,0E-8,8
1742083200000,2025-03-16T00:00:00+00:00,0E-8,8
1742112000000,2025-03-16T08:00:00+00:00,0E-8,8
1742140800000,2025-03-16T16:00:00+00:00,0E-8,8
1742169600000,2025-03-17T00:00:00+00:00,0E-8,8
1742198400000,2025-03-17T08:00:00+00:00,0E-8,8
1742227200000,2025-03-17T16:00:00+00:00,0E-8,8
1742256000000,2025-03-18T00:00:00+00:00,-0.00003807,8
1742284800000,2025-03-18T08:00:00+00:00,0E-8,8
1742313600000,2025-03-18T16:00:00+00:00,0E-8,8
1742342400000,2025-03-19T00:00:00+00:00,-0.00010693,8
1742371200000,2025-03-19T08:00:00+00:00,-0.00010256,8
1742400000000,2025-03-19T16:00:00+00:00,-0.00015238,8
1742428800000,2025-03-20T00:00:00+00:00,-0.00047322,8
1742457600000,2025-03-20T08:00:00+00:00,-0.00000586,8
1742486400000,2025-03-20T16:00:00+00:00,-0.00012553,8
1742515200000,2025-03-21T00:00:00+00:00,-0.00031252,8
1742544000000,2025-03-21T08:00:00+00:00,-0.00055149,8
1742572800000,2025-03-21T16:00:00+00:00,-0.00034207,8
1742601600000,2025-03-22T00:00:00+00:00,-0.00033579,8
1742630400004,2025-03-22T08:00:00.004000+00:00,-0.00033100,8
1742659200000,2025-03-22T16:00:00+00:00,-0.00037452,8
1742688000000,2025-03-23T00:00:00+00:00,-0.00029912,8
1742716800000,2025-03-23T08:00:00+00:00,-0.00032430,8
1742745600000,2025-03-23T16:00:00+00:00,-0.00048595,8
1742774400000,2025-03-24T00:00:00+00:00,-0.00019082,8
1742803200000,2025-03-24T08:00:00+00:00,-0.00027641,8
1742832000000,2025-03-24T16:00:00+00:00,-0.00018556,8
1742860800001,2025-03-25T00:00:00.001000+00:00,-0.00014070,8
1742889600000,2025-03-25T08:00:00+00:00,-0.00032595,8
1742918400000,2025-03-25T16:00:00+00:00,0E-8,8
1742947200000,2025-03-26T00:00:00+00:00,0E-8,8
1742976000000,2025-03-26T08:00:00+00:00,0E-8,8
1743004800001,2025-03-26T16:00:00.001000+00:00,0E-8,8
1743033600001,2025-03-27T00:00:00.001000+00:00,0E-8,8
1743062400001,2025-03-27T08:00:00.001000+00:00,0E-8,8
1743091200002,2025-03-27T16:00:00.002000+00:00,-0.00002320,8
1743120000001,2025-03-28T00:00:00.001000+00:00,-0.00023061,8
1743148800001,2025-03-28T08:00:00.001000+00:00,-0.00019365,8
1743177600000,2025-03-28T16:00:00+00:00,-0.00003604,8
1743206400000,2025-03-29T00:00:00+00:00,-0.00026164,8
1743235200000,2025-03-29T08:00:00+00:00,-0.00022020,8
1743264000000,2025-03-29T16:00:00+00:00,-0.00026952,8
1743292800000,2025-03-30T00:00:00+00:00,-0.00025764,8
1743321600000,2025-03-30T08:00:00+00:00,-0.00045028,8
1743350400000,2025-03-30T16:00:00+00:00,-0.00033423,8
1743379200000,2025-03-31T00:00:00+00:00,-0.00022809,8
1743408000000,2025-03-31T08:00:00+00:00,-0.00005040,8
1743436800000,2025-03-31T16:00:00+00:00,-0.00004323,8
1743465600000,2025-04-01T00:00:00+00:00,0E-8,8
1743494400001,2025-04-01T08:00:00.001000+00:00,0E-8,8
1743523200000,2025-04-01T16:00:00+00:00,-0.00079717,8
1743552000001,2025-04-02T00:00:00.001000+00:00,0E-8,8
1743580800000,2025-04-02T08:00:00+00:00,0E-8,8
1743609600000,2025-04-02T16:00:00+00:00,-0.00008386,8
1743638400000,2025-04-03T00:00:00+00:00,-0.00024780,8
1743667200000,2025-04-03T08:00:00+00:00,-0.00045003,8
1743696000000,2025-04-03T16:00:00+00:00,0E-8,8
1743724800000,2025-04-04T00:00:00+00:00,0E-8,8
1743753600000,2025-04-04T08:00:00+00:00,0E-8,8
1743782400000,2025-04-04T16:00:00+00:00,0E-8,8
1743811200000,2025-04-05T00:00:00+00:00,0E-8,8
1743840000000,2025-04-05T08:00:00+00:00,0E-8,8
1743868800000,2025-04-05T16:00:00+00:00,0E-8,8
1743897600000,2025-04-06T00:00:00+00:00,0E-8,8
1743926400000,2025-04-06T08:00:00+00:00,0E-8,8
1743955200002,2025-04-06T16:00:00.002000+00:00,0E-8,8
1743984000000,2025-04-07T00:00:00+00:00,0E-8,8
1744012800000,2025-04-07T08:00:00+00:00,0E-8,8
1744041600000,2025-04-07T16:00:00+00:00,0E-8,8
1744070400000,2025-04-08T00:00:00+00:00,0E-8,8
1744099200000,2025-04-08T08:00:00+00:00,0E-8,8
1744128000000,2025-04-08T16:00:00+00:00,0E-8,8
1744156800000,2025-04-09T00:00:00+00:00,0E-8,8
1744185600001,2025-04-09T08:00:00.001000+00:00,0E-8,8
1744214400000,2025-04-09T16:00:00+00:00,0E-8,8
1744243200000,2025-04-10T00:00:00+00:00,0E-8,8
1744272000000,2025-04-10T08:00:00+00:00,0E-8,8
1744300800000,2025-04-10T16:00:00+00:00,0E-8,8
1744329600001,2025-04-11T00:00:00.001000+00:00,0E-8,8
1744358400000,2025-04-11T08:00:00+00:00,0E-8,8
1744387200000,2025-04-11T16:00:00+00:00,0E-8,8
1744416000000,2025-04-12T00:00:00+00:00,0E-8,8
1744444800001,2025-04-12T08:00:00.001000+00:00,-0.00015552,8
1744473600000,2025-04-12T16:00:00+00:00,-0.00017994,8
1744502400000,2025-04-13T00:00:00+00:00,0E-8,8
1744531200000,2025-04-13T08:00:00+00:00,0E-8,8
1744560000000,2025-04-13T16:00:00+00:00,-0.00005726,8
1744588800000,2025-04-14T00:00:00+00:00,-0.00004860,8
1744617600000,2025-04-14T08:00:00+00:00,0E-8,8
1744646400000,2025-04-14T16:00:00+00:00,-0.00013678,8
1744675200000,2025-04-15T00:00:00+00:00,-0.00009005,8
1744704000000,2025-04-15T08:00:00+00:00,0E-8,8
1744732800001,2025-04-15T16:00:00.001000+00:00,0E-8,8
1744761600000,2025-04-16T00:00:00+00:00,-0.00022781,8
1744790400000,2025-04-16T08:00:00+00:00,0E-8,8
1744819200000,2025-04-16T16:00:00+00:00,0E-8,8
1744848000001,2025-04-17T00:00:00.001000+00:00,0E-8,8
1744876800000,2025-04-17T08:00:00+00:00,0E-8,8
1744905600001,2025-04-17T16:00:00.001000+00:00,0E-8,8
1744934400000,2025-04-18T00:00:00+00:00,0E-8,8
1744963200000,2025-04-18T08:00:00+00:00,-0.00022317,8
1744992000000,2025-04-18T16:00:00+00:00,-0.00005807,8
1745020800000,2025-04-19T00:00:00+00:00,0E-8,8
1745049600000,2025-04-19T08:00:00+00:00,-0.00034700,8
1745078400000,2025-04-19T16:00:00+00:00,-0.00041186,8
1745107200000,2025-04-20T00:00:00+00:00,0E-8,8
1745136000000,2025-04-20T08:00:00+00:00,0E-8,8
1745164800000,2025-04-20T16:00:00+00:00,0E-8,8
1745193600000,2025-04-21T00:00:00+00:00,-0.00021758,8
1745222400005,2025-04-21T08:00:00.005000+00:00,0E-8,8
1745251200003,2025-04-21T16:00:00.003000+00:00,0E-8,8
1745280000008,2025-04-22T00:00:00.008000+00:00,-0.00023365,8
1745308800000,2025-04-22T08:00:00+00:00,-0.00010438,8
1745337600000,2025-04-22T16:00:00+00:00,0E-8,8
1745366400000,2025-04-23T00:00:00+00:00,0E-8,8
1745395200002,2025-04-23T08:00:00.002000+00:00,0E-8,8
1745424000000,2025-04-23T16:00:00+00:00,0E-8,8
1745452800000,2025-04-24T00:00:00+00:00,0E-8,8
1745481600001,2025-04-24T08:00:00.001000+00:00,0E-8,8
1745510400001,2025-04-24T16:00:00.001000+00:00,0E-8,8
1745539200007,2025-04-25T00:00:00.007000+00:00,0E-8,8
1745568000002,2025-04-25T08:00:00.002000+00:00,0E-8,8
1745596800003,2025-04-25T16:00:00.003000+00:00,0E-8,8
1745625600002,2025-04-26T00:00:00.002000+00:00,0E-8,8
1745654400000,2025-04-26T08:00:00+00:00,-0.00005172,8
1745683200002,2025-04-26T16:00:00.002000+00:00,0E-8,8
1745712000001,2025-04-27T00:00:00.001000+00:00,0E-8,8
1745740800000,2025-04-27T08:00:00+00:00,-0.00007247,8
1745769600000,2025-04-27T16:00:00+00:00,-0.00008618,8
1745798400001,2025-04-28T00:00:00.001000+00:00,0E-8,8
1745827200003,2025-04-28T08:00:00.003000+00:00,0E-8,8
1745856000005,2025-04-28T16:00:00.005000+00:00,0E-8,8
1745884800000,2025-04-29T00:00:00+00:00,0E-8,8
1745913600000,2025-04-29T08:00:00+00:00,0E-8,8
1745942400010,2025-04-29T16:00:00.010000+00:00,-0.00004513,8
1745971200001,2025-04-30T00:00:00.001000+00:00,-0.00022437,8
1746000000000,2025-04-30T08:00:00+00:00,0E-8,8
1746028800003,2025-04-30T16:00:00.003000+00:00,-0.00001462,8
1746057600000,2025-05-01T00:00:00+00:00,-0.00049730,8
1746086400000,2025-05-01T08:00:00+00:00,0E-8,8
1746115200001,2025-05-01T16:00:00.001000+00:00,0E-8,8
1746144000000,2025-05-02T00:00:00+00:00,-0.00020135,8
1746172800000,2025-05-02T08:00:00+00:00,0E-8,8
1746201600003,2025-05-02T16:00:00.003000+00:00,0E-8,8
1746230400000,2025-05-03T00:00:00+00:00,-0.00000636,8
1746259200000,2025-05-03T08:00:00+00:00,0E-8,8
1746288000000,2025-05-03T16:00:00+00:00,-0.00003504,8
1746316800001,2025-05-04T00:00:00.001000+00:00,-0.00001702,8
1746345600001,2025-05-04T08:00:00.001000+00:00,-0.00003106,8
1746374400002,2025-05-04T16:00:00.002000+00:00,-0.00049565,8
1746403200000,2025-05-05T00:00:00+00:00,-0.00030230,8
1746432000000,2025-05-05T08:00:00+00:00,0E-8,8
1746460800006,2025-05-05T16:00:00.006000+00:00,0E-8,8
1746489600002,2025-05-06T00:00:00.002000+00:00,-0.00001939,8
1746518400005,2025-05-06T08:00:00.005000+00:00,-0.00046111,8
1746547200000,2025-05-06T16:00:00+00:00,0E-8,8
1746576000002,2025-05-07T00:00:00.002000+00:00,0E-8,8
1746604800000,2025-05-07T08:00:00+00:00,0E-8,8
1746633600006,2025-05-07T16:00:00.006000+00:00,0E-8,8
1746662400000,2025-05-08T00:00:00+00:00,-0.00006247,8
1746691200001,2025-05-08T08:00:00.001000+00:00,0E-8,8
1746720000002,2025-05-08T16:00:00.002000+00:00,0E-8,8
1746748800001,2025-05-09T00:00:00.001000+00:00,0E-8,8
1746777600006,2025-05-09T08:00:00.006000+00:00,0E-8,8
1746806400000,2025-05-09T16:00:00+00:00,0E-8,8
1746835200001,2025-05-10T00:00:00.001000+00:00,0E-8,8
1746864000000,2025-05-10T08:00:00+00:00,0E-8,8
1746892800001,2025-05-10T16:00:00.001000+00:00,0E-8,8
1746921600000,2025-05-11T00:00:00+00:00,0E-8,8
1746950400001,2025-05-11T08:00:00.001000+00:00,0.00002903,8
1746979200001,2025-05-11T16:00:00.001000+00:00,0.00000649,8
1747008000004,2025-05-12T00:00:00.004000+00:00,0E-8,8
1747036800000,2025-05-12T08:00:00+00:00,0E-8,8
1747065600000,2025-05-12T16:00:00+00:00,0.00006043,8
1747094400000,2025-05-13T00:00:00+00:00,0E-8,8
1747123200008,2025-05-13T08:00:00.008000+00:00,0E-8,8
1747152000001,2025-05-13T16:00:00.001000+00:00,0E-8,8
1747180800007,2025-05-14T00:00:00.007000+00:00,0.00005012,8
1747209600000,2025-05-14T08:00:00+00:00,0E-8,8
1747238400002,2025-05-14T16:00:00.002000+00:00,0E-8,8
1747267200000,2025-05-15T00:00:00+00:00,0E-8,8
1747296000003,2025-05-15T08:00:00.003000+00:00,0E-8,8
1747324800000,2025-05-15T16:00:00+00:00,0E-8,8
1747353600001,2025-05-16T00:00:00.001000+00:00,0E-8,8
1747382400000,2025-05-16T08:00:00+00:00,0E-8,8
1747411200000,2025-05-16T16:00:00+00:00,0E-8,8
1747440000000,2025-05-17T00:00:00+00:00,0E-8,8
1747468800001,2025-05-17T08:00:00.001000+00:00,0E-8,8
1747497600004,2025-05-17T16:00:00.004000+00:00,0E-8,8
1747526400000,2025-05-18T00:00:00+00:00,0E-8,8
1747555200000,2025-05-18T08:00:00+00:00,0E-8,8
1747584000000,2025-05-18T16:00:00+00:00,0E-8,8
1747612800000,2025-05-19T00:00:00+00:00,0E-8,8
1747641600006,2025-05-19T08:00:00.006000+00:00,0E-8,8
1747670400010,2025-05-19T16:00:00.010000+00:00,0E-8,8
1747699200000,2025-05-20T00:00:00+00:00,0E-8,8
1747728000002,2025-05-20T08:00:00.002000+00:00,0E-8,8
1747756800000,2025-05-20T16:00:00+00:00,0E-8,8
1747785600000,2025-05-21T00:00:00+00:00,0E-8,8
1747814400001,2025-05-21T08:00:00.001000+00:00,0E-8,8
1747843200004,2025-05-21T16:00:00.004000+00:00,0E-8,8
1747872000001,2025-05-22T00:00:00.001000+00:00,0E-8,8
1747900800000,2025-05-22T08:00:00+00:00,0E-8,8
1747929600002,2025-05-22T16:00:00.002000+00:00,0E-8,8
1747958400006,2025-05-23T00:00:00.006000+00:00,0E-8,8
1747987200000,2025-05-23T08:00:00+00:00,0E-8,8
1748016000007,2025-05-23T16:00:00.007000+00:00,0E-8,8
1748044800010,2025-05-24T00:00:00.010000+00:00,0E-8,8
1748073600000,2025-05-24T08:00:00+00:00,0E-8,8
1748102400003,2025-05-24T16:00:00.003000+00:00,0E-8,8
1748131200004,2025-05-25T00:00:00.004000+00:00,0E-8,8
1748160000000,2025-05-25T08:00:00+00:00,0E-8,8
1748188800000,2025-05-25T16:00:00+00:00,0E-8,8
1748217600000,2025-05-26T00:00:00+00:00,0E-8,8
1748246400000,2025-05-26T08:00:00+00:00,0E-8,8
1748275200002,2025-05-26T16:00:00.002000+00:00,0E-8,8
1748304000003,2025-05-27T00:00:00.003000+00:00,0E-8,8
1748332800001,2025-05-27T08:00:00.001000+00:00,0E-8,8
1748361600005,2025-05-27T16:00:00.005000+00:00,0E-8,8
1748390400002,2025-05-28T00:00:00.002000+00:00,0E-8,8
1748419200003,2025-05-28T08:00:00.003000+00:00,0E-8,8
1748448000002,2025-05-28T16:00:00.002000+00:00,0E-8,8
1748476800000,2025-05-29T00:00:00+00:00,0E-8,8
1748505600006,2025-05-29T08:00:00.006000+00:00,0E-8,8
1748534400000,2025-05-29T16:00:00+00:00,0E-8,8
1748563200003,2025-05-30T00:00:00.003000+00:00,0E-8,8
1748592000003,2025-05-30T08:00:00.003000+00:00,0E-8,8
1748620800000,2025-05-30T16:00:00+00:00,0E-8,8
1748649600000,2025-05-31T00:00:00+00:00,0E-8,8
1748678400000,2025-05-31T08:00:00+00:00,-0.00003519,8
1748707200000,2025-05-31T16:00:00+00:00,0E-8,8
1748736000001,2025-06-01T00:00:00.001000+00:00,0E-8,8
1748764800002,2025-06-01T08:00:00.002000+00:00,-0.00002485,8
1748793600000,2025-06-01T16:00:00+00:00,-0.00001710,8
1748822400001,2025-06-02T00:00:00.001000+00:00,0E-8,8
1748851200000,2025-06-02T08:00:00+00:00,0E-8,8
1748880000000,2025-06-02T16:00:00+00:00,0E-8,8
1748908800000,2025-06-03T00:00:00+00:00,0E-8,8
1748937600000,2025-06-03T08:00:00+00:00,0E-8,8
1748966400001,2025-06-03T16:00:00.001000+00:00,0E-8,8
1748995200000,2025-06-04T00:00:00+00:00,0E-8,8
1749024000000,2025-06-04T08:00:00+00:00,0E-8,8
1749052800000,2025-06-04T16:00:00+00:00,0E-8,8
1749081600016,2025-06-05T00:00:00.016000+00:00,0E-8,8
1749110400000,2025-06-05T08:00:00+00:00,0E-8,8
1749139200000,2025-06-05T16:00:00+00:00,0E-8,8
1749168000002,2025-06-06T00:00:00.002000+00:00,-0.00017896,8
1749196800000,2025-06-06T08:00:00+00:00,-0.00016509,8
1749225600006,2025-06-06T16:00:00.006000+00:00,0E-8,8
1749254400000,2025-06-07T00:00:00+00:00,0E-8,8
1749283200000,2025-06-07T08:00:00+00:00,-0.00002929,8
1749312000002,2025-06-07T16:00:00.002000+00:00,-0.00003338,8
1749340800000,2025-06-08T00:00:00+00:00,0E-8,8
1749369600000,2025-06-08T08:00:00+00:00,-0.00005138,8
1749398400000,2025-06-08T16:00:00+00:00,0E-8,8
1749427200000,2025-06-09T00:00:00+00:00,0E-8,8
1749456000001,2025-06-09T08:00:00.001000+00:00,-0.00013999,8
1749484800001,2025-06-09T16:00:00.001000+00:00,-0.00002759,8
1749513600000,2025-06-10T00:00:00+00:00,0E-8,8
1749542400001,2025-06-10T08:00:00.001000+00:00,0E-8,8
1749571200003,2025-06-10T16:00:00.003000+00:00,-0.00002840,8
1749600000000,2025-06-11T00:00:00+00:00,0E-8,8
1749628800000,2025-06-11T08:00:00+00:00,0E-8,8
1749657600010,2025-06-11T16:00:00.010000+00:00,0E-8,8
1749686400002,2025-06-12T00:00:00.002000+00:00,0E-8,8
1749715200003,2025-06-12T08:00:00.003000+00:00,0E-8,8
1749744000001,2025-06-12T16:00:00.001000+00:00,0E-8,8
1749772800000,2025-06-13T00:00:00+00:00,-0.00008669,8
1749801600001,2025-06-13T08:00:00.001000+00:00,0E-8,8
1749830400004,2025-06-13T16:00:00.004000+00:00,0E-8,8
1749859200000,2025-06-14T00:00:00+00:00,0E-8,8
1749888000000,2025-06-14T08:00:00+00:00,-0.00009685,8
1749916800000,2025-06-14T16:00:00+00:00,-0.00014980,8
1749945600005,2025-06-15T00:00:00.005000+00:00,-0.00015328,8
1749974400009,2025-06-15T08:00:00.009000+00:00,0E-8,8
1750003200000,2025-06-15T16:00:00+00:00,0E-8,8
1750032000000,2025-06-16T00:00:00+00:00,0E-8,8
1750060800000,2025-06-16T08:00:00+00:00,0E-8,8
1750089600003,2025-06-16T16:00:00.003000+00:00,0E-8,8
1750118400000,2025-06-17T00:00:00+00:00,0E-8,8
1750147200006,2025-06-17T08:00:00.006000+00:00,0E-8,8
1750176000001,2025-06-17T16:00:00.001000+00:00,0E-8,8
1750204800001,2025-06-18T00:00:00.001000+00:00,0E-8,8
1750233600001,2025-06-18T08:00:00.001000+00:00,0E-8,8
1750262400001,2025-06-18T16:00:00.001000+00:00,-0.00017564,8
1750291200005,2025-06-19T00:00:00.005000+00:00,-0.00006854,8
1750320000003,2025-06-19T08:00:00.003000+00:00,0E-8,8
1750348800000,2025-06-19T16:00:00+00:00,0E-8,8
1750377600000,2025-06-20T00:00:00+00:00,0E-8,8
1750406400002,2025-06-20T08:00:00.002000+00:00,0E-8,8
1750435200001,2025-06-20T16:00:00.001000+00:00,0E-8,8
1750464000002,2025-06-21T00:00:00.002000+00:00,0E-8,8
1750492800005,2025-06-21T08:00:00.005000+00:00,0E-8,8
1750521600000,2025-06-21T16:00:00+00:00,-0.00015072,8
1750550400005,2025-06-22T00:00:00.005000+00:00,-0.00012535,8
1750579200000,2025-06-22T08:00:00+00:00,0E-8,8
1750608000003,2025-06-22T16:00:00.003000+00:00,0E-8,8
1750636800000,2025-06-23T00:00:00+00:00,0E-8,8
1750665600004,2025-06-23T08:00:00.004000+00:00,0E-8,8
1750694400013,2025-06-23T16:00:00.013000+00:00,0E-8,8
1750723200003,2025-06-24T00:00:00.003000+00:00,-0.00000768,8
1750752000000,2025-06-24T08:00:00+00:00,-0.00016409,8
1750780800000,2025-06-24T16:00:00+00:00,-0.00012123,8
1750809600005,2025-06-25T00:00:00.005000+00:00,0E-8,8
1750838400000,2025-06-25T08:00:00+00:00,0E-8,8
1750867200005,2025-06-25T16:00:00.005000+00:00,0E-8,8
1750896000000,2025-06-26T00:00:00+00:00,0E-8,8
1750924800006,2025-06-26T08:00:00.006000+00:00,0E-8,8
1750953600007,2025-06-26T16:00:00.007000+00:00,0E-8,8
1750982400000,2025-06-27T00:00:00+00:00,0E-8,8
1751011200000,2025-06-27T08:00:00+00:00,0E-8,8
1751040000009,2025-06-27T16:00:00.009000+00:00,0E-8,8
1751068800001,2025-06-28T00:00:00.001000+00:00,0E-8,8
1751097600002,2025-06-28T08:00:00.002000+00:00,0E-8,8
1751126400000,2025-06-28T16:00:00+00:00,0E-8,8
1751155200004,2025-06-29T00:00:00.004000+00:00,0E-8,8
1751184000001,2025-06-29T08:00:00.001000+00:00,0E-8,8
1751212800001,2025-06-29T16:00:00.001000+00:00,0E-8,8
1751241600000,2025-06-30T00:00:00+00:00,0E-8,8
1751270400005,2025-06-30T08:00:00.005000+00:00,0E-8,8
1751299200002,2025-06-30T16:00:00.002000+00:00,0E-8,8
1751328000007,2025-07-01T00:00:00.007000+00:00,0E-8,8
1751356800002,2025-07-01T08:00:00.002000+00:00,0E-8,8
1751385600000,2025-07-01T16:00:00+00:00,0E-8,8
1751414400001,2025-07-02T00:00:00.001000+00:00,0E-8,8
1751443200000,2025-07-02T08:00:00+00:00,0E-8,8
1751472000003,2025-07-02T16:00:00.003000+00:00,0E-8,8
1751500800006,2025-07-03T00:00:00.006000+00:00,0E-8,8
1751529600003,2025-07-03T08:00:00.003000+00:00,0E-8,8
1751558400003,2025-07-03T16:00:00.003000+00:00,0E-8,8
1751587200005,2025-07-04T00:00:00.005000+00:00,0E-8,8
1751616000003,2025-07-04T08:00:00.003000+00:00,0E-8,8
1751644800001,2025-07-04T16:00:00.001000+00:00,0E-8,8
1751673600004,2025-07-05T00:00:00.004000+00:00,0E-8,8
1751702400009,2025-07-05T08:00:00.009000+00:00,0E-8,8
1751731200006,2025-07-05T16:00:00.006000+00:00,0E-8,8
1751760000001,2025-07-06T00:00:00.001000+00:00,0E-8,8
1751788800002,2025-07-06T08:00:00.002000+00:00,0E-8,8
1751817600004,2025-07-06T16:00:00.004000+00:00,0E-8,8
1751846400000,2025-07-07T00:00:00+00:00,0E-8,8
1751875200007,2025-07-07T08:00:00.007000+00:00,0E-8,8
1751904000000,2025-07-07T16:00:00+00:00,0E-8,8
1751932800010,2025-07-08T00:00:00.010000+00:00,0E-8,8
1751961600003,2025-07-08T08:00:00.003000+00:00,0E-8,8
1751990400000,2025-07-08T16:00:00+00:00,0E-8,8
1752019200002,2025-07-09T00:00:00.002000+00:00,0E-8,8
1752048000006,2025-07-09T08:00:00.006000+00:00,0E-8,8
1752076800001,2025-07-09T16:00:00.001000+00:00,0E-8,8
1752105600003,2025-07-10T00:00:00.003000+00:00,0E-8,8
1752134400000,2025-07-10T08:00:00+00:00,0E-8,8
1752163200004,2025-07-10T16:00:00.004000+00:00,0E-8,8
1752192000004,2025-07-11T00:00:00.004000+00:00,0E-8,8
1752220800007,2025-07-11T08:00:00.007000+00:00,0E-8,8
1752249600001,2025-07-11T16:00:00.001000+00:00,0E-8,8
1752278400000,2025-07-12T00:00:00+00:00,0E-8,8
1752307200001,2025-07-12T08:00:00.001000+00:00,0.00002145,8
1752336000002,2025-07-12T16:00:00.002000+00:00,0E-8,8
1752364800006,2025-07-13T00:00:00.006000+00:00,0E-8,8
1752393600001,2025-07-13T08:00:00.001000+00:00,0E-8,8
1752422400003,2025-07-13T16:00:00.003000+00:00,0E-8,8
1752451200000,2025-07-14T00:00:00+00:00,0E-8,8
1752480000000,2025-07-14T08:00:00+00:00,0.00009440,8
1752508800000,2025-07-14T16:00:00+00:00,0E-8,8
1752537600002,2025-07-15T00:00:00.002000+00:00,0E-8,8
1752566400000,2025-07-15T08:00:00+00:00,0E-8,8
1752595200000,2025-07-15T16:00:00+00:00,0E-8,8
1752624000000,2025-07-16T00:00:00+00:00,0E-8,8
1752652800000,2025-07-16T08:00:00+00:00,0E-8,8
1752681600008,2025-07-16T16:00:00.008000+00:00,0E-8,8
1752710400003,2025-07-17T00:00:00.003000+00:00,0E-8,8
1752739200000,2025-07-17T08:00:00+00:00,0E-8,8
1752768000000,2025-07-17T16:00:00+00:00,0.00004682,8
1752796800004,2025-07-18T00:00:00.004000+00:00,0.00005506,8
1752825600000,2025-07-18T08:00:00+00:00,0.00013265,8
1752854400000,2025-07-18T16:00:00+00:00,0.00004213,8
1752883200009,2025-07-19T00:00:00.009000+00:00,0E-8,8
1752912000000,2025-07-19T08:00:00+00:00,0E-8,8
1752940800002,2025-07-19T16:00:00.002000+00:00,0E-8,8
1752969600000,2025-07-20T00:00:00+00:00,0E-8,8
1752998400000,2025-07-20T08:00:00+00:00,0.00001211,8
1753027200000,2025-07-20T16:00:00+00:00,0E-8,8
1753056000001,2025-07-21T00:00:00.001000+00:00,0.00003139,8
1753084800000,2025-07-21T08:00:00+00:00,0.00001130,8
1753113600001,2025-07-21T16:00:00.001000+00:00,0.00012067,8
1753142400000,2025-07-22T00:00:00+00:00,0E-8,8
1753171200010,2025-07-22T08:00:00.010000+00:00,0E-8,8
1753200000007,2025-07-22T16:00:00.007000+00:00,0.00010652,8
1753228800000,2025-07-23T00:00:00+00:00,0.00024488,8
1753257600004,2025-07-23T08:00:00.004000+00:00,0.00023989,8
1753286400002,2025-07-23T16:00:00.002000+00:00,0.00003205,8
1753315200000,2025-07-24T00:00:00+00:00,0E-8,8
1753344000001,2025-07-24T08:00:00.001000+00:00,0E-8,8
1753372800000,2025-07-24T16:00:00+00:00,0.00003908,8
1753401600000,2025-07-25T00:00:00+00:00,0E-8,8
1753430400000,2025-07-25T08:00:00+00:00,0E-8,8
1753459200000,2025-07-25T16:00:00+00:00,0.00001809,8
1753488000001,2025-07-26T00:00:00.001000+00:00,0.00013733,8
1753516800005,2025-07-26T08:00:00.005000+00:00,0.00000560,8
1753545600001,2025-07-26T16:00:00.001000+00:00,0.00000157,8
1753574400001,2025-07-27T00:00:00.001000+00:00,0.00012703,8
1753603200000,2025-07-27T08:00:00+00:00,0E-8,8
1753632000008,2025-07-27T16:00:00.008000+00:00,0.00009734,8
1753660800005,2025-07-28T00:00:00.005000+00:00,0.00013252,8
1753689600000,2025-07-28T08:00:00+00:00,0.00010789,8
1753718400000,2025-07-28T16:00:00+00:00,0.00011022,8
1753747200001,2025-07-29T00:00:00.001000+00:00,0.00005822,8
1753776000000,2025-07-29T08:00:00+00:00,0.00000714,8
1753804800000,2025-07-29T16:00:00+00:00,0.00007209,8
1753833600011,2025-07-30T00:00:00.011000+00:00,0.00010428,8
1753862400000,2025-07-30T08:00:00+00:00,0.00003363,8
1753891200008,2025-07-30T16:00:00.008000+00:00,0.00003062,8
1753920000000,2025-07-31T00:00:00+00:00,0.00007977,8
1753948800009,2025-07-31T08:00:00.009000+00:00,0E-8,8
1753977600000,2025-07-31T16:00:00+00:00,0E-8,8
1754006400001,2025-08-01T00:00:00.001000+00:00,0E-8,8
1754035200003,2025-08-01T08:00:00.003000+00:00,0.00002565,8
1754064000000,2025-08-01T16:00:00+00:00,0.00003090,8
1754092800004,2025-08-02T00:00:00.004000+00:00,0.00000979,8
1754121600000,2025-08-02T08:00:00+00:00,0E-8,8
1754150400000,2025-08-02T16:00:00+00:00,0E-8,8
1754179200000,2025-08-03T00:00:00+00:00,0.00003677,8
1754208000000,2025-08-03T08:00:00+00:00,0E-8,8
1754236800003,2025-08-03T16:00:00.003000+00:00,0E-8,8
1754265600004,2025-08-04T00:00:00.004000+00:00,0E-8,8
1754294400000,2025-08-04T08:00:00+00:00,0E-8,8
1754323200002,2025-08-04T16:00:00.002000+00:00,0E-8,8
1754352000000,2025-08-05T00:00:00+00:00,0E-8,8
1754380800000,2025-08-05T08:00:00+00:00,0E-8,8
1754409600000,2025-08-05T16:00:00+00:00,0E-8,8
1754438400005,2025-08-06T00:00:00.005000+00:00,0E-8,8
1754467200000,2025-08-06T08:00:00+00:00,0E-8,8
1754496000000,2025-08-06T16:00:00+00:00,0.00003269,8
1754524800003,2025-08-07T00:00:00.003000+00:00,0.00004170,8
1754553600002,2025-08-07T08:00:00.002000+00:00,0E-8,8
1754582400002,2025-08-07T16:00:00.002000+00:00,0E-8,8
1754611200002,2025-08-08T00:00:00.002000+00:00,0E-8,8
1754640000004,2025-08-08T08:00:00.004000+00:00,0E-8,8
1754668800000,2025-08-08T16:00:00+00:00,0E-8,8
1754697600005,2025-08-09T00:00:00.005000+00:00,0E-8,8
1754726400000,2025-08-09T08:00:00+00:00,0E-8,8
1754755200007,2025-08-09T16:00:00.007000+00:00,0.00005501,8
1754784000003,2025-08-10T00:00:00.003000+00:00,0E-8,8
1754812800005,2025-08-10T08:00:00.005000+00:00,0.00003278,8
1754841600002,2025-08-10T16:00:00.002000+00:00,0E-8,8
1754870400000,2025-08-11T00:00:00+00:00,0E-8,8
1754899200000,2025-08-11T08:00:00+00:00,0.00014301,8
1754928000000,2025-08-11T16:00:00+00:00,0E-8,8
1754956800000,2025-08-12T00:00:00+00:00,0E-8,8
1754985600001,2025-08-12T08:00:00.001000+00:00,0E-8,8
1755014400005,2025-08-12T16:00:00.005000+00:00,0E-8,8
1755043200000,2025-08-13T00:00:00+00:00,0.00014410,8
1755072000002,2025-08-13T08:00:00.002000+00:00,0.00007511,8
1755100800006,2025-08-13T16:00:00.006000+00:00,0.00022827,8
1755129600002,2025-08-14T00:00:00.002000+00:00,0.00002287,8
1755158400003,2025-08-14T08:00:00.003000+00:00,0.00019442,8
1755187200000,2025-08-14T16:00:00+00:00,0.00008604,8
1755216000000,2025-08-15T00:00:00+00:00,0E-8,8
1755244800000,2025-08-15T08:00:00+00:00,0E-8,8
1755273600000,2025-08-15T16:00:00+00:00,0E-8,8
1755302400004,2025-08-16T00:00:00.004000+00:00,0E-8,8
1755331200000,2025-08-16T08:00:00+00:00,0E-8,8
1755360000002,2025-08-16T16:00:00.002000+00:00,0E-8,8
1755388800000,2025-08-17T00:00:00+00:00,0E-8,8
1755417600001,2025-08-17T08:00:00.001000+00:00,0.00000344,8
1755446400007,2025-08-17T16:00:00.007000+00:00,0E-8,8
1755475200000,2025-08-18T00:00:00+00:00,0.00003265,8
1755504000001,2025-08-18T08:00:00.001000+00:00,0E-8,8
1755532800002,2025-08-18T16:00:00.002000+00:00,0E-8,8
1755561600000,2025-08-19T00:00:00+00:00,0E-8,8
1755590400001,2025-08-19T08:00:00.001000+00:00,0E-8,8
1755619200000,2025-08-19T16:00:00+00:00,0E-8,8
1755648000000,2025-08-20T00:00:00+00:00,0E-8,8
1755676800000,2025-08-20T08:00:00+00:00,0E-8,8
1755705600000,2025-08-20T16:00:00+00:00,0E-8,8
1755734400006,2025-08-21T00:00:00.006000+00:00,0.00009039,8
1755763200000,2025-08-21T08:00:00+00:00,0.00003769,8
1755792000003,2025-08-21T16:00:00.003000+00:00,0E-8,8
1755820800010,2025-08-22T00:00:00.010000+00:00,0E-8,8
1755849600007,2025-08-22T08:00:00.007000+00:00,0E-8,8
1755878400001,2025-08-22T16:00:00.001000+00:00,0.00004832,8
1755907200004,2025-08-23T00:00:00.004000+00:00,0.00032856,8
1755936000006,2025-08-23T08:00:00.006000+00:00,0.00018028,8
1755964800000,2025-08-23T16:00:00+00:00,0.00012106,8
1755993600001,2025-08-24T00:00:00.001000+00:00,0.00011059,8
1756022400002,2025-08-24T08:00:00.002000+00:00,0.00011701,8
1756051200001,2025-08-24T16:00:00.001000+00:00,0E-8,8
1756080000000,2025-08-25T00:00:00+00:00,9E-8,8
1756108800002,2025-08-25T08:00:00.002000+00:00,0.00006642,8
1756137600002,2025-08-25T16:00:00.002000+00:00,0E-8,8
1756166400000,2025-08-26T00:00:00+00:00,0E-8,8
1756195200000,2025-08-26T08:00:00+00:00,0.00000280,8
1756224000000,2025-08-26T16:00:00+00:00,0E-8,8
1756252800003,2025-08-27T00:00:00.003000+00:00,0.00004937,8
1756281600000,2025-08-27T08:00:00+00:00,0E-8,8
1756310400009,2025-08-27T16:00:00.009000+00:00,0E-8,8
1756339200000,2025-08-28T00:00:00+00:00,0.00002791,8
1756368000005,2025-08-28T08:00:00.005000+00:00,0.00009121,8
1756396800004,2025-08-28T16:00:00.004000+00:00,0.00006997,8
1756425600000,2025-08-29T00:00:00+00:00,0.00003288,8
1756454400000,2025-08-29T08:00:00+00:00,0.00001013,8
1756483200005,2025-08-29T16:00:00.005000+00:00,0.00002538,8
1756512000000,2025-08-30T00:00:00+00:00,0.00001126,8
1756540800002,2025-08-30T08:00:00.002000+00:00,0.00004455,8
1756569600003,2025-08-30T16:00:00.003000+00:00,0E-8,8
1756598400016,2025-08-31T00:00:00.016000+00:00,0.00003932,8
1756627200000,2025-08-31T08:00:00+00:00,0E-8,8
1756656000001,2025-08-31T16:00:00.001000+00:00,0E-8,8
1756684800000,2025-09-01T00:00:00+00:00,0E-8,8
1756713600000,2025-09-01T08:00:00+00:00,0E-8,8
1756742400001,2025-09-01T16:00:00.001000+00:00,0E-8,8
1756771200000,2025-09-02T00:00:00+00:00,0E-8,8
1756800000005,2025-09-02T08:00:00.005000+00:00,0E-8,8
1756828800007,2025-09-02T16:00:00.007000+00:00,0.00002168,8
1756857600006,2025-09-03T00:00:00.006000+00:00,0E-8,8
1756886400002,2025-09-03T08:00:00.002000+00:00,0E-8,8
1756915200002,2025-09-03T16:00:00.002000+00:00,0E-8,8
1756944000002,2025-09-04T00:00:00.002000+00:00,0.00002732,8
1756972800000,2025-09-04T08:00:00+00:00,0E-8,8
1757001600000,2025-09-04T16:00:00+00:00,0E-8,8
1757030400001,2025-09-05T00:00:00.001000+00:00,0E-8,8
1757059200006,2025-09-05T08:00:00.006000+00:00,0E-8,8
1757088000000,2025-09-05T16:00:00+00:00,0E-8,8
1757116800000,2025-09-06T00:00:00+00:00,0E-8,8
1757145600005,2025-09-06T08:00:00.005000+00:00,0E-8,8
1757174400000,2025-09-06T16:00:00+00:00,0.00001384,8
1757203200000,2025-09-07T00:00:00+00:00,0E-8,8
1757232000000,2025-09-07T08:00:00+00:00,0E-8,8
1757260800000,2025-09-07T16:00:00+00:00,0.00005222,8
1757289600007,2025-09-08T00:00:00.007000+00:00,0.00007418,8
1757318400000,2025-09-08T08:00:00+00:00,0E-8,8
1757347200000,2025-09-08T16:00:00+00:00,0E-8,8
1757376000000,2025-09-09T00:00:00+00:00,0.00012454,8
1757404800000,2025-09-09T08:00:00+00:00,0.00009705,8
1757433600000,2025-09-09T16:00:00+00:00,0E-8,8
1757462400000,2025-09-10T00:00:00+00:00,0E-8,8
1757491200002,2025-09-10T08:00:00.002000+00:00,0.00005321,8
1757520000000,2025-09-10T16:00:00+00:00,0.00010856,8
1757548800000,2025-09-11T00:00:00+00:00,0E-8,8
1757577600000,2025-09-11T08:00:00+00:00,0E-8,8
1757606400001,2025-09-11T16:00:00.001000+00:00,0.00002308,8
1757635200002,2025-09-12T00:00:00.002000+00:00,0E-8,8
1757664000001,2025-09-12T08:00:00.001000+00:00,0.00003147,8
1757692800005,2025-09-12T16:00:00.005000+00:00,0.00010830,8
1757721600005,2025-09-13T00:00:00.005000+00:00,0.00016022,8
1757750400002,2025-09-13T08:00:00.002000+00:00,0.00012080,8
1757779200000,2025-09-13T16:00:00+00:00,0.00012118,8
1757808000006,2025-09-14T00:00:00.006000+00:00,0E-8,8
1757836800000,2025-09-14T08:00:00+00:00,0.00010453,8
1757865600001,2025-09-14T16:00:00.001000+00:00,0E-8,8
1757894400006,2025-09-15T00:00:00.006000+00:00,0E-8,8
1757923200002,2025-09-15T08:00:00.002000+00:00,0E-8,8
1757952000001,2025-09-15T16:00:00.001000+00:00,0E-8,8
1757980800001,2025-09-16T00:00:00.001000+00:00,0.00000195,8
1758009600000,2025-09-16T08:00:00+00:00,0E-8,8
1758038400000,2025-09-16T16:00:00+00:00,0E-8,8
1758067200001,2025-09-17T00:00:00.001000+00:00,0.00015544,8
1758096000000,2025-09-17T08:00:00+00:00,0.00005771,8
1758124800003,2025-09-17T16:00:00.003000+00:00,0.00006133,8
1758153600006,2025-09-18T00:00:00.006000+00:00,0.00011161,8
1758182400002,2025-09-18T08:00:00.002000+00:00,0.00014904,8
1758211200000,2025-09-18T16:00:00+00:00,0.00007826,8
1758240000000,2025-09-19T00:00:00+00:00,0.00003442,8
1758268800005,2025-09-19T08:00:00.005000+00:00,0E-8,8
1758297600000,2025-09-19T16:00:00+00:00,0.00008365,8
1758326400000,2025-09-20T00:00:00+00:00,0E-8,8
1758355200000,2025-09-20T08:00:00+00:00,0E-8,8
1758384000002,2025-09-20T16:00:00.002000+00:00,0E-8,8
1758412800000,2025-09-21T00:00:00+00:00,0E-8,8
1758441600000,2025-09-21T08:00:00+00:00,0E-8,8
1758470400000,2025-09-21T16:00:00+00:00,0E-8,8
1758499200005,2025-09-22T00:00:00.005000+00:00,0E-8,8
1758528000003,2025-09-22T08:00:00.003000+00:00,0.00004118,8
1758556800000,2025-09-22T16:00:00+00:00,0.00007583,8
1758585600000,2025-09-23T00:00:00+00:00,0.00004293,8
1758614400001,2025-09-23T08:00:00.001000+00:00,0E-8,8
1758643200000,2025-09-23T16:00:00+00:00,0E-8,8
1758672000003,2025-09-24T00:00:00.003000+00:00,0.00006267,8
1758700800001,2025-09-24T08:00:00.001000+00:00,0E-8,8
1758729600002,2025-09-24T16:00:00.002000+00:00,0.00000926,8
1758758400000,2025-09-25T00:00:00+00:00,0E-8,8
1758787200001,2025-09-25T08:00:00.001000+00:00,0.00011201,8
1758816000000,2025-09-25T16:00:00+00:00,0.00000450,8
1758844800000,2025-09-26T00:00:00+00:00,0.00005119,8
1758873600000,2025-09-26T08:00:00+00:00,0.00000924,8
1758902400008,2025-09-26T16:00:00.008000+00:00,0E-8,8
1758931200000,2025-09-27T00:00:00+00:00,0E-8,8
1758960000010,2025-09-27T08:00:00.010000+00:00,0E-8,8
1758988800003,2025-09-27T16:00:00.003000+00:00,0E-8,8
1759017600000,2025-09-28T00:00:00+00:00,0E-8,8
1759046400000,2025-09-28T08:00:00+00:00,0E-8,8
1759075200000,2025-09-28T16:00:00+00:00,0E-8,8
1759104000000,2025-09-29T00:00:00+00:00,0E-8,8
1759132800002,2025-09-29T08:00:00.002000+00:00,0.00016081,8
1759161600001,2025-09-29T16:00:00.001000+00:00,0E-8,8
1759190400002,2025-09-30T00:00:00.002000+00:00,0E-8,8
1759219200005,2025-09-30T08:00:00.005000+00:00,0.00003761,8
1759248000000,2025-09-30T16:00:00+00:00,0.00007373,8
1759276800000,2025-10-01T00:00:00+00:00,0E-8,8
1759305600000,2025-10-01T08:00:00+00:00,0E-8,8
1759334400000,2025-10-01T16:00:00+00:00,0E-8,8
1759363200000,2025-10-02T00:00:00+00:00,0E-8,8
1759392000013,2025-10-02T08:00:00.013000+00:00,0E-8,8
1759420800000,2025-10-02T16:00:00+00:00,0E-8,8
1759449600006,2025-10-03T00:00:00.006000+00:00,0.00021025,8
1759478400006,2025-10-03T08:00:00.006000+00:00,0.00009993,8
1759507200000,2025-10-03T16:00:00+00:00,0.00002968,8
1759536000001,2025-10-04T00:00:00.001000+00:00,0.00009490,8
1759564800000,2025-10-04T08:00:00+00:00,0.00003472,8
1759593600000,2025-10-04T16:00:00+00:00,0.00003987,8
1759622400000,2025-10-05T00:00:00+00:00,0.00004607,8
1759651200003,2025-10-05T08:00:00.003000+00:00,0E-8,8
1759680000009,2025-10-05T16:00:00.009000+00:00,0E-8,8
1759708800004,2025-10-06T00:00:00.004000+00:00,0E-8,8
1759737600002,2025-10-06T08:00:00.002000+00:00,0.00006884,8
1759766400004,2025-10-06T16:00:00.004000+00:00,0.00003841,8
1759795200000,2025-10-07T00:00:00+00:00,0E-8,8
1759824000003,2025-10-07T08:00:00.003000+00:00,0E-8,8
1759852800000,2025-10-07T16:00:00+00:00,0.00006251,8
1759881600000,2025-10-08T00:00:00+00:00,0E-8,8
1759910400006,2025-10-08T08:00:00.006000+00:00,0E-8,8
1759939200002,2025-10-08T16:00:00.002000+00:00,0E-8,8
1759968000001,2025-10-09T00:00:00.001000+00:00,0E-8,8
1759996800000,2025-10-09T08:00:00+00:00,0E-8,8
1760025600000,2025-10-09T16:00:00+00:00,0E-8,8
1760054400005,2025-10-10T00:00:00.005000+00:00,0E-8,8
1760083200002,2025-10-10T08:00:00.002000+00:00,0E-8,8
1760112000014,2025-10-10T16:00:00.014000+00:00,0E-8,8
1760140800000,2025-10-11T00:00:00+00:00,0.00000276,8
1760169600003,2025-10-11T08:00:00.003000+00:00,0E-8,8
1760198400000,2025-10-11T16:00:00+00:00,0E-8,8
1760227200004,2025-10-12T00:00:00.004000+00:00,0E-8,8
1760256000002,2025-10-12T08:00:00.002000+00:00,0E-8,8
1760284800000,2025-10-12T16:00:00+00:00,-0.00005331,8
1760313600003,2025-10-13T00:00:00.003000+00:00,0E-8,8
1760342400002,2025-10-13T08:00:00.002000+00:00,-0.00030569,8
1760371200003,2025-10-13T16:00:00.003000+00:00,0E-8,8
1760400000000,2025-10-14T00:00:00+00:00,-0.00027668,8
1760428800000,2025-10-14T08:00:00+00:00,0E-8,8
1760457600000,2025-10-14T16:00:00+00:00,-0.00016775,8
1760486400006,2025-10-15T00:00:00.006000+00:00,-0.00020435,8
1760515200002,2025-10-15T08:00:00.002000+00:00,0E-8,8
1760544000000,2025-10-15T16:00:00+00:00,0E-8,8
1760572800000,2025-10-16T00:00:00+00:00,0E-8,8
1760601600003,2025-10-16T08:00:00.003000+00:00,0E-8,8
1760630400002,2025-10-16T16:00:00.002000+00:00,0E-8,8
1760659200001,2025-10-17T00:00:00.001000+00:00,0E-8,8
1760688000005,2025-10-17T08:00:00.005000+00:00,0E-8,8
1760716800003,2025-10-17T16:00:00.003000+00:00,-0.00016779,8
1760745600000,2025-10-18T00:00:00+00:00,0E-8,8
1760774400002,2025-10-18T08:00:00.002000+00:00,-0.00013138,8
1760803200001,2025-10-18T16:00:00.001000+00:00,-0.00008672,8
1760832000001,2025-10-19T00:00:00.001000+00:00,-0.00001193,8
1760860800001,2025-10-19T08:00:00.001000+00:00,0E-8,8
1760889600001,2025-10-19T16:00:00.001000+00:00,-0.00008195,8
1760918400004,2025-10-20T00:00:00.004000+00:00,-0.00021765,8
1760947200001,2025-10-20T08:00:00.001000+00:00,-0.00003486,8
1760976000000,2025-10-20T16:00:00+00:00,-0.00035218,8
1761004800009,2025-10-21T00:00:00.009000+00:00,-0.00002886,8
1761033600000,2025-10-21T08:00:00+00:00,0E-8,8
1761062400000,2025-10-21T16:00:00+00:00,0E-8,8
1761091200004,2025-10-22T00:00:00.004000+00:00,0E-8,8
1761120000000,2025-10-22T08:00:00+00:00,-0.00014817,8
1761148800000,2025-10-22T16:00:00+00:00,-0.00007842,8
1761177600000,2025-10-23T00:00:00+00:00,-0.00006940,8
1761206400001,2025-10-23T08:00:00.001000+00:00,0E-8,8
1761235200004,2025-10-23T16:00:00.004000+00:00,0E-8,8
1761264000000,2025-10-24T00:00:00+00:00,-0.00020182,8
1761292800000,2025-10-24T08:00:00+00:00,-0.00003383,8
1761321600009,2025-10-24T16:00:00.009000+00:00,-0.00021638,8
1761350400000,2025-10-25T00:00:00+00:00,-0.00015562,8
1761379200001,2025-10-25T08:00:00.001000+00:00,-0.00009134,8
1761408000001,2025-10-25T16:00:00.001000+00:00,-0.00002384,8
1761436800001,2025-10-26T00:00:00.001000+00:00,0E-8,8
1761465600001,2025-10-26T08:00:00.001000+00:00,0E-8,8
1761494400000,2025-10-26T16:00:00+00:00,0E-8,8
1761523200000,2025-10-27T00:00:00+00:00,0E-8,8
1761552000005,2025-10-27T08:00:00.005000+00:00,0E-8,8
1761580800000,2025-10-27T16:00:00+00:00,0E-8,8
1761609600000,2025-10-28T00:00:00+00:00,0E-8,8
1761638400000,2025-10-28T08:00:00+00:00,-0.00011396,8
1761667200004,2025-10-28T16:00:00.004000+00:00,0E-8,8
1761696000004,2025-10-29T00:00:00.004000+00:00,-0.00029777,8
1761724800005,2025-10-29T08:00:00.005000+00:00,-0.00023533,8
1761753600000,2025-10-29T16:00:00+00:00,0E-8,8
1761782400004,2025-10-30T00:00:00.004000+00:00,0E-8,8
1761811200008,2025-10-30T08:00:00.008000+00:00,0E-8,8
1761840000001,2025-10-30T16:00:00.001000+00:00,-0.00009470,8
1761868800000,2025-10-31T00:00:00+00:00,-0.00030437,8
1761897600008,2025-10-31T08:00:00.008000+00:00,-0.00010318,8
1761926400007,2025-10-31T16:00:00.007000+00:00,0E-8,8
1761955200001,2025-11-01T00:00:00.001000+00:00,-0.00009114,8
1761984000000,2025-11-01T08:00:00+00:00,-0.00000892,8
1762012800000,2025-11-01T16:00:00+00:00,-0.00014754,8
1762041600007,2025-11-02T00:00:00.007000+00:00,0E-8,8
1762070400000,2025-11-02T08:00:00+00:00,0E-8,8
1762099200001,2025-11-02T16:00:00.001000+00:00,0E-8,8
1762128000000,2025-11-03T00:00:00+00:00,0E-8,8
1762156800010,2025-11-03T08:00:00.010000+00:00,0E-8,8
1762185600000,2025-11-03T16:00:00+00:00,0E-8,8
1762214400002,2025-11-04T00:00:00.002000+00:00,0E-8,8
1762243200004,2025-11-04T08:00:00.004000+00:00,0E-8,8
1762272000000,2025-11-04T16:00:00+00:00,0E-8,8
1762300800000,2025-11-05T00:00:00+00:00,0E-8,8
1762329600000,2025-11-05T08:00:00+00:00,0E-8,8
1762358400004,2025-11-05T16:00:00.004000+00:00,0E-8,8
1762387200001,2025-11-06T00:00:00.001000+00:00,0E-8,8
1762416000000,2025-11-06T08:00:00+00:00,0E-8,8
1762444800001,2025-11-06T16:00:00.001000+00:00,0E-8,8
1762473600005,2025-11-07T00:00:00.005000+00:00,0E-8,8
1762502400003,2025-11-07T08:00:00.003000+00:00,0E-8,8
1762531200005,2025-11-07T16:00:00.005000+00:00,0E-8,8
1762560000011,2025-11-08T00:00:00.011000+00:00,0E-8,8
1762588800015,2025-11-08T08:00:00.015000+00:00,0E-8,8
1762617600001,2025-11-08T16:00:00.001000+00:00,0E-8,8
1762646400004,2025-11-09T00:00:00.004000+00:00,0E-8,8
1762675200000,2025-11-09T08:00:00+00:00,0E-8,8
1762704000005,2025-11-09T16:00:00.005000+00:00,0E-8,8
1762732800000,2025-11-10T00:00:00+00:00,0E-8,8
1762761600000,2025-11-10T08:00:00+00:00,-6E-8,8
1762790400003,2025-11-10T16:00:00.003000+00:00,-0.00021863,8
1762819200007,2025-11-11T00:00:00.007000+00:00,-0.00015352,8
1762848000000,2025-11-11T08:00:00+00:00,0E-8,8
1762876800009,2025-11-11T16:00:00.009000+00:00,0E-8,8
1762905600000,2025-11-12T00:00:00+00:00,0E-8,8
1762934400002,2025-11-12T08:00:00.002000+00:00,0E-8,8
1762963200000,2025-11-12T16:00:00+00:00,0E-8,8
1762992000002,2025-11-13T00:00:00.002000+00:00,-0.00002848,8
1763020800000,2025-11-13T08:00:00+00:00,0E-8,8
1763049600001,2025-11-13T16:00:00.001000+00:00,0E-8,8
1763078400000,2025-11-14T00:00:00+00:00,0E-8,8
1763107200000,2025-11-14T08:00:00+00:00,0E-8,8
1763136000001,2025-11-14T16:00:00.001000+00:00,0E-8,8
1763164800005,2025-11-15T00:00:00.005000+00:00,0E-8,8
1763193600000,2025-11-15T08:00:00+00:00,0E-8,8
1763222400001,2025-11-15T16:00:00.001000+00:00,0E-8,8
1763251200001,2025-11-16T00:00:00.001000+00:00,0E-8,8
1763280000000,2025-11-16T08:00:00+00:00,0.00004995,8
1763308800000,2025-11-16T16:00:00+00:00,0E-8,8
1763337600003,2025-11-17T00:00:00.003000+00:00,0E-8,8
1763366400003,2025-11-17T08:00:00.003000+00:00,0.00006771,8
1763395200000,2025-11-17T16:00:00+00:00,0E-8,8
1763424000002,2025-11-18T00:00:00.002000+00:00,0E-8,8
1763452800004,2025-11-18T08:00:00.004000+00:00,0.00005110,8
1763481600000,2025-11-18T16:00:00+00:00,0.00006524,8
1763510400000,2025-11-19T00:00:00+00:00,0.00009883,8
1763539200000,2025-11-19T08:00:00+00:00,0.00008900,8
1763568000008,2025-11-19T16:00:00.008000+00:00,0.00000458,8
1763596800000,2025-11-20T00:00:00+00:00,0E-8,8
1763625600000,2025-11-20T08:00:00+00:00,0.00008774,8
1763654400000,2025-11-20T16:00:00+00:00,0.00005937,8
1763683200001,2025-11-21T00:00:00.001000+00:00,0E-8,8
1763712000000,2025-11-21T08:00:00+00:00,0.00002824,8
1763740800001,2025-11-21T16:00:00.001000+00:00,0.00001020,8
1763769600004,2025-11-22T00:00:00.004000+00:00,0.00005137,8
1763798400000,2025-11-22T08:00:00+00:00,0.00006640,8
1763827200000,2025-11-22T16:00:00+00:00,0.00001610,8
1763856000000,2025-11-23T00:00:00+00:00,0.00007803,8
1763884800008,2025-11-23T08:00:00.008000+00:00,0E-8,8
1763913600003,2025-11-23T16:00:00.003000+00:00,0E-8,8
1763942400004,2025-11-24T00:00:00.004000+00:00,0E-8,8
1763971200000,2025-11-24T08:00:00+00:00,0.00011464,8
1764000000006,2025-11-24T16:00:00.006000+00:00,0E-8,8
1764028800000,2025-11-25T00:00:00+00:00,0.00014383,8
1764057600009,2025-11-25T08:00:00.009000+00:00,0E-8,8
1764086400007,2025-11-25T16:00:00.007000+00:00,0E-8,8
1764115200001,2025-11-26T00:00:00.001000+00:00,0E-8,8
1764144000001,2025-11-26T08:00:00.001000+00:00,0.00000870,8
1764172800000,2025-11-26T16:00:00+00:00,0E-8,8
1764201600013,2025-11-27T00:00:00.013000+00:00,0.00005647,8
1764230400000,2025-11-27T08:00:00+00:00,0E-8,8
1764259200004,2025-11-27T16:00:00.004000+00:00,0E-8,8
1764288000008,2025-11-28T00:00:00.008000+00:00,0E-8,8
1764316800000,2025-11-28T08:00:00+00:00,0E-8,8
1764345600008,2025-11-28T16:00:00.008000+00:00,0E-8,8
1764374400000,2025-11-29T00:00:00+00:00,0E-8,8
1764403200005,2025-11-29T08:00:00.005000+00:00,0E-8,8
1764432000001,2025-11-29T16:00:00.001000+00:00,0E-8,8
1764460800003,2025-11-30T00:00:00.003000+00:00,0E-8,8
1764489600000,2025-11-30T08:00:00+00:00,0E-8,8
1764518400004,2025-11-30T16:00:00.004000+00:00,0E-8,8
1764547200000,2025-12-01T00:00:00+00:00,0E-8,8
1764576000004,2025-12-01T08:00:00.004000+00:00,0E-8,8
1764604800000,2025-12-01T16:00:00+00:00,0E-8,8
1764633600004,2025-12-02T00:00:00.004000+00:00,0E-8,8
1764662400000,2025-12-02T08:00:00+00:00,0E-8,8
1764691200000,2025-12-02T16:00:00+00:00,0E-8,8
1764720000000,2025-12-03T00:00:00+00:00,0E-8,8
1764748800000,2025-12-03T08:00:00+00:00,0E-8,8
1764777600005,2025-12-03T16:00:00.005000+00:00,0E-8,8
1764806400012,2025-12-04T00:00:00.012000+00:00,0.00003446,8
1764835200000,2025-12-04T08:00:00+00:00,0.00005603,8
1764864000011,2025-12-04T16:00:00.011000+00:00,0.00005758,8
1764892800000,2025-12-05T00:00:00+00:00,0.00002223,8
1764921600000,2025-12-05T08:00:00+00:00,0.00001496,8
1764950400010,2025-12-05T16:00:00.010000+00:00,0.00002344,8
1764979200001,2025-12-06T00:00:00.001000+00:00,0E-8,8
1765008000001,2025-12-06T08:00:00.001000+00:00,0E-8,8
1765036800008,2025-12-06T16:00:00.008000+00:00,0E-8,8
1765065600000,2025-12-07T00:00:00+00:00,0E-8,8
1765094400004,2025-12-07T08:00:00.004000+00:00,0E-8,8
1765123200000,2025-12-07T16:00:00+00:00,0E-8,8
1765152000000,2025-12-08T00:00:00+00:00,0E-8,8
1765180800000,2025-12-08T08:00:00+00:00,0.00002792,8
1765209600001,2025-12-08T16:00:00.001000+00:00,0.00003235,8
1765238400001,2025-12-09T00:00:00.001000+00:00,0E-8,8
1765267200001,2025-12-09T08:00:00.001000+00:00,0E-8,8
1765296000007,2025-12-09T16:00:00.007000+00:00,0E-8,8
1765324800007,2025-12-10T00:00:00.007000+00:00,0.00001106,8
1765353600002,2025-12-10T08:00:00.002000+00:00,0E-8,8
1765382400012,2025-12-10T16:00:00.012000+00:00,0E-8,8
1765411200001,2025-12-11T00:00:00.001000+00:00,0.00003901,8
1765440000000,2025-12-11T08:00:00+00:00,0E-8,8
1765468800000,2025-12-11T16:00:00+00:00,0E-8,8
1765497600005,2025-12-12T00:00:00.005000+00:00,0E-8,8
1765526400007,2025-12-12T08:00:00.007000+00:00,0E-8,8
1765555200002,2025-12-12T16:00:00.002000+00:00,0E-8,8
1765584000001,2025-12-13T00:00:00.001000+00:00,0E-8,8
1765612800006,2025-12-13T08:00:00.006000+00:00,0E-8,8
1765641600000,2025-12-13T16:00:00+00:00,0.00006184,8
1765670400000,2025-12-14T00:00:00+00:00,0.00003637,8
1765699200003,2025-12-14T08:00:00.003000+00:00,0E-8,8
1765728000005,2025-12-14T16:00:00.005000+00:00,0.00001561,8
1765756800000,2025-12-15T00:00:00+00:00,0E-8,8
1765785600000,2025-12-15T08:00:00+00:00,0E-8,8
1765814400000,2025-12-15T16:00:00+00:00,0E-8,8
1765843200002,2025-12-16T00:00:00.002000+00:00,0E-8,8
1765872000000,2025-12-16T08:00:00+00:00,0E-8,8
1765900800002,2025-12-16T16:00:00.002000+00:00,0E-8,8
1765929600004,2025-12-17T00:00:00.004000+00:00,0E-8,8
1765958400000,2025-12-17T08:00:00+00:00,0E-8,8
1765987200000,2025-12-17T16:00:00+00:00,0E-8,8
1766016000005,2025-12-18T00:00:00.005000+00:00,0E-8,8
1766044800007,2025-12-18T08:00:00.007000+00:00,0E-8,8
1766073600001,2025-12-18T16:00:00.001000+00:00,0E-8,8
1766102400000,2025-12-19T00:00:00+00:00,0E-8,8
1766131200001,2025-12-19T08:00:00.001000+00:00,0E-8,8
1766160000000,2025-12-19T16:00:00+00:00,0E-8,8
1766188800005,2025-12-20T00:00:00.005000+00:00,0.00006564,8
1766217600000,2025-12-20T08:00:00+00:00,0.00004864,8
1766246400002,2025-12-20T16:00:00.002000+00:00,0.00005854,8
1766275200000,2025-12-21T00:00:00+00:00,0.00001097,8
1766304000009,2025-12-21T08:00:00.009000+00:00,0E-8,8
1766332800000,2025-12-21T16:00:00+00:00,0.00000540,8
1766361600000,2025-12-22T00:00:00+00:00,0.00001576,8
1766390400005,2025-12-22T08:00:00.005000+00:00,0E-8,8
1766419200009,2025-12-22T16:00:00.009000+00:00,0.00008095,8
1766448000000,2025-12-23T00:00:00+00:00,0.00001888,8
1766476800000,2025-12-23T08:00:00+00:00,0E-8,8
1766505600001,2025-12-23T16:00:00.001000+00:00,0E-8,8
1766534400001,2025-12-24T00:00:00.001000+00:00,0E-8,8
1766563200001,2025-12-24T08:00:00.001000+00:00,0E-8,8
1766592000000,2025-12-24T16:00:00+00:00,0E-8,8
1766620800000,2025-12-25T00:00:00+00:00,0E-8,8
1766649600001,2025-12-25T08:00:00.001000+00:00,0E-8,8
1766678400005,2025-12-25T16:00:00.005000+00:00,0E-8,8
1766707200004,2025-12-26T00:00:00.004000+00:00,0E-8,8
1766736000001,2025-12-26T08:00:00.001000+00:00,0E-8,8
1766764800007,2025-12-26T16:00:00.007000+00:00,0E-8,8
1766793600000,2025-12-27T00:00:00+00:00,0E-8,8
1766822400000,2025-12-27T08:00:00+00:00,0E-8,8
1766851200011,2025-12-27T16:00:00.011000+00:00,0.00004901,8
1766880000008,2025-12-28T00:00:00.008000+00:00,0.00004480,8
1766908800000,2025-12-28T08:00:00+00:00,0.00001940,8
1766937600000,2025-12-28T16:00:00+00:00,0.00010964,8
1766966400016,2025-12-29T00:00:00.016000+00:00,0.00011598,8
1766995200001,2025-12-29T08:00:00.001000+00:00,0E-8,8
1767024000000,2025-12-29T16:00:00+00:00,0E-8,8
1767052800005,2025-12-30T00:00:00.005000+00:00,0E-8,8
1767081600001,2025-12-30T08:00:00.001000+00:00,0E-8,8
1767110400003,2025-12-30T16:00:00.003000+00:00,0.00002050,8
1767139200004,2025-12-31T00:00:00.004000+00:00,0.00007039,8
1767168000001,2025-12-31T08:00:00.001000+00:00,0E-8,8
1767196800001,2025-12-31T16:00:00.001000+00:00,0.00007346,8
