fundingTime_ms,fundingTime_utc,fundingRate,fundingIntervalHours
1640995200006,2022-01-01T00:00:00.006000+00:00,0.00010000,8
1641024000009,2022-01-01T08:00:00.009000+00:00,0.00010000,8
1641052800000,2022-01-01T16:00:00+00:00,0.00010000,8
1641081600028,2022-01-02T00:00:00.028000+00:00,0.00010000,8
1641110400000,2022-01-02T08:00:00+00:00,0.00010000,8
1641139200000,2022-01-02T16:00:00+00:00,0.00010000,8
1641168000010,2022-01-03T00:00:00.010000+00:00,0.00010000,8
1641196800013,2022-01-03T08:00:00.013000+00:00,0.00010000,8
1641225600018,2022-01-03T16:00:00.018000+00:00,0.00010000,8
1641254400000,2022-01-04T00:00:00+00:00,0.00010000,8
1641283200010,2022-01-04T08:00:00.010000+00:00,0.00010000,8
1641312000002,2022-01-04T16:00:00.002000+00:00,0.00010000,8
1641340800001,2022-01-05T00:00:00.001000+00:00,0.00010000,8
1641369600017,2022-01-05T08:00:00.017000+00:00,0.00010000,8
1641398400000,2022-01-05T16:00:00+00:00,0.00010000,8
1641427200002,2022-01-06T00:00:00.002000+00:00,0.00010000,8
1641456000021,2022-01-06T08:00:00.021000+00:00,0.00010000,8
1641484800006,2022-01-06T16:00:00.006000+00:00,0.00010000,8
1641513600005,2022-01-07T00:00:00.005000+00:00,0.00010000,8
1641542400000,2022-01-07T08:00:00+00:00,0.00010000,8
1641571200001,2022-01-07T16:00:00.001000+00:00,0.00010000,8
1641600000014,2022-01-08T00:00:00.014000+00:00,0.00010000,8
1641628800013,2022-01-08T08:00:00.013000+00:00,0.00010000,8
1641657600000,2022-01-08T16:00:00+00:00,0.00010000,8
1641686400003,2022-01-09T00:00:00.003000+00:00,0.00010000,8
1641715200000,2022-01-09T08:00:00+00:00,0.00010000,8
1641744000000,2022-01-09T16:00:00+00:00,0.00010000,8
1641772800000,2022-01-10T00:00:00+00:00,0.00010000,8
1641801600010,2022-01-10T08:00:00.010000+00:00,0.00004522,8
1641830400007,2022-01-10T16:00:00.007000+00:00,0.00010000,8
1641859200013,2022-01-11T00:00:00.013000+00:00,0.00010000,8
1641888000004,2022-01-11T08:00:00.004000+00:00,0.00007394,8
1641916800000,2022-01-11T16:00:00+00:00,0.00010000,8
1641945600012,2022-01-12T00:00:00.012000+00:00,-0.00004772,8
1641974400015,2022-01-12T08:00:00.015000+00:00,0.00009625,8
1642003200000,2022-01-12T16:00:00+00:00,-0.00005342,8
1642032000007,2022-01-13T00:00:00.007000+00:00,-0.00007506,8
1642060800000,2022-01-13T08:00:00+00:00,0.00010000,8
1642089600014,2022-01-13T16:00:00.014000+00:00,-0.00006081,8
1642118400000,2022-01-14T00:00:00+00:00,0.00000592,8
1642147200006,2022-01-14T08:00:00.006000+00:00,-0.00009170,8
1642176000014,2022-01-14T16:00:00.014000+00:00,-0.00006655,8
1642204800000,2022-01-15T00:00:00+00:00,0.00002282,8
1642233600002,2022-01-15T08:00:00.002000+00:00,0.00010000,8
1642262400000,2022-01-15T16:00:00+00:00,0.00002661,8
1642291200000,2022-01-16T00:00:00+00:00,0.00009070,8
1642320000017,2022-01-16T08:00:00.017000+00:00,-0.00002330,8
1642348800011,2022-01-16T16:00:00.011000+00:00,0.00003620,8
1642377600005,2022-01-17T00:00:00.005000+00:00,0.00001751,8
1642406400006,2022-01-17T08:00:00.006000+00:00,0.00006647,8
1642435200012,2022-01-17T16:00:00.012000+00:00,0.00010000,8
1642464000020,2022-01-18T00:00:00.020000+00:00,0.00010000,8
1642492800000,2022-01-18T08:00:00+00:00,0.00009998,8
1642521600013,2022-01-18T16:00:00.013000+00:00,0.00010000,8
1642550400001,2022-01-19T00:00:00.001000+00:00,0.00004973,8
1642579200000,2022-01-19T08:00:00+00:00,0.00010000,8
1642608000000,2022-01-19T16:00:00+00:00,0.00010000,8
1642636800015,2022-01-20T00:00:00.015000+00:00,0.00010000,8
1642665600000,2022-01-20T08:00:00+00:00,0.00010000,8
1642694400000,2022-01-20T16:00:00+00:00,0.00010000,8
1642723200007,2022-01-21T00:00:00.007000+00:00,0.00010000,8
1642752000015,2022-01-21T08:00:00.015000+00:00,0.00004523,8
1642780800000,2022-01-21T16:00:00+00:00,0.00008226,8
1642809600017,2022-01-22T00:00:00.017000+00:00,-0.00001051,8
1642838400003,2022-01-22T08:00:00.003000+00:00,0.00004122,8
1642867200021,2022-01-22T16:00:00.021000+00:00,0.00010000,8
1642896000026,2022-01-23T00:00:00.026000+00:00,0.00010000,8
1642924800010,2022-01-23T08:00:00.010000+00:00,-0.00001256,8
1642953600009,2022-01-23T16:00:00.009000+00:00,-0.00001573,8
1642982400010,2022-01-24T00:00:00.010000+00:00,0.00003480,8
1643011200000,2022-01-24T08:00:00+00:00,0.00005605,8
1643040000021,2022-01-24T16:00:00.021000+00:00,0.00005009,8
1643068800000,2022-01-25T00:00:00+00:00,0.00010000,8
1643097600000,2022-01-25T08:00:00+00:00,0.00008126,8
1643126400012,2022-01-25T16:00:00.012000+00:00,-0.00010008,8
1643155200000,2022-01-26T00:00:00+00:00,0.00000676,8
1643184000001,2022-01-26T08:00:00.001000+00:00,-0.00001905,8
1643212800005,2022-01-26T16:00:00.005000+00:00,-0.00004130,8
1643241600004,2022-01-27T00:00:00.004000+00:00,-0.00004869,8
1643270400004,2022-01-27T08:00:00.004000+00:00,-0.00010186,8
1643299200019,2022-01-27T16:00:00.019000+00:00,-0.00007554,8
1643328000000,2022-01-28T00:00:00+00:00,-0.00000493,8
1643356800000,2022-01-28T08:00:00+00:00,0.00007165,8
1643385600025,2022-01-28T16:00:00.025000+00:00,0.00002880,8
1643414400017,2022-01-29T00:00:00.017000+00:00,-0.00001093,8
1643443200000,2022-01-29T08:00:00+00:00,0.00005239,8
1643472000013,2022-01-29T16:00:00.013000+00:00,-0.00003029,8
1643500800025,2022-01-30T00:00:00.025000+00:00,0.00006050,8
1643529600009,2022-01-30T08:00:00.009000+00:00,0.00009126,8
1643558400000,2022-01-30T16:00:00+00:00,0.00010000,8
1643587200000,2022-01-31T00:00:00+00:00,0.00008927,8
1643616000000,2022-01-31T08:00:00+00:00,-0.00007369,8
1643644800000,2022-01-31T16:00:00+00:00,-0.00005648,8
1643673600010,2022-02-01T00:00:00.010000+00:00,-0.00004000,8
1643702400000,2022-02-01T08:00:00+00:00,0.00006113,8
1643731200004,2022-02-01T16:00:00.004000+00:00,-0.00006256,8
1643760000004,2022-02-02T00:00:00.004000+00:00,-0.00002905,8
1643788800000,2022-02-02T08:00:00+00:00,0.00010000,8
1643817600002,2022-02-02T16:00:00.002000+00:00,0.00002553,8
1643846400002,2022-02-03T00:00:00.002000+00:00,-0.00007716,8
1643875200000,2022-02-03T08:00:00+00:00,0.00001168,8
1643904000000,2022-02-03T16:00:00+00:00,-0.00001533,8
1643932800018,2022-02-04T00:00:00.018000+00:00,0.00001462,8
1643961600005,2022-02-04T08:00:00.005000+00:00,-0.00008571,8
1643990400010,2022-02-04T16:00:00.010000+00:00,0.00010000,8
1644019200014,2022-02-05T00:00:00.014000+00:00,0.00007457,8
1644048000000,2022-02-05T08:00:00+00:00,0.00010000,8
1644076800000,2022-02-05T16:00:00+00:00,0.00010000,8
1644105600000,2022-02-06T00:00:00+00:00,0.00010000,8
1644134400000,2022-02-06T08:00:00+00:00,0.00010000,8
1644163200000,2022-02-06T16:00:00+00:00,0.00010000,8
1644192000003,2022-02-07T00:00:00.003000+00:00,0.00001477,8
1644220800014,2022-02-07T08:00:00.014000+00:00,0.00005264,8
1644249600003,2022-02-07T16:00:00.003000+00:00,-0.00009617,8
1644278400001,2022-02-08T00:00:00.001000+00:00,0.00010000,8
1644307200003,2022-02-08T08:00:00.003000+00:00,0.00010000,8
1644336000002,2022-02-08T16:00:00.002000+00:00,0.00010000,8
1644364800000,2022-02-09T00:00:00+00:00,0.00008216,8
1644393600005,2022-02-09T08:00:00.005000+00:00,0.00005826,8
1644422400001,2022-02-09T16:00:00.001000+00:00,0.00005120,8
1644451200012,2022-02-10T00:00:00.012000+00:00,0.00010000,8
1644480000000,2022-02-10T08:00:00+00:00,-0.00001799,8
1644508800006,2022-02-10T16:00:00.006000+00:00,0.00010000,8
1644537600000,2022-02-11T00:00:00+00:00,0.00003895,8
1644566400009,2022-02-11T08:00:00.009000+00:00,-0.00005238,8
1644595200015,2022-02-11T16:00:00.015000+00:00,-0.00007643,8
1644624000020,2022-02-12T00:00:00.020000+00:00,0.00010000,8
1644652800001,2022-02-12T08:00:00.001000+00:00,0.00010000,8
1644681600007,2022-02-12T16:00:00.007000+00:00,0.00010000,8
1644710400022,2022-02-13T00:00:00.022000+00:00,0.00008047,8
1644739200001,2022-02-13T08:00:00.001000+00:00,0.00007937,8
1644768000007,2022-02-13T16:00:00.007000+00:00,0.00006814,8
1644796800005,2022-02-14T00:00:00.005000+00:00,0.00009717,8
1644825600013,2022-02-14T08:00:00.013000+00:00,0.00002867,8
1644854400019,2022-02-14T16:00:00.019000+00:00,0.00006445,8
1644883200012,2022-02-15T00:00:00.012000+00:00,0.00010000,8
1644912000005,2022-02-15T08:00:00.005000+00:00,-0.00007760,8
1644940800011,2022-02-15T16:00:00.011000+00:00,0.00005462,8
1644969600009,2022-02-16T00:00:00.009000+00:00,0.00010000,8
1644998400001,2022-02-16T08:00:00.001000+00:00,0.00010000,8
1645027200014,2022-02-16T16:00:00.014000+00:00,0.00010000,8
1645056000018,2022-02-17T00:00:00.018000+00:00,0.00010000,8
1645084800000,2022-02-17T08:00:00+00:00,0.00010000,8
1645113600010,2022-02-17T16:00:00.010000+00:00,0.00010000,8
1645142400000,2022-02-18T00:00:00+00:00,-0.00000438,8
1645171200002,2022-02-18T08:00:00.002000+00:00,-0.00002923,8
1645200000000,2022-02-18T16:00:00+00:00,-0.00000936,8
1645228800007,2022-02-19T00:00:00.007000+00:00,0.00010000,8
1645257600000,2022-02-19T08:00:00+00:00,0.00000961,8
1645286400023,2022-02-19T16:00:00.023000+00:00,0.00007710,8
1645315200001,2022-02-20T00:00:00.001000+00:00,0.00003023,8
1645344000003,2022-02-20T08:00:00.003000+00:00,0.00006581,8
1645372800001,2022-02-20T16:00:00.001000+00:00,-0.00007517,8
1645401600000,2022-02-21T00:00:00+00:00,0.00006500,8
1645430400001,2022-02-21T08:00:00.001000+00:00,-0.00004498,8
1645459200005,2022-02-21T16:00:00.005000+00:00,-0.00003473,8
1645488000005,2022-02-22T00:00:00.005000+00:00,-0.00005357,8
1645516800000,2022-02-22T08:00:00+00:00,0.00002477,8
1645545600000,2022-02-22T16:00:00+00:00,-0.00003085,8
1645574400002,2022-02-23T00:00:00.002000+00:00,-0.00002623,8
1645603200005,2022-02-23T08:00:00.005000+00:00,-0.00012603,8
1645632000010,2022-02-23T16:00:00.010000+00:00,-0.00003332,8
1645660800008,2022-02-24T00:00:00.008000+00:00,0.00006475,8
1645689600003,2022-02-24T08:00:00.003000+00:00,-0.00016045,8
1645718400001,2022-02-24T16:00:00.001000+00:00,-0.00009210,8
1645747200000,2022-02-25T00:00:00+00:00,0.00010000,8
1645776000006,2022-02-25T08:00:00.006000+00:00,0.00006220,8
1645804800001,2022-02-25T16:00:00.001000+00:00,0.00000998,8
1645833600004,2022-02-26T00:00:00.004000+00:00,0.00009332,8
1645862400004,2022-02-26T08:00:00.004000+00:00,0.00010000,8
1645891200007,2022-02-26T16:00:00.007000+00:00,0.00007614,8
1645920000012,2022-02-27T00:00:00.012000+00:00,0.00005574,8
1645948800000,2022-02-27T08:00:00+00:00,0.00001803,8
1645977600000,2022-02-27T16:00:00+00:00,-0.00000628,8
1646006400000,2022-02-28T00:00:00+00:00,-0.00021167,8
1646035200001,2022-02-28T08:00:00.001000+00:00,-0.00008986,8
1646064000002,2022-02-28T16:00:00.002000+00:00,-0.00005386,8
1646092800002,2022-03-01T00:00:00.002000+00:00,0.00010000,8
1646121600001,2022-03-01T08:00:00.001000+00:00,0.00010000,8
1646150400000,2022-03-01T16:00:00+00:00,0.00004369,8
1646179200000,2022-03-02T00:00:00+00:00,-0.00000507,8
1646208000000,2022-03-02T08:00:00+00:00,0.00010000,8
1646236800002,2022-03-02T16:00:00.002000+00:00,0.00010000,8
1646265600000,2022-03-03T00:00:00+00:00,0.00010000,8
1646294400000,2022-03-03T08:00:00+00:00,0.00010000,8
1646323200005,2022-03-03T16:00:00.005000+00:00,0.00010000,8
1646352000018,2022-03-04T00:00:00.018000+00:00,0.00010000,8
1646380800000,2022-03-04T08:00:00+00:00,0.00010000,8
1646409600000,2022-03-04T16:00:00+00:00,0.00010000,8
1646438400006,2022-03-05T00:00:00.006000+00:00,0.00010000,8
1646467200004,2022-03-05T08:00:00.004000+00:00,0.00010000,8
1646496000000,2022-03-05T16:00:00+00:00,0.00001656,8
1646524800004,2022-03-06T00:00:00.004000+00:00,0.00004115,8
1646553600000,2022-03-06T08:00:00+00:00,-0.00000960,8
1646582400013,2022-03-06T16:00:00.013000+00:00,0.00001957,8
1646611200008,2022-03-07T00:00:00.008000+00:00,0.00000318,8
1646640000006,2022-03-07T08:00:00.006000+00:00,-0.00008983,8
1646668800000,2022-03-07T16:00:00+00:00,-0.00003177,8
1646697600008,2022-03-08T00:00:00.008000+00:00,0.00003378,8
1646726400002,2022-03-08T08:00:00.002000+00:00,0.00010000,8
1646755200000,2022-03-08T16:00:00+00:00,0.00010000,8
1646784000008,2022-03-09T00:00:00.008000+00:00,0.00006776,8
1646812800000,2022-03-09T08:00:00+00:00,0.00010000,8
1646841600004,2022-03-09T16:00:00.004000+00:00,0.00010000,8
1646870400000,2022-03-10T00:00:00+00:00,0.00010000,8
1646899200017,2022-03-10T08:00:00.017000+00:00,0.00008280,8
1646928000000,2022-03-10T16:00:00+00:00,-0.00008919,8
1646956800008,2022-03-11T00:00:00.008000+00:00,-0.00009808,8
1646985600000,2022-03-11T08:00:00+00:00,-0.00007765,8
1647014400001,2022-03-11T16:00:00.001000+00:00,0.00004301,8
1647043200010,2022-03-12T00:00:00.010000+00:00,-0.00000307,8
1647072000001,2022-03-12T08:00:00.001000+00:00,0.00003168,8
1647100800002,2022-03-12T16:00:00.002000+00:00,-0.00003565,8
1647129600008,2022-03-13T00:00:00.008000+00:00,-0.00005855,8
1647158400000,2022-03-13T08:00:00+00:00,0.00000613,8
1647187200002,2022-03-13T16:00:00.002000+00:00,-0.00005741,8
1647216000014,2022-03-14T00:00:00.014000+00:00,-0.00008009,8
1647244800005,2022-03-14T08:00:00.005000+00:00,-0.00006699,8
1647273600002,2022-03-14T16:00:00.002000+00:00,0.00002708,8
1647302400008,2022-03-15T00:00:00.008000+00:00,0.00005726,8
1647331200000,2022-03-15T08:00:00+00:00,0.00004476,8
1647360000006,2022-03-15T16:00:00.006000+00:00,0.00009061,8
1647388800013,2022-03-16T00:00:00.013000+00:00,0.00010000,8
1647417600000,2022-03-16T08:00:00+00:00,0.00005871,8
1647446400008,2022-03-16T16:00:00.008000+00:00,0.00010000,8
1647475200004,2022-03-17T00:00:00.004000+00:00,0.00010000,8
1647504000000,2022-03-17T08:00:00+00:00,0.00010000,8
1647532800004,2022-03-17T16:00:00.004000+00:00,0.00010000,8
1647561600000,2022-03-18T00:00:00+00:00,0.00010000,8
1647590400000,2022-03-18T08:00:00+00:00,0.00001662,8
1647619200017,2022-03-18T16:00:00.017000+00:00,0.00010000,8
1647648000008,2022-03-19T00:00:00.008000+00:00,0.00010000,8
1647676800015,2022-03-19T08:00:00.015000+00:00,0.00010000,8
1647705600000,2022-03-19T16:00:00+00:00,0.00010000,8
1647734400000,2022-03-20T00:00:00+00:00,0.00010000,8
1647763200001,2022-03-20T08:00:00.001000+00:00,0.00010000,8
1647792000002,2022-03-20T16:00:00.002000+00:00,0.00010000,8
1647820800013,2022-03-21T00:00:00.013000+00:00,0.00010000,8
1647849600004,2022-03-21T08:00:00.004000+00:00,-0.00000954,8
1647878400010,2022-03-21T16:00:00.010000+00:00,-9.3E-7,8
1647907200012,2022-03-22T00:00:00.012000+00:00,0.00010000,8
1647936000001,2022-03-22T08:00:00.001000+00:00,0.00010000,8
1647964800022,2022-03-22T16:00:00.022000+00:00,0.00010000,8
1647993600007,2022-03-23T00:00:00.007000+00:00,0.00010000,8
1648022400000,2022-03-23T08:00:00+00:00,0.00010000,8
1648051200006,2022-03-23T16:00:00.006000+00:00,0.00007014,8
1648080000013,2022-03-24T00:00:00.013000+00:00,0.00001664,8
1648108800006,2022-03-24T08:00:00.006000+00:00,0.00000800,8
1648137600020,2022-03-24T16:00:00.020000+00:00,-0.00000907,8
1648166400010,2022-03-25T00:00:00.010000+00:00,0.00000670,8
1648195200001,2022-03-25T08:00:00.001000+00:00,0.00009286,8
1648224000014,2022-03-25T16:00:00.014000+00:00,0.00005473,8
1648252800020,2022-03-26T00:00:00.020000+00:00,0.00009739,8
1648281600006,2022-03-26T08:00:00.006000+00:00,-0.00007111,8
1648310400000,2022-03-26T16:00:00+00:00,0.00010000,8
1648339200004,2022-03-27T00:00:00.004000+00:00,-0.00008253,8
1648368000001,2022-03-27T08:00:00.001000+00:00,0.00001306,8
1648396800006,2022-03-27T16:00:00.006000+00:00,0.00010000,8
1648425600012,2022-03-28T00:00:00.012000+00:00,0.00010000,8
1648454400007,2022-03-28T08:00:00.007000+00:00,0.00010000,8
1648483200000,2022-03-28T16:00:00+00:00,0.00010000,8
1648512000000,2022-03-29T00:00:00+00:00,0.00010000,8
1648540800015,2022-03-29T08:00:00.015000+00:00,0.00010000,8
1648569600000,2022-03-29T16:00:00+00:00,0.00009594,8
1648598400000,2022-03-30T00:00:00+00:00,0.00010000,8
1648627200002,2022-03-30T08:00:00.002000+00:00,0.00010000,8
1648656000028,2022-03-30T16:00:00.028000+00:00,0.00010000,8
1648684800017,2022-03-31T00:00:00.017000+00:00,0.00010000,8
1648713600000,2022-03-31T08:00:00+00:00,0.00010000,8
1648742400015,2022-03-31T16:00:00.015000+00:00,0.00010000,8
1648771200000,2022-04-01T00:00:00+00:00,0.00010000,8
1648800000000,2022-04-01T08:00:00+00:00,0.00007626,8
1648828800018,2022-04-01T16:00:00.018000+00:00,0.00009193,8
1648857600000,2022-04-02T00:00:00+00:00,0.00010000,8
1648886400002,2022-04-02T08:00:00.002000+00:00,0.00010000,8
1648915200006,2022-04-02T16:00:00.006000+00:00,0.00010000,8
1648944000018,2022-04-03T00:00:00.018000+00:00,0.00010000,8
1648972800018,2022-04-03T08:00:00.018000+00:00,0.00010000,8
1649001600015,2022-04-03T16:00:00.015000+00:00,0.00010000,8
1649030400006,2022-04-04T00:00:00.006000+00:00,0.00010000,8
1649059200000,2022-04-04T08:00:00+00:00,0.00010000,8
1649088000016,2022-04-04T16:00:00.016000+00:00,0.00010000,8
1649116800000,2022-04-05T00:00:00+00:00,0.00010000,8
1649145600010,2022-04-05T08:00:00.010000+00:00,0.00010000,8
1649174400008,2022-04-05T16:00:00.008000+00:00,0.00010000,8
1649203200001,2022-04-06T00:00:00.001000+00:00,0.00009898,8
1649232000021,2022-04-06T08:00:00.021000+00:00,0.00010000,8
1649260800000,2022-04-06T16:00:00+00:00,0.00010000,8
1649289600009,2022-04-07T00:00:00.009000+00:00,0.00010000,8
1649318400000,2022-04-07T08:00:00+00:00,0.00010000,8
1649347200000,2022-04-07T16:00:00+00:00,0.00002421,8
1649376000000,2022-04-08T00:00:00+00:00,0.00004306,8
1649404800004,2022-04-08T08:00:00.004000+00:00,0.00010000,8
1649433600008,2022-04-08T16:00:00.008000+00:00,0.00010000,8
1649462400008,2022-04-09T00:00:00.008000+00:00,0.00010000,8
1649491200000,2022-04-09T08:00:00+00:00,0.00009279,8
1649520000001,2022-04-09T16:00:00.001000+00:00,0.00010000,8
1649548800004,2022-04-10T00:00:00.004000+00:00,0.00002721,8
1649577600007,2022-04-10T08:00:00.007000+00:00,0.00006231,8
1649606400016,2022-04-10T16:00:00.016000+00:00,0.00010000,8
1649635200000,2022-04-11T00:00:00+00:00,0.00000243,8
1649664000000,2022-04-11T08:00:00+00:00,0.00010000,8
1649692800009,2022-04-11T16:00:00.009000+00:00,0.00010000,8
1649721600000,2022-04-12T00:00:00+00:00,-0.00006795,8
1649750400006,2022-04-12T08:00:00.006000+00:00,-0.00010012,8
1649779200013,2022-04-12T16:00:00.013000+00:00,-0.00007001,8
1649808000005,2022-04-13T00:00:00.005000+00:00,-0.00001692,8
1649836800008,2022-04-13T08:00:00.008000+00:00,0.00000753,8
1649865600013,2022-04-13T16:00:00.013000+00:00,-0.00001485,8
1649894400007,2022-04-14T00:00:00.007000+00:00,0.00005018,8
1649923200000,2022-04-14T08:00:00+00:00,0.00003533,8
1649952000006,2022-04-14T16:00:00.006000+00:00,0.00004423,8
1649980800008,2022-04-15T00:00:00.008000+00:00,-0.00013233,8
1650009600002,2022-04-15T08:00:00.002000+00:00,-0.00006805,8
1650038400000,2022-04-15T16:00:00+00:00,0.00007697,8
1650067200011,2022-04-16T00:00:00.011000+00:00,0.00002197,8
1650096000007,2022-04-16T08:00:00.007000+00:00,0.00005199,8
1650124800007,2022-04-16T16:00:00.007000+00:00,0.00006201,8
1650153600000,2022-04-17T00:00:00+00:00,0.00000720,8
1650182400004,2022-04-17T08:00:00.004000+00:00,0.00009838,8
1650211200000,2022-04-17T16:00:00+00:00,0.00010000,8
1650240000008,2022-04-18T00:00:00.008000+00:00,-0.00003231,8
1650268800012,2022-04-18T08:00:00.012000+00:00,-0.00017197,8
1650297600000,2022-04-18T16:00:00+00:00,-0.00005436,8
1650326400021,2022-04-19T00:00:00.021000+00:00,0.00010000,8
1650355200031,2022-04-19T08:00:00.031000+00:00,0.00006251,8
1650384000000,2022-04-19T16:00:00+00:00,-0.00005028,8
1650412800025,2022-04-20T00:00:00.025000+00:00,0.00009450,8
1650441600003,2022-04-20T08:00:00.003000+00:00,0.00009543,8
1650470400000,2022-04-20T16:00:00+00:00,0.00003714,8
1650499200000,2022-04-21T00:00:00+00:00,0.00000177,8
1650528000000,2022-04-21T08:00:00+00:00,-0.00005245,8
1650556800024,2022-04-21T16:00:00.024000+00:00,0.00005359,8
1650585600008,2022-04-22T00:00:00.008000+00:00,0.00003026,8
1650614400008,2022-04-22T08:00:00.008000+00:00,-0.00016984,8
1650643200008,2022-04-22T16:00:00.008000+00:00,-0.00000415,8
1650672000000,2022-04-23T00:00:00+00:00,-0.00009023,8
1650700800000,2022-04-23T08:00:00+00:00,-0.00007562,8
1650729600012,2022-04-23T16:00:00.012000+00:00,-0.00011883,8
1650758400004,2022-04-24T00:00:00.004000+00:00,-0.00018273,8
1650787200003,2022-04-24T08:00:00.003000+00:00,-0.00015276,8
1650816000000,2022-04-24T16:00:00+00:00,-0.00003654,8
1650844800008,2022-04-25T00:00:00.008000+00:00,-0.00008908,8
1650873600018,2022-04-25T08:00:00.018000+00:00,-0.00007844,8
1650902400000,2022-04-25T16:00:00+00:00,0.00007223,8
1650931200014,2022-04-26T00:00:00.014000+00:00,0.00010000,8
1650960000000,2022-04-26T08:00:00+00:00,0.00010000,8
1650988800017,2022-04-26T16:00:00.017000+00:00,0.00010000,8
1651017600012,2022-04-27T00:00:00.012000+00:00,-0.00012640,8
1651046400000,2022-04-27T08:00:00+00:00,-0.00011034,8
1651075200002,2022-04-27T16:00:00.002000+00:00,0.00001968,8
1651104000000,2022-04-28T00:00:00+00:00,-0.00005716,8
1651132800004,2022-04-28T08:00:00.004000+00:00,-0.00005544,8
1651161600030,2022-04-28T16:00:00.030000+00:00,0.00010000,8
1651190400000,2022-04-29T00:00:00+00:00,0.00010000,8
1651219200016,2022-04-29T08:00:00.016000+00:00,0.00010000,8
1651248000010,2022-04-29T16:00:00.010000+00:00,0.00002628,8
1651276800000,2022-04-30T00:00:00+00:00,-0.00009371,8
1651305600005,2022-04-30T08:00:00.005000+00:00,0.00004536,8
1651334400015,2022-04-30T16:00:00.015000+00:00,0.00005926,8
1651363200000,2022-05-01T00:00:00+00:00,0.00002403,8
1651392000000,2022-05-01T08:00:00+00:00,9.5E-7,8
1651420800010,2022-05-01T16:00:00.010000+00:00,0.00010000,8
1651449600018,2022-05-02T00:00:00.018000+00:00,0.00010000,8
1651478400007,2022-05-02T08:00:00.007000+00:00,0.00009000,8
1651507200000,2022-05-02T16:00:00+00:00,0.00010000,8
1651536000006,2022-05-03T00:00:00.006000+00:00,0.00010000,8
1651564800000,2022-05-03T08:00:00+00:00,0.00010000,8
1651593600021,2022-05-03T16:00:00.021000+00:00,0.00010000,8
1651622400007,2022-05-04T00:00:00.007000+00:00,0.00010000,8
1651651200011,2022-05-04T08:00:00.011000+00:00,0.00002504,8
1651680000000,2022-05-04T16:00:00+00:00,0.00010000,8
1651708800005,2022-05-05T00:00:00.005000+00:00,0.00010000,8
1651737600019,2022-05-05T08:00:00.019000+00:00,0.00010000,8
1651766400005,2022-05-05T16:00:00.005000+00:00,0.00010000,8
1651795200005,2022-05-06T00:00:00.005000+00:00,-0.00013460,8
1651824000001,2022-05-06T08:00:00.001000+00:00,-0.00005734,8
1651852800010,2022-05-06T16:00:00.010000+00:00,0.00004197,8
1651881600004,2022-05-07T00:00:00.004000+00:00,-0.00005273,8
1651910400016,2022-05-07T08:00:00.016000+00:00,0.00005998,8
1651939200011,2022-05-07T16:00:00.011000+00:00,0.00000713,8
1651968000000,2022-05-08T00:00:00+00:00,-0.00002659,8
1651996800007,2022-05-08T08:00:00.007000+00:00,0.00010000,8
1652025600015,2022-05-08T16:00:00.015000+00:00,0.00010000,8
1652054400000,2022-05-09T00:00:00+00:00,0.00010000,8
1652083200001,2022-05-09T08:00:00.001000+00:00,0.00010000,8
1652112000000,2022-05-09T16:00:00+00:00,0.00010000,8
1652140800000,2022-05-10T00:00:00+00:00,0.00010000,8
1652169600007,2022-05-10T08:00:00.007000+00:00,0.00010000,8
1652198400008,2022-05-10T16:00:00.008000+00:00,0.00010000,8
1652227200004,2022-05-11T00:00:00.004000+00:00,0.00007580,8
1652256000007,2022-05-11T08:00:00.007000+00:00,0.00006939,8
1652284800008,2022-05-11T16:00:00.008000+00:00,-0.00003512,8
1652313600014,2022-05-12T00:00:00.014000+00:00,-0.00018773,8
1652342400000,2022-05-12T08:00:00+00:00,-0.00041995,8
1652371200007,2022-05-12T16:00:00.007000+00:00,-0.00014678,8
1652400000014,2022-05-13T00:00:00.014000+00:00,-0.00007127,8
1652428800001,2022-05-13T08:00:00.001000+00:00,-0.00000605,8
1652457600000,2022-05-13T16:00:00+00:00,0.00006045,8
1652486400000,2022-05-14T00:00:00+00:00,0.00010000,8
1652515200000,2022-05-14T08:00:00+00:00,0.00010000,8
1652544000001,2022-05-14T16:00:00.001000+00:00,0.00010000,8
1652572800000,2022-05-15T00:00:00+00:00,0.00008290,8
1652601600000,2022-05-15T08:00:00+00:00,0.00010000,8
1652630400000,2022-05-15T16:00:00+00:00,0.00009053,8
1652659200021,2022-05-16T00:00:00.021000+00:00,0.00010000,8
1652688000013,2022-05-16T08:00:00.013000+00:00,0.00008883,8
1652716800006,2022-05-16T16:00:00.006000+00:00,0.00004940,8
1652745600000,2022-05-17T00:00:00+00:00,0.00010000,8
1652774400010,2022-05-17T08:00:00.010000+00:00,-0.00000710,8
1652803200023,2022-05-17T16:00:00.023000+00:00,0.00004705,8
1652832000003,2022-05-18T00:00:00.003000+00:00,-0.00006956,8
1652860800024,2022-05-18T08:00:00.024000+00:00,-0.00005753,8
1652889600014,2022-05-18T16:00:00.014000+00:00,0.00002893,8
1652918400000,2022-05-19T00:00:00+00:00,-0.00000341,8
1652947200008,2022-05-19T08:00:00.008000+00:00,0.00005624,8
1652976000015,2022-05-19T16:00:00.015000+00:00,0.00007465,8
1653004800001,2022-05-20T00:00:00.001000+00:00,0.00010000,8
1653033600003,2022-05-20T08:00:00.003000+00:00,0.00010000,8
1653062400012,2022-05-20T16:00:00.012000+00:00,0.00010000,8
1653091200008,2022-05-21T00:00:00.008000+00:00,-0.00000202,8
1653120000001,2022-05-21T08:00:00.001000+00:00,-0.00002146,8
1653148800007,2022-05-21T16:00:00.007000+00:00,0.00002549,8
1653177600003,2022-05-22T00:00:00.003000+00:00,0.00002410,8
1653206400016,2022-05-22T08:00:00.016000+00:00,-0.00003063,8
1653235200000,2022-05-22T16:00:00+00:00,0.00010000,8
1653264000011,2022-05-23T00:00:00.011000+00:00,0.00010000,8
1653292800000,2022-05-23T08:00:00+00:00,0.00010000,8
1653321600023,2022-05-23T16:00:00.023000+00:00,0.00010000,8
1653350400011,2022-05-24T00:00:00.011000+00:00,-0.00012372,8
1653379200000,2022-05-24T08:00:00+00:00,-0.00000676,8
1653408000009,2022-05-24T16:00:00.009000+00:00,0.00002892,8
1653436800001,2022-05-25T00:00:00.001000+00:00,0.00003679,8
1653465600000,2022-05-25T08:00:00+00:00,0.00010000,8
1653494400015,2022-05-25T16:00:00.015000+00:00,0.00010000,8
1653523200005,2022-05-26T00:00:00.005000+00:00,0.00007516,8
1653552000001,2022-05-26T08:00:00.001000+00:00,0.00010000,8
1653580800000,2022-05-26T16:00:00+00:00,0.00000721,8
1653609600007,2022-05-27T00:00:00.007000+00:00,0.00010000,8
1653638400008,2022-05-27T08:00:00.008000+00:00,0.00010000,8
1653667200000,2022-05-27T16:00:00+00:00,0.00010000,8
1653696000018,2022-05-28T00:00:00.018000+00:00,0.00010000,8
1653724800016,2022-05-28T08:00:00.016000+00:00,0.00008712,8
1653753600013,2022-05-28T16:00:00.013000+00:00,0.00010000,8
1653782400000,2022-05-29T00:00:00+00:00,0.00010000,8
1653811200025,2022-05-29T08:00:00.025000+00:00,0.00010000,8
1653840000002,2022-05-29T16:00:00.002000+00:00,0.00010000,8
1653868800000,2022-05-30T00:00:00+00:00,0.00010000,8
1653897600013,2022-05-30T08:00:00.013000+00:00,0.00010000,8
1653926400005,2022-05-30T16:00:00.005000+00:00,0.00010000,8
1653955200016,2022-05-31T00:00:00.016000+00:00,0.00010000,8
1653984000000,2022-05-31T08:00:00+00:00,0.00010000,8
1654012800000,2022-05-31T16:00:00+00:00,0.00010000,8
1654041600000,2022-06-01T00:00:00+00:00,0.00010000,8
1654070400011,2022-06-01T08:00:00.011000+00:00,0.00010000,8
1654099200000,2022-06-01T16:00:00+00:00,0.00010000,8
1654128000000,2022-06-02T00:00:00+00:00,-0.00001452,8
1654156800006,2022-06-02T08:00:00.006000+00:00,0.00002265,8
1654185600021,2022-06-02T16:00:00.021000+00:00,0.00002107,8
1654214400016,2022-06-03T00:00:00.016000+00:00,-0.00003378,8
1654243200016,2022-06-03T08:00:00.016000+00:00,-0.00001456,8
1654272000012,2022-06-03T16:00:00.012000+00:00,0.00006937,8
1654300800005,2022-06-04T00:00:00.005000+00:00,0.00000270,8
1654329600000,2022-06-04T08:00:00+00:00,0.00004795,8
1654358400007,2022-06-04T16:00:00.007000+00:00,0.00005506,8
1654387200005,2022-06-05T00:00:00.005000+00:00,0.00004358,8
1654416000015,2022-06-05T08:00:00.015000+00:00,0.00002828,8
1654444800000,2022-06-05T16:00:00+00:00,0.00004753,8
1654473600000,2022-06-06T00:00:00+00:00,0.00006036,8
1654502400017,2022-06-06T08:00:00.017000+00:00,0.00009656,8
1654531200000,2022-06-06T16:00:00+00:00,0.00010000,8
1654560000000,2022-06-07T00:00:00+00:00,0.00010000,8
1654588800011,2022-06-07T08:00:00.011000+00:00,-0.00010234,8
1654617600000,2022-06-07T16:00:00+00:00,-0.00003705,8
1654646400008,2022-06-08T00:00:00.008000+00:00,0.00010000,8
1654675200020,2022-06-08T08:00:00.020000+00:00,0.00010000,8
1654704000012,2022-06-08T16:00:00.012000+00:00,0.00010000,8
1654732800000,2022-06-09T00:00:00+00:00,0.00010000,8
1654761600000,2022-06-09T08:00:00+00:00,0.00009106,8
1654790400000,2022-06-09T16:00:00+00:00,0.00010000,8
1654819200009,2022-06-10T00:00:00.009000+00:00,0.00010000,8
1654848000000,2022-06-10T08:00:00+00:00,0.00009289,8
1654876800006,2022-06-10T16:00:00.006000+00:00,0.00003503,8
1654905600018,2022-06-11T00:00:00.018000+00:00,0.00001762,8
1654934400014,2022-06-11T08:00:00.014000+00:00,0.00000379,8
1654963200000,2022-06-11T16:00:00+00:00,0.00006606,8
1654992000015,2022-06-12T00:00:00.015000+00:00,0.00010000,8
1655020800019,2022-06-12T08:00:00.019000+00:00,0.00000563,8
1655049600010,2022-06-12T16:00:00.010000+00:00,0.00000439,8
1655078400009,2022-06-13T00:00:00.009000+00:00,0.00005616,8
1655107200000,2022-06-13T08:00:00+00:00,-0.00003182,8
1655136000007,2022-06-13T16:00:00.007000+00:00,-0.00000580,8
1655164800013,2022-06-14T00:00:00.013000+00:00,0.00004088,8
1655193600008,2022-06-14T08:00:00.008000+00:00,-0.00010037,8
1655222400006,2022-06-14T16:00:00.006000+00:00,-0.00005186,8
1655251200000,2022-06-15T00:00:00+00:00,-0.00002077,8
1655280000016,2022-06-15T08:00:00.016000+00:00,-0.00007240,8
1655308800008,2022-06-15T16:00:00.008000+00:00,-0.00000666,8
1655337600009,2022-06-16T00:00:00.009000+00:00,-0.00004114,8
1655366400016,2022-06-16T08:00:00.016000+00:00,0.00004475,8
1655395200000,2022-06-16T16:00:00+00:00,-0.00005277,8
1655424000008,2022-06-17T00:00:00.008000+00:00,-0.00002222,8
1655452800003,2022-06-17T08:00:00.003000+00:00,-0.00009486,8
1655481600000,2022-06-17T16:00:00+00:00,0.00005092,8
1655510400020,2022-06-18T00:00:00.020000+00:00,0.00007356,8
1655539200025,2022-06-18T08:00:00.025000+00:00,0.00004575,8
1655568000014,2022-06-18T16:00:00.014000+00:00,0.00005227,8
1655596800012,2022-06-19T00:00:00.012000+00:00,0.00004243,8
1655625600012,2022-06-19T08:00:00.012000+00:00,-0.00004559,8
1655654400008,2022-06-19T16:00:00.008000+00:00,0.00007239,8
1655683200016,2022-06-20T00:00:00.016000+00:00,0.00000873,8
1655712000000,2022-06-20T08:00:00+00:00,-0.00000540,8
1655740800013,2022-06-20T16:00:00.013000+00:00,0.00006080,8
1655769600012,2022-06-21T00:00:00.012000+00:00,0.00010000,8
1655798400018,2022-06-21T08:00:00.018000+00:00,0.00004967,8
1655827200010,2022-06-21T16:00:00.010000+00:00,0.00002028,8
1655856000000,2022-06-22T00:00:00+00:00,0.00000178,8
1655884800001,2022-06-22T08:00:00.001000+00:00,-0.00002982,8
1655913600012,2022-06-22T16:00:00.012000+00:00,-0.00001640,8
1655942400000,2022-06-23T00:00:00+00:00,-0.00000872,8
1655971200000,2022-06-23T08:00:00+00:00,-0.00001577,8
1656000000016,2022-06-23T16:00:00.016000+00:00,-0.00002656,8
1656028800005,2022-06-24T00:00:00.005000+00:00,0.00006006,8
1656057600004,2022-06-24T08:00:00.004000+00:00,0.00010000,8
1656086400018,2022-06-24T16:00:00.018000+00:00,0.00010000,8
1656115200001,2022-06-25T00:00:00.001000+00:00,0.00002621,8
1656144000010,2022-06-25T08:00:00.010000+00:00,0.00010000,8
1656172800000,2022-06-25T16:00:00+00:00,0.00010000,8
1656201600002,2022-06-26T00:00:00.002000+00:00,0.00010000,8
1656230400016,2022-06-26T08:00:00.016000+00:00,0.00010000,8
1656259200006,2022-06-26T16:00:00.006000+00:00,0.00000669,8
1656288000008,2022-06-27T00:00:00.008000+00:00,0.00007820,8
1656316800000,2022-06-27T08:00:00+00:00,0.00003533,8
1656345600016,2022-06-27T16:00:00.016000+00:00,0.00006102,8
1656374400016,2022-06-28T00:00:00.016000+00:00,-0.00002586,8
1656403200001,2022-06-28T08:00:00.001000+00:00,-0.00005613,8
1656432000005,2022-06-28T16:00:00.005000+00:00,0.00002435,8
1656460800000,2022-06-29T00:00:00+00:00,0.00004188,8
1656489600013,2022-06-29T08:00:00.013000+00:00,0.00008335,8
1656518400000,2022-06-29T16:00:00+00:00,0.00005319,8
1656547200000,2022-06-30T00:00:00+00:00,0.00000324,8
1656576000000,2022-06-30T08:00:00+00:00,-0.00005159,8
1656604800000,2022-06-30T16:00:00+00:00,-0.00015879,8
1656633600001,2022-07-01T00:00:00.001000+00:00,-0.00008786,8
1656662400017,2022-07-01T08:00:00.017000+00:00,0.00003106,8
1656691200005,2022-07-01T16:00:00.005000+00:00,-0.00008061,8
1656720000000,2022-07-02T00:00:00+00:00,-0.00002913,8
1656748800000,2022-07-02T08:00:00+00:00,0.00005218,8
1656777600008,2022-07-02T16:00:00.008000+00:00,0.00002120,8
1656806400015,2022-07-03T00:00:00.015000+00:00,0.00003570,8
1656835200004,2022-07-03T08:00:00.004000+00:00,0.00004779,8
1656864000005,2022-07-03T16:00:00.005000+00:00,0.00007251,8
1656892800021,2022-07-04T00:00:00.021000+00:00,0.00007792,8
1656921600001,2022-07-04T08:00:00.001000+00:00,0.00004630,8
1656950400000,2022-07-04T16:00:00+00:00,0.00002248,8
1656979200000,2022-07-05T00:00:00+00:00,0.00005291,8
1657008000000,2022-07-05T08:00:00+00:00,0.00010000,8
1657036800015,2022-07-05T16:00:00.015000+00:00,0.00000120,8
1657065600006,2022-07-06T00:00:00.006000+00:00,0.00010000,8
1657094400000,2022-07-06T08:00:00+00:00,0.00010000,8
1657123200000,2022-07-06T16:00:00+00:00,0.00008373,8
1657152000010,2022-07-07T00:00:00.010000+00:00,0.00005274,8
1657180800010,2022-07-07T08:00:00.010000+00:00,0.00010000,8
1657209600011,2022-07-07T16:00:00.011000+00:00,0.00010000,8
1657238400008,2022-07-08T00:00:00.008000+00:00,0.00000212,8
1657267200009,2022-07-08T08:00:00.009000+00:00,0.00010000,8
1657296000000,2022-07-08T16:00:00+00:00,0.00010000,8
1657324800000,2022-07-09T00:00:00+00:00,0.00010000,8
1657353600000,2022-07-09T08:00:00+00:00,0.00010000,8
1657382400009,2022-07-09T16:00:00.009000+00:00,0.00006143,8
1657411200001,2022-07-10T00:00:00.001000+00:00,0.00009962,8
1657440000002,2022-07-10T08:00:00.002000+00:00,0.00010000,8
1657468800001,2022-07-10T16:00:00.001000+00:00,0.00010000,8
1657497600000,2022-07-11T00:00:00+00:00,0.00004543,8
1657526400003,2022-07-11T08:00:00.003000+00:00,0.00007236,8
1657555200001,2022-07-11T16:00:00.001000+00:00,0.00008500,8
1657584000000,2022-07-12T00:00:00+00:00,0.00008003,8
1657612800021,2022-07-12T08:00:00.021000+00:00,0.00006433,8
1657641600000,2022-07-12T16:00:00+00:00,0.00002667,8
1657670400012,2022-07-13T00:00:00.012000+00:00,-0.00001204,8
1657699200022,2022-07-13T08:00:00.022000+00:00,0.00000617,8
1657728000005,2022-07-13T16:00:00.005000+00:00,-0.00001218,8
1657756800017,2022-07-14T00:00:00.017000+00:00,5.7E-7,8
1657785600001,2022-07-14T08:00:00.001000+00:00,0.00010000,8
1657814400000,2022-07-14T16:00:00+00:00,0.00003451,8
1657843200004,2022-07-15T00:00:00.004000+00:00,0.00009257,8
1657872000019,2022-07-15T08:00:00.019000+00:00,0.00001401,8
1657900800017,2022-07-15T16:00:00.017000+00:00,0.00001601,8
1657929600021,2022-07-16T00:00:00.021000+00:00,0.00006055,8
1657958400014,2022-07-16T08:00:00.014000+00:00,0.00007996,8
1657987200005,2022-07-16T16:00:00.005000+00:00,0.00000800,8
1658016000000,2022-07-17T00:00:00+00:00,0.00008038,8
1658044800003,2022-07-17T08:00:00.003000+00:00,0.00010000,8
1658073600007,2022-07-17T16:00:00.007000+00:00,0.00008709,8
1658102400001,2022-07-18T00:00:00.001000+00:00,0.00010000,8
1658131200004,2022-07-18T08:00:00.004000+00:00,0.00010000,8
1658160000019,2022-07-18T16:00:00.019000+00:00,0.00010000,8
1658188800000,2022-07-19T00:00:00+00:00,0.00010000,8
1658217600000,2022-07-19T08:00:00+00:00,0.00010000,8
1658246400001,2022-07-19T16:00:00.001000+00:00,0.00010000,8
1658275200004,2022-07-20T00:00:00.004000+00:00,0.00010000,8
1658304000000,2022-07-20T08:00:00+00:00,0.00010000,8
1658332800003,2022-07-20T16:00:00.003000+00:00,0.00008118,8
1658361600000,2022-07-21T00:00:00+00:00,0.00010000,8
1658390400018,2022-07-21T08:00:00.018000+00:00,0.00010000,8
1658419200011,2022-07-21T16:00:00.011000+00:00,0.00010000,8
1658448000014,2022-07-22T00:00:00.014000+00:00,0.00010000,8
1658476800000,2022-07-22T08:00:00+00:00,0.00010000,8
1658505600000,2022-07-22T16:00:00+00:00,0.00005172,8
1658534400004,2022-07-23T00:00:00.004000+00:00,0.00009043,8
1658563200002,2022-07-23T08:00:00.002000+00:00,0.00001021,8
1658592000001,2022-07-23T16:00:00.001000+00:00,0.00010000,8
1658620800000,2022-07-24T00:00:00+00:00,0.00003770,8
1658649600011,2022-07-24T08:00:00.011000+00:00,0.00010000,8
1658678400000,2022-07-24T16:00:00+00:00,0.00008293,8
1658707200000,2022-07-25T00:00:00+00:00,0.00010000,8
1658736000014,2022-07-25T08:00:00.014000+00:00,0.00001238,8
1658764800006,2022-07-25T16:00:00.006000+00:00,0.00002319,8
1658793600010,2022-07-26T00:00:00.010000+00:00,0.00010000,8
1658822400000,2022-07-26T08:00:00+00:00,0.00003654,8
1658851200000,2022-07-26T16:00:00+00:00,0.00008659,8
1658880000008,2022-07-27T00:00:00.008000+00:00,0.00004591,8
1658908800000,2022-07-27T08:00:00+00:00,0.00005085,8
1658937600003,2022-07-27T16:00:00.003000+00:00,0.00002951,8
1658966400009,2022-07-28T00:00:00.009000+00:00,0.00009229,8
1658995200008,2022-07-28T08:00:00.008000+00:00,0.00010000,8
1659024000013,2022-07-28T16:00:00.013000+00:00,0.00010000,8
1659052800000,2022-07-29T00:00:00+00:00,0.00010000,8
1659081600000,2022-07-29T08:00:00+00:00,0.00010000,8
1659110400000,2022-07-29T16:00:00+00:00,0.00010000,8
1659139200005,2022-07-30T00:00:00.005000+00:00,0.00010000,8
1659168000009,2022-07-30T08:00:00.009000+00:00,0.00010000,8
1659196800000,2022-07-30T16:00:00+00:00,0.00010000,8
1659225600022,2022-07-31T00:00:00.022000+00:00,0.00010000,8
1659254400011,2022-07-31T08:00:00.011000+00:00,0.00010000,8
1659283200019,2022-07-31T16:00:00.019000+00:00,0.00006281,8
1659312000010,2022-08-01T00:00:00.010000+00:00,0.00010000,8
1659340800019,2022-08-01T08:00:00.019000+00:00,0.00010000,8
1659369600017,2022-08-01T16:00:00.017000+00:00,0.00006449,8
1659398400000,2022-08-02T00:00:00+00:00,0.00010000,8
1659427200007,2022-08-02T08:00:00.007000+00:00,0.00009733,8
1659456000014,2022-08-02T16:00:00.014000+00:00,0.00005885,8
1659484800001,2022-08-03T00:00:00.001000+00:00,0.00000328,8
1659513600020,2022-08-03T08:00:00.020000+00:00,-0.00003960,8
1659542400008,2022-08-03T16:00:00.008000+00:00,0.00004382,8
1659571200001,2022-08-04T00:00:00.001000+00:00,-0.00000191,8
1659600000009,2022-08-04T08:00:00.009000+00:00,0.00001778,8
1659628800015,2022-08-04T16:00:00.015000+00:00,0.00001436,8
1659657600005,2022-08-05T00:00:00.005000+00:00,0.00001692,8
1659686400000,2022-08-05T08:00:00+00:00,0.00006774,8
1659715200000,2022-08-05T16:00:00+00:00,0.00002115,8
1659744000021,2022-08-06T00:00:00.021000+00:00,0.00006888,8
1659772800000,2022-08-06T08:00:00+00:00,0.00008589,8
1659801600015,2022-08-06T16:00:00.015000+00:00,0.00010000,8
1659830400013,2022-08-07T00:00:00.013000+00:00,0.00010000,8
1659859200000,2022-08-07T08:00:00+00:00,-0.00000737,8
1659888000014,2022-08-07T16:00:00.014000+00:00,0.00002401,8
1659916800009,2022-08-08T00:00:00.009000+00:00,0.00010000,8
1659945600006,2022-08-08T08:00:00.006000+00:00,0.00002790,8
1659974400000,2022-08-08T16:00:00+00:00,0.00010000,8
1660003200020,2022-08-09T00:00:00.020000+00:00,0.00010000,8
1660032000000,2022-08-09T08:00:00+00:00,0.00007920,8
1660060800000,2022-08-09T16:00:00+00:00,0.00010000,8
1660089600000,2022-08-10T00:00:00+00:00,-0.00001314,8
1660118400016,2022-08-10T08:00:00.016000+00:00,0.00000581,8
1660147200018,2022-08-10T16:00:00.018000+00:00,0.00009440,8
1660176000012,2022-08-11T00:00:00.012000+00:00,0.00007206,8
1660204800000,2022-08-11T08:00:00+00:00,0.00010000,8
1660233600000,2022-08-11T16:00:00+00:00,0.00004911,8
1660262400006,2022-08-12T00:00:00.006000+00:00,0.00009024,8
1660291200000,2022-08-12T08:00:00+00:00,0.00001412,8
1660320000005,2022-08-12T16:00:00.005000+00:00,-0.00003384,8
1660348800012,2022-08-13T00:00:00.012000+00:00,-0.00003559,8
1660377600006,2022-08-13T08:00:00.006000+00:00,0.00008455,8
1660406400018,2022-08-13T16:00:00.018000+00:00,0.00002154,8
1660435200000,2022-08-14T00:00:00+00:00,0.00002396,8
1660464000000,2022-08-14T08:00:00+00:00,-0.00000333,8
1660492800000,2022-08-14T16:00:00+00:00,0.00001239,8
1660521600010,2022-08-15T00:00:00.010000+00:00,-0.00003766,8
1660550400002,2022-08-15T08:00:00.002000+00:00,0.00001077,8
1660579200010,2022-08-15T16:00:00.010000+00:00,-0.00001339,8
1660608000010,2022-08-16T00:00:00.010000+00:00,0.00003243,8
1660636800002,2022-08-16T08:00:00.002000+00:00,0.00000156,8
1660665600000,2022-08-16T16:00:00+00:00,0.00002870,8
1660694400020,2022-08-17T00:00:00.020000+00:00,0.00000466,8
1660723200016,2022-08-17T08:00:00.016000+00:00,0.00000262,8
1660752000001,2022-08-17T16:00:00.001000+00:00,0.00009364,8
1660780800005,2022-08-18T00:00:00.005000+00:00,0.00008391,8
1660809600012,2022-08-18T08:00:00.012000+00:00,0.00010000,8
1660838400013,2022-08-18T16:00:00.013000+00:00,0.00007171,8
1660867200000,2022-08-19T00:00:00+00:00,0.00010000,8
1660896000000,2022-08-19T08:00:00+00:00,0.00002108,8
1660924800009,2022-08-19T16:00:00.009000+00:00,-0.00006746,8
1660953600000,2022-08-20T00:00:00+00:00,0.00001070,8
1660982400005,2022-08-20T08:00:00.005000+00:00,-0.00006722,8
1661011200000,2022-08-20T16:00:00+00:00,-0.00004567,8
1661040000010,2022-08-21T00:00:00.010000+00:00,-0.00001957,8
1661068800013,2022-08-21T08:00:00.013000+00:00,-0.00003589,8
1661097600000,2022-08-21T16:00:00+00:00,-0.00003234,8
1661126400011,2022-08-22T00:00:00.011000+00:00,-0.00008092,8
1661155200005,2022-08-22T08:00:00.005000+00:00,-0.00003215,8
1661184000005,2022-08-22T16:00:00.005000+00:00,0.00004021,8
1661212800000,2022-08-23T00:00:00+00:00,-0.00003345,8
1661241600021,2022-08-23T08:00:00.021000+00:00,-0.00004031,8
1661270400005,2022-08-23T16:00:00.005000+00:00,0.00000846,8
1661299200017,2022-08-24T00:00:00.017000+00:00,0.00002509,8
1661328000021,2022-08-24T08:00:00.021000+00:00,-0.00004353,8
1661356800000,2022-08-24T16:00:00+00:00,-0.00003538,8
1661385600003,2022-08-25T00:00:00.003000+00:00,0.00000128,8
1661414400000,2022-08-25T08:00:00+00:00,0.00001547,8
1661443200004,2022-08-25T16:00:00.004000+00:00,0.00004481,8
1661472000001,2022-08-26T00:00:00.001000+00:00,-0.00001707,8
1661500800004,2022-08-26T08:00:00.004000+00:00,0.00003207,8
1661529600000,2022-08-26T16:00:00+00:00,0.00002599,8
1661558400010,2022-08-27T00:00:00.010000+00:00,-0.00002808,8
1661587200007,2022-08-27T08:00:00.007000+00:00,-0.00006290,8
1661616000008,2022-08-27T16:00:00.008000+00:00,-0.00004396,8
1661644800019,2022-08-28T00:00:00.019000+00:00,-0.00001396,8
1661673600000,2022-08-28T08:00:00+00:00,-0.00008758,8
1661702400000,2022-08-28T16:00:00+00:00,-0.00002443,8
1661731200000,2022-08-29T00:00:00+00:00,-0.00013623,8
1661760000000,2022-08-29T08:00:00+00:00,-0.00010056,8
1661788800001,2022-08-29T16:00:00.001000+00:00,-0.00006193,8
1661817600001,2022-08-30T00:00:00.001000+00:00,0.00001123,8
1661846400005,2022-08-30T08:00:00.005000+00:00,-0.00003356,8
1661875200010,2022-08-30T16:00:00.010000+00:00,-0.00005903,8
1661904000000,2022-08-31T00:00:00+00:00,-0.00002089,8
1661932800005,2022-08-31T08:00:00.005000+00:00,0.00005779,8
1661961600013,2022-08-31T16:00:00.013000+00:00,0.00004950,8
1661990400012,2022-09-01T00:00:00.012000+00:00,0.00009390,8
1662019200000,2022-09-01T08:00:00+00:00,0.00002266,8
1662048000013,2022-09-01T16:00:00.013000+00:00,0.00003630,8
1662076800002,2022-09-02T00:00:00.002000+00:00,0.00002498,8
1662105600013,2022-09-02T08:00:00.013000+00:00,0.00004905,8
1662134400000,2022-09-02T16:00:00+00:00,0.00004443,8
1662163200000,2022-09-03T00:00:00+00:00,-0.00000199,8
1662192000002,2022-09-03T08:00:00.002000+00:00,0.00009442,8
1662220800007,2022-09-03T16:00:00.007000+00:00,0.00001115,8
1662249600008,2022-09-04T00:00:00.008000+00:00,0.00000588,8
1662278400009,2022-09-04T08:00:00.009000+00:00,0.00005463,8
1662307200000,2022-09-04T16:00:00+00:00,0.00002119,8
1662336000015,2022-09-05T00:00:00.015000+00:00,0.00008292,8
1662364800013,2022-09-05T08:00:00.013000+00:00,-0.00000737,8
1662393600007,2022-09-05T16:00:00.007000+00:00,0.00004712,8
1662422400018,2022-09-06T00:00:00.018000+00:00,-0.00000245,8
1662451200020,2022-09-06T08:00:00.020000+00:00,0.00000343,8
1662480000028,2022-09-06T16:00:00.028000+00:00,0.00003473,8
1662508800013,2022-09-07T00:00:00.013000+00:00,-0.00008601,8
1662537600022,2022-09-07T08:00:00.022000+00:00,0.00002729,8
1662566400021,2022-09-07T16:00:00.021000+00:00,-0.00003480,8
1662595200010,2022-09-08T00:00:00.010000+00:00,0.00000620,8
1662624000000,2022-09-08T08:00:00+00:00,0.00003327,8
1662652800003,2022-09-08T16:00:00.003000+00:00,0.00005667,8
1662681600011,2022-09-09T00:00:00.011000+00:00,0.00001312,8
1662710400000,2022-09-09T08:00:00+00:00,0.00010000,8
1662739200000,2022-09-09T16:00:00+00:00,0.00010000,8
1662768000003,2022-09-10T00:00:00.003000+00:00,0.00010000,8
1662796800000,2022-09-10T08:00:00+00:00,0.00009764,8
1662825600012,2022-09-10T16:00:00.012000+00:00,0.00010000,8
1662854400009,2022-09-11T00:00:00.009000+00:00,0.00007115,8
1662883200012,2022-09-11T08:00:00.012000+00:00,0.00010000,8
1662912000005,2022-09-11T16:00:00.005000+00:00,0.00006712,8
1662940800007,2022-09-12T00:00:00.007000+00:00,0.00010000,8
1662969600013,2022-09-12T08:00:00.013000+00:00,0.00008246,8
1662998400000,2022-09-12T16:00:00+00:00,0.00010000,8
1663027200004,2022-09-13T00:00:00.004000+00:00,0.00009965,8
1663056000000,2022-09-13T08:00:00+00:00,0.00010000,8
1663084800000,2022-09-13T16:00:00+00:00,0.00010000,8
1663113600000,2022-09-14T00:00:00+00:00,-0.00003953,8
1663142400000,2022-09-14T08:00:00+00:00,0.00000727,8
1663171200000,2022-09-14T16:00:00+00:00,0.00001004,8
1663200000019,2022-09-15T00:00:00.019000+00:00,0.00000324,8
1663228800012,2022-09-15T08:00:00.012000+00:00,0.00010000,8
1663257600007,2022-09-15T16:00:00.007000+00:00,0.00000813,8
1663286400000,2022-09-16T00:00:00+00:00,0.00008055,8
1663315200000,2022-09-16T08:00:00+00:00,0.00004349,8
1663344000000,2022-09-16T16:00:00+00:00,0.00002919,8
1663372800000,2022-09-17T00:00:00+00:00,0.00003024,8
1663401600012,2022-09-17T08:00:00.012000+00:00,0.00004336,8
1663430400017,2022-09-17T16:00:00.017000+00:00,0.00001467,8
1663459200000,2022-09-18T00:00:00+00:00,0.00006428,8
1663488000004,2022-09-18T08:00:00.004000+00:00,0.00007820,8
1663516800000,2022-09-18T16:00:00+00:00,0.00003564,8
1663545600018,2022-09-19T00:00:00.018000+00:00,0.00003581,8
1663574400006,2022-09-19T08:00:00.006000+00:00,-0.00009289,8
1663603200010,2022-09-19T16:00:00.010000+00:00,0.00000600,8
1663632000007,2022-09-20T00:00:00.007000+00:00,0.00007813,8
1663660800001,2022-09-20T08:00:00.001000+00:00,0.00005855,8
1663689600000,2022-09-20T16:00:00+00:00,0.00001721,8
1663718400001,2022-09-21T00:00:00.001000+00:00,0.00005185,8
1663747200005,2022-09-21T08:00:00.005000+00:00,0.00001478,8
1663776000000,2022-09-21T16:00:00+00:00,0.00002732,8
1663804800000,2022-09-22T00:00:00+00:00,-0.00011779,8
1663833600000,2022-09-22T08:00:00+00:00,-0.00006911,8
1663862400011,2022-09-22T16:00:00.011000+00:00,0.00007743,8
1663891200023,2022-09-23T00:00:00.023000+00:00,0.00007261,8
1663920000004,2022-09-23T08:00:00.004000+00:00,0.00002959,8
1663948800005,2022-09-23T16:00:00.005000+00:00,-0.00005008,8
1663977600000,2022-09-24T00:00:00+00:00,0.00002947,8
1664006400005,2022-09-24T08:00:00.005000+00:00,0.00001676,8
1664035200000,2022-09-24T16:00:00+00:00,0.00005345,8
1664064000010,2022-09-25T00:00:00.010000+00:00,0.00000999,8
1664092800000,2022-09-25T08:00:00+00:00,0.00003653,8
1664121600003,2022-09-25T16:00:00.003000+00:00,0.00002593,8
1664150400001,2022-09-26T00:00:00.001000+00:00,-0.00000660,8
1664179200006,2022-09-26T08:00:00.006000+00:00,0.00003696,8
1664208000000,2022-09-26T16:00:00+00:00,0.00004497,8
1664236800026,2022-09-27T00:00:00.026000+00:00,0.00002244,8
1664265600004,2022-09-27T08:00:00.004000+00:00,0.00010000,8
1664294400006,2022-09-27T16:00:00.006000+00:00,0.00008538,8
1664323200011,2022-09-28T00:00:00.011000+00:00,0.00001141,8
1664352000000,2022-09-28T08:00:00+00:00,-0.00001071,8
1664380800000,2022-09-28T16:00:00+00:00,0.00005332,8
1664409600010,2022-09-29T00:00:00.010000+00:00,0.00005681,8
1664438400000,2022-09-29T08:00:00+00:00,0.00007641,8
1664467200000,2022-09-29T16:00:00+00:00,0.00006685,8
1664496000006,2022-09-30T00:00:00.006000+00:00,0.00010000,8
1664524800002,2022-09-30T08:00:00.002000+00:00,0.00010000,8
1664553600007,2022-09-30T16:00:00.007000+00:00,0.00010000,8
1664582400008,2022-10-01T00:00:00.008000+00:00,0.00003198,8
1664611200011,2022-10-01T08:00:00.011000+00:00,0.00010000,8
1664640000000,2022-10-01T16:00:00+00:00,0.00007005,8
1664668800000,2022-10-02T00:00:00+00:00,0.00004262,8
1664697600000,2022-10-02T08:00:00+00:00,0.00005816,8
1664726400006,2022-10-02T16:00:00.006000+00:00,0.00005384,8
1664755200000,2022-10-03T00:00:00+00:00,0.00003996,8
1664784000014,2022-10-03T08:00:00.014000+00:00,0.00008316,8
1664812800010,2022-10-03T16:00:00.010000+00:00,0.00010000,8
1664841600006,2022-10-04T00:00:00.006000+00:00,0.00010000,8
1664870400004,2022-10-04T08:00:00.004000+00:00,0.00010000,8
1664899200013,2022-10-04T16:00:00.013000+00:00,0.00010000,8
1664928000000,2022-10-05T00:00:00+00:00,0.00010000,8
1664956800000,2022-10-05T08:00:00+00:00,0.00010000,8
1664985600012,2022-10-05T16:00:00.012000+00:00,0.00010000,8
1665014400008,2022-10-06T00:00:00.008000+00:00,0.00010000,8
1665043200002,2022-10-06T08:00:00.002000+00:00,0.00010000,8
1665072000006,2022-10-06T16:00:00.006000+00:00,0.00010000,8
1665100800000,2022-10-07T00:00:00+00:00,0.00010000,8
1665129600000,2022-10-07T08:00:00+00:00,0.00010000,8
1665158400007,2022-10-07T16:00:00.007000+00:00,0.00007513,8
1665187200010,2022-10-08T00:00:00.010000+00:00,0.00003850,8
1665216000004,2022-10-08T08:00:00.004000+00:00,0.00007345,8
1665244800018,2022-10-08T16:00:00.018000+00:00,0.00004149,8
1665273600000,2022-10-09T00:00:00+00:00,0.00003246,8
1665302400007,2022-10-09T08:00:00.007000+00:00,0.00001776,8
1665331200011,2022-10-09T16:00:00.011000+00:00,0.00001951,8
1665360000018,2022-10-10T00:00:00.018000+00:00,0.00006241,8
1665388800000,2022-10-10T08:00:00+00:00,0.00006069,8
1665417600026,2022-10-10T16:00:00.026000+00:00,0.00010000,8
1665446400020,2022-10-11T00:00:00.020000+00:00,0.00010000,8
1665475200027,2022-10-11T08:00:00.027000+00:00,0.00010000,8
1665504000000,2022-10-11T16:00:00+00:00,0.00010000,8
1665532800014,2022-10-12T00:00:00.014000+00:00,0.00010000,8
1665561600000,2022-10-12T08:00:00+00:00,0.00010000,8
1665590400000,2022-10-12T16:00:00+00:00,0.00010000,8
1665619200013,2022-10-13T00:00:00.013000+00:00,0.00007466,8
1665648000016,2022-10-13T08:00:00.016000+00:00,0.00010000,8
1665676800009,2022-10-13T16:00:00.009000+00:00,0.00003936,8
1665705600020,2022-10-14T00:00:00.020000+00:00,0.00003235,8
1665734400000,2022-10-14T08:00:00+00:00,0.00010000,8
1665763200009,2022-10-14T16:00:00.009000+00:00,0.00008395,8
1665792000001,2022-10-15T00:00:00.001000+00:00,0.00004317,8
1665820800005,2022-10-15T08:00:00.005000+00:00,0.00003772,8
1665849600004,2022-10-15T16:00:00.004000+00:00,0.00004563,8
1665878400012,2022-10-16T00:00:00.012000+00:00,0.00002735,8
1665907200000,2022-10-16T08:00:00+00:00,0.00000461,8
1665936000010,2022-10-16T16:00:00.010000+00:00,0.00003394,8
1665964800012,2022-10-17T00:00:00.012000+00:00,0.00000331,8
1665993600010,2022-10-17T08:00:00.010000+00:00,0.00004840,8
1666022400017,2022-10-17T16:00:00.017000+00:00,0.00006458,8
1666051200010,2022-10-18T00:00:00.010000+00:00,0.00010000,8
1666080000008,2022-10-18T08:00:00.008000+00:00,0.00010000,8
1666108800000,2022-10-18T16:00:00+00:00,0.00010000,8
1666137600007,2022-10-19T00:00:00.007000+00:00,0.00007598,8
1666166400022,2022-10-19T08:00:00.022000+00:00,0.00010000,8
1666195200016,2022-10-19T16:00:00.016000+00:00,0.00010000,8
1666224000000,2022-10-20T00:00:00+00:00,0.00010000,8
1666252800013,2022-10-20T08:00:00.013000+00:00,0.00006021,8
1666281600000,2022-10-20T16:00:00+00:00,0.00002095,8
1666310400005,2022-10-21T00:00:00.005000+00:00,0.00004708,8
1666339200018,2022-10-21T08:00:00.018000+00:00,0.00004483,8
1666368000000,2022-10-21T16:00:00+00:00,-0.00000890,8
1666396800000,2022-10-22T00:00:00+00:00,0.00003721,8
1666425600015,2022-10-22T08:00:00.015000+00:00,0.00008360,8
1666454400000,2022-10-22T16:00:00+00:00,-0.00000319,8
1666483200025,2022-10-23T00:00:00.025000+00:00,0.00004152,8
1666512000000,2022-10-23T08:00:00+00:00,0.00001171,8
1666540800004,2022-10-23T16:00:00.004000+00:00,0.00005174,8
1666569600009,2022-10-24T00:00:00.009000+00:00,0.00010000,8
1666598400012,2022-10-24T08:00:00.012000+00:00,0.00010000,8
1666627200002,2022-10-24T16:00:00.002000+00:00,0.00002328,8
1666656000013,2022-10-25T00:00:00.013000+00:00,0.00004327,8
1666684800013,2022-10-25T08:00:00.013000+00:00,0.00009019,8
1666713600000,2022-10-25T16:00:00+00:00,-0.00000166,8
1666742400006,2022-10-26T00:00:00.006000+00:00,0.00002243,8
1666771200013,2022-10-26T08:00:00.013000+00:00,0.00005665,8
1666800000000,2022-10-26T16:00:00+00:00,0.00006122,8
1666828800009,2022-10-27T00:00:00.009000+00:00,1.3E-7,8
1666857600006,2022-10-27T08:00:00.006000+00:00,-0.00002276,8
1666886400009,2022-10-27T16:00:00.009000+00:00,0.00001376,8
1666915200000,2022-10-28T00:00:00+00:00,-0.00001228,8
1666944000000,2022-10-28T08:00:00+00:00,0.00003541,8
1666972800007,2022-10-28T16:00:00.007000+00:00,-0.00002629,8
1667001600000,2022-10-29T00:00:00+00:00,0.00002484,8
1667030400003,2022-10-29T08:00:00.003000+00:00,0.00004755,8
1667059200010,2022-10-29T16:00:00.010000+00:00,0.00004205,8
1667088000000,2022-10-30T00:00:00+00:00,-0.00002515,8
1667116800013,2022-10-30T08:00:00.013000+00:00,0.00003212,8
1667145600009,2022-10-30T16:00:00.009000+00:00,0.00005135,8
1667174400012,2022-10-31T00:00:00.012000+00:00,0.00001504,8
1667203200000,2022-10-31T08:00:00+00:00,0.00003842,8
1667232000010,2022-10-31T16:00:00.010000+00:00,-0.00000434,8
1667260800000,2022-11-01T00:00:00+00:00,0.00000722,8
1667289600000,2022-11-01T08:00:00+00:00,-0.00001088,8
1667318400000,2022-11-01T16:00:00+00:00,0.00001302,8
1667347200000,2022-11-02T00:00:00+00:00,0.00004787,8
1667376000000,2022-11-02T08:00:00+00:00,0.00001203,8
1667404800019,2022-11-02T16:00:00.019000+00:00,0.00006046,8
1667433600011,2022-11-03T00:00:00.011000+00:00,0.00002680,8
1667462400016,2022-11-03T08:00:00.016000+00:00,0.00000440,8
1667491200005,2022-11-03T16:00:00.005000+00:00,0.00006940,8
1667520000000,2022-11-04T00:00:00+00:00,0.00004429,8
1667548800004,2022-11-04T08:00:00.004000+00:00,0.00001148,8
1667577600020,2022-11-04T16:00:00.020000+00:00,0.00006899,8
1667606400009,2022-11-05T00:00:00.009000+00:00,0.00004409,8
1667635200007,2022-11-05T08:00:00.007000+00:00,0.00004541,8
1667664000018,2022-11-05T16:00:00.018000+00:00,0.00010000,8
1667692800009,2022-11-06T00:00:00.009000+00:00,0.00006491,8
1667721600000,2022-11-06T08:00:00+00:00,0.00009732,8
1667750400010,2022-11-06T16:00:00.010000+00:00,0.00006866,8
1667779200012,2022-11-07T00:00:00.012000+00:00,0.00007813,8
1667808000014,2022-11-07T08:00:00.014000+00:00,0.00010000,8
1667836800006,2022-11-07T16:00:00.006000+00:00,0.00010000,8
1667865600000,2022-11-08T00:00:00+00:00,0.00006515,8
1667894400001,2022-11-08T08:00:00.001000+00:00,-0.00000788,8
1667923200005,2022-11-08T16:00:00.005000+00:00,0.00009446,8
1667952000000,2022-11-09T00:00:00+00:00,-0.00013884,8
1667980800013,2022-11-09T08:00:00.013000+00:00,0.00007305,8
1668009600004,2022-11-09T16:00:00.004000+00:00,-0.00032976,8
1668038400006,2022-11-10T00:00:00.006000+00:00,-0.00119172,8
1668067200000,2022-11-10T08:00:00+00:00,-0.00111953,8
1668096000015,2022-11-10T16:00:00.015000+00:00,-0.00023833,8
1668124800000,2022-11-11T00:00:00+00:00,-0.00019452,8
1668153600015,2022-11-11T08:00:00.015000+00:00,-0.00007277,8
1668182400027,2022-11-11T16:00:00.027000+00:00,-0.00005802,8
1668211200007,2022-11-12T00:00:00.007000+00:00,0.00005300,8
1668240000016,2022-11-12T08:00:00.016000+00:00,-0.00002406,8
1668268800000,2022-11-12T16:00:00+00:00,0.00006521,8
1668297600004,2022-11-13T00:00:00.004000+00:00,0.00000333,8
1668326400000,2022-11-13T08:00:00+00:00,-0.00007357,8
1668355200017,2022-11-13T16:00:00.017000+00:00,0.00002816,8
1668384000000,2022-11-14T00:00:00+00:00,-0.00003809,8
1668412800000,2022-11-14T08:00:00+00:00,-0.00007645,8
1668441600000,2022-11-14T16:00:00+00:00,-0.00001132,8
1668470400014,2022-11-15T00:00:00.014000+00:00,-0.00010925,8
1668499200009,2022-11-15T08:00:00.009000+00:00,-0.00017664,8
1668528000010,2022-11-15T16:00:00.010000+00:00,0.00002275,8
1668556800011,2022-11-16T00:00:00.011000+00:00,-0.00013216,8
1668585600004,2022-11-16T08:00:00.004000+00:00,0.00001121,8
1668614400008,2022-11-16T16:00:00.008000+00:00,-0.00006617,8
1668643200000,2022-11-17T00:00:00+00:00,-0.00004542,8
1668672000000,2022-11-17T08:00:00+00:00,-0.00005138,8
1668700800006,2022-11-17T16:00:00.006000+00:00,-0.00002701,8
1668729600004,2022-11-18T00:00:00.004000+00:00,-0.00002836,8
1668758400016,2022-11-18T08:00:00.016000+00:00,0.00002398,8
1668787200000,2022-11-18T16:00:00+00:00,0.00000955,8
1668816000000,2022-11-19T00:00:00+00:00,0.00005556,8
1668844800004,2022-11-19T08:00:00.004000+00:00,0.00007897,8
1668873600024,2022-11-19T16:00:00.024000+00:00,-0.00001169,8
1668902400015,2022-11-20T00:00:00.015000+00:00,-0.00000779,8
1668931200004,2022-11-20T08:00:00.004000+00:00,0.00003552,8
1668960000000,2022-11-20T16:00:00+00:00,-0.00000979,8
1668988800006,2022-11-21T00:00:00.006000+00:00,0.00007898,8
1669017600015,2022-11-21T08:00:00.015000+00:00,-0.00001218,8
1669046400000,2022-11-21T16:00:00+00:00,0.00002302,8
1669075200000,2022-11-22T00:00:00+00:00,-0.00007485,8
1669104000000,2022-11-22T08:00:00+00:00,0.00002033,8
1669132800000,2022-11-22T16:00:00+00:00,0.00007881,8
1669161600000,2022-11-23T00:00:00+00:00,0.00009406,8
1669190400011,2022-11-23T08:00:00.011000+00:00,0.00010000,8
1669219200014,2022-11-23T16:00:00.014000+00:00,-0.00000390,8
1669248000007,2022-11-24T00:00:00.007000+00:00,0.00005420,8
1669276800014,2022-11-24T08:00:00.014000+00:00,0.00002012,8
1669305600013,2022-11-24T16:00:00.013000+00:00,0.00006272,8
1669334400004,2022-11-25T00:00:00.004000+00:00,0.00002058,8
1669363200015,2022-11-25T08:00:00.015000+00:00,0.00000461,8
1669392000000,2022-11-25T16:00:00+00:00,0.00001329,8
1669420800011,2022-11-26T00:00:00.011000+00:00,0.00003859,8
1669449600000,2022-11-26T08:00:00+00:00,-0.00002455,8
1669478400000,2022-11-26T16:00:00+00:00,0.00003523,8
1669507200012,2022-11-27T00:00:00.012000+00:00,0.00001063,8
1669536000000,2022-11-27T08:00:00+00:00,-0.00003066,8
1669564800003,2022-11-27T16:00:00.003000+00:00,0.00003784,8
1669593600015,2022-11-28T00:00:00.015000+00:00,0.00002303,8
1669622400004,2022-11-28T08:00:00.004000+00:00,0.00000536,8
1669651200011,2022-11-28T16:00:00.011000+00:00,2.1E-7,8
1669680000000,2022-11-29T00:00:00+00:00,0.00004760,8
1669708800015,2022-11-29T08:00:00.015000+00:00,-0.00000385,8
1669737600000,2022-11-29T16:00:00+00:00,0.00004171,8
1669766400007,2022-11-30T00:00:00.007000+00:00,0.00003404,8
1669795200000,2022-11-30T08:00:00+00:00,0.00004038,8
1669824000015,2022-11-30T16:00:00.015000+00:00,0.00009511,8
1669852800001,2022-12-01T00:00:00.001000+00:00,0.00001029,8
1669881600006,2022-12-01T08:00:00.006000+00:00,-0.00005001,8
1669910400000,2022-12-01T16:00:00+00:00,0.00010000,8
1669939200001,2022-12-02T00:00:00.001000+00:00,0.00008203,8
1669968000016,2022-12-02T08:00:00.016000+00:00,0.00002825,8
1669996800017,2022-12-02T16:00:00.017000+00:00,-0.00003753,8
1670025600006,2022-12-03T00:00:00.006000+00:00,0.00003302,8
1670054400000,2022-12-03T08:00:00+00:00,0.00005123,8
1670083200011,2022-12-03T16:00:00.011000+00:00,0.00010000,8
1670112000006,2022-12-04T00:00:00.006000+00:00,0.00006174,8
1670140800000,2022-12-04T08:00:00+00:00,0.00006437,8
1670169600006,2022-12-04T16:00:00.006000+00:00,0.00004581,8
1670198400002,2022-12-05T00:00:00.002000+00:00,5.4E-7,8
1670227200011,2022-12-05T08:00:00.011000+00:00,-0.00004218,8
1670256000008,2022-12-05T16:00:00.008000+00:00,0.00004603,8
1670284800014,2022-12-06T00:00:00.014000+00:00,0.00002206,8
1670313600027,2022-12-06T08:00:00.027000+00:00,0.00004118,8
1670342400009,2022-12-06T16:00:00.009000+00:00,0.00002305,8
1670371200000,2022-12-07T00:00:00+00:00,0.00007887,8
1670400000000,2022-12-07T08:00:00+00:00,0.00000658,8
1670428800000,2022-12-07T16:00:00+00:00,-0.00001492,8
1670457600006,2022-12-08T00:00:00.006000+00:00,0.00001183,8
1670486400000,2022-12-08T08:00:00+00:00,0.00002152,8
1670515200014,2022-12-08T16:00:00.014000+00:00,0.00000167,8
1670544000017,2022-12-09T00:00:00.017000+00:00,0.00001178,8
1670572800005,2022-12-09T08:00:00.005000+00:00,0.00004007,8
1670601600000,2022-12-09T16:00:00+00:00,0.00003198,8
1670630400009,2022-12-10T00:00:00.009000+00:00,-0.00001669,8
1670659200010,2022-12-10T08:00:00.010000+00:00,-0.00000687,8
1670688000001,2022-12-10T16:00:00.001000+00:00,0.00001711,8
1670716800011,2022-12-11T00:00:00.011000+00:00,0.00000929,8
1670745600007,2022-12-11T08:00:00.007000+00:00,0.00000873,8
1670774400011,2022-12-11T16:00:00.011000+00:00,0.00000692,8
1670803200000,2022-12-12T00:00:00+00:00,0.00002406,8
1670832000004,2022-12-12T08:00:00.004000+00:00,0.00002638,8
1670860800000,2022-12-12T16:00:00+00:00,-0.00001670,8
1670889600000,2022-12-13T00:00:00+00:00,0.00003003,8
1670918400018,2022-12-13T08:00:00.018000+00:00,0.00001971,8
1670947200011,2022-12-13T16:00:00.011000+00:00,0.00010000,8
1670976000010,2022-12-14T00:00:00.010000+00:00,0.00010000,8
1671004800015,2022-12-14T08:00:00.015000+00:00,0.00010000,8
1671033600004,2022-12-14T16:00:00.004000+00:00,0.00010000,8
1671062400000,2022-12-15T00:00:00+00:00,0.00010000,8
1671091200023,2022-12-15T08:00:00.023000+00:00,0.00010000,8
1671120000010,2022-12-15T16:00:00.010000+00:00,0.00005180,8
1671148800016,2022-12-16T00:00:00.016000+00:00,0.00004842,8
1671177600011,2022-12-16T08:00:00.011000+00:00,0.00005706,8
1671206400001,2022-12-16T16:00:00.001000+00:00,-0.00001987,8
1671235200001,2022-12-17T00:00:00.001000+00:00,0.00002013,8
1671264000011,2022-12-17T08:00:00.011000+00:00,0.00007810,8
1671292800011,2022-12-17T16:00:00.011000+00:00,0.00009707,8
1671321600008,2022-12-18T00:00:00.008000+00:00,0.00006274,8
1671350400001,2022-12-18T08:00:00.001000+00:00,0.00006828,8
1671379200012,2022-12-18T16:00:00.012000+00:00,-0.00000647,8
1671408000000,2022-12-19T00:00:00+00:00,0.00006468,8
1671436800000,2022-12-19T08:00:00+00:00,0.00003493,8
1671465600000,2022-12-19T16:00:00+00:00,0.00004496,8
1671494400005,2022-12-20T00:00:00.005000+00:00,0.00005611,8
1671523200016,2022-12-20T08:00:00.016000+00:00,-1.2E-7,8
1671552000000,2022-12-20T16:00:00+00:00,0.00003401,8
1671580800007,2022-12-21T00:00:00.007000+00:00,0.00003778,8
1671609600012,2022-12-21T08:00:00.012000+00:00,0.00007742,8
1671638400017,2022-12-21T16:00:00.017000+00:00,0.00007582,8
1671667200004,2022-12-22T00:00:00.004000+00:00,0.00002918,8
1671696000000,2022-12-22T08:00:00+00:00,0.00008167,8
1671724800001,2022-12-22T16:00:00.001000+00:00,0.00007198,8
1671753600018,2022-12-23T00:00:00.018000+00:00,0.00010000,8
1671782400000,2022-12-23T08:00:00+00:00,0.00010000,8
1671811200000,2022-12-23T16:00:00+00:00,0.00008903,8
1671840000001,2022-12-24T00:00:00.001000+00:00,0.00010000,8
1671868800007,2022-12-24T08:00:00.007000+00:00,0.00004748,8
1671897600008,2022-12-24T16:00:00.008000+00:00,0.00006222,8
1671926400000,2022-12-25T00:00:00+00:00,0.00000521,8
1671955200013,2022-12-25T08:00:00.013000+00:00,0.00001855,8
1671984000000,2022-12-25T16:00:00+00:00,0.00003060,8
1672012800001,2022-12-26T00:00:00.001000+00:00,0.00003319,8
1672041600000,2022-12-26T08:00:00+00:00,-0.00005064,8
1672070400005,2022-12-26T16:00:00.005000+00:00,0.00002871,8
1672099200005,2022-12-27T00:00:00.005000+00:00,0.00008655,8
1672128000010,2022-12-27T08:00:00.010000+00:00,0.00001102,8
1672156800006,2022-12-27T16:00:00.006000+00:00,0.00001951,8
1672185600010,2022-12-28T00:00:00.010000+00:00,0.00004252,8
1672214400010,2022-12-28T08:00:00.010000+00:00,0.00009764,8
1672243200010,2022-12-28T16:00:00.010000+00:00,0.00002111,8
1672272000011,2022-12-29T00:00:00.011000+00:00,0.00009985,8
1672300800000,2022-12-29T08:00:00+00:00,0.00008532,8
1672329600008,2022-12-29T16:00:00.008000+00:00,0.00010000,8
1672358400000,2022-12-30T00:00:00+00:00,0.00010000,8
1672387200000,2022-12-30T08:00:00+00:00,0.00007132,8
1672416000000,2022-12-30T16:00:00+00:00,0.00010000,8
1672444800014,2022-12-31T00:00:00.014000+00:00,0.00010000,8
1672473600000,2022-12-31T08:00:00+00:00,0.00010000,8
1672502400000,2022-12-31T16:00:00+00:00,0.00010000,8
1672531200000,2023-01-01T00:00:00+00:00,0.00010000,8
1672560000008,2023-01-01T08:00:00.008000+00:00,0.00010000,8
1672588800000,2023-01-01T16:00:00+00:00,0.00000691,8
1672617600000,2023-01-02T00:00:00+00:00,-0.00001488,8
1672646400008,2023-01-02T08:00:00.008000+00:00,-0.00004356,8
1672675200015,2023-01-02T16:00:00.015000+00:00,0.00002670,8
1672704000003,2023-01-03T00:00:00.003000+00:00,0.00010000,8
1672732800018,2023-01-03T08:00:00.018000+00:00,0.00008977,8
1672761600000,2023-01-03T16:00:00+00:00,0.00003322,8
1672790400000,2023-01-04T00:00:00+00:00,0.00006489,8
1672819200016,2023-01-04T08:00:00.016000+00:00,0.00003388,8
1672848000011,2023-01-04T16:00:00.011000+00:00,0.00004931,8
1672876800009,2023-01-05T00:00:00.009000+00:00,0.00005417,8
1672905600011,2023-01-05T08:00:00.011000+00:00,0.00004436,8
1672934400000,2023-01-05T16:00:00+00:00,0.00007264,8
1672963200005,2023-01-06T00:00:00.005000+00:00,0.00005587,8
1672992000001,2023-01-06T08:00:00.001000+00:00,0.00006591,8
1673020800000,2023-01-06T16:00:00+00:00,0.00008658,8
1673049600006,2023-01-07T00:00:00.006000+00:00,0.00002508,8
1673078400017,2023-01-07T08:00:00.017000+00:00,0.00000671,8
1673107200000,2023-01-07T16:00:00+00:00,0.00010000,8
1673136000015,2023-01-08T00:00:00.015000+00:00,0.00005657,8
1673164800000,2023-01-08T08:00:00+00:00,0.00010000,8
1673193600010,2023-01-08T16:00:00.010000+00:00,0.00007452,8
1673222400003,2023-01-09T00:00:00.003000+00:00,0.00005796,8
1673251200000,2023-01-09T08:00:00+00:00,-0.00000666,8
1673280000006,2023-01-09T16:00:00.006000+00:00,0.00000905,8
1673308800003,2023-01-10T00:00:00.003000+00:00,0.00002417,8
1673337600021,2023-01-10T08:00:00.021000+00:00,0.00009685,8
1673366400000,2023-01-10T16:00:00+00:00,0.00003129,8
1673395200011,2023-01-11T00:00:00.011000+00:00,0.00002761,8
1673424000006,2023-01-11T08:00:00.006000+00:00,0.00002477,8
1673452800004,2023-01-11T16:00:00.004000+00:00,-0.00000211,8
1673481600000,2023-01-12T00:00:00+00:00,0.00007549,8
1673510400000,2023-01-12T08:00:00+00:00,0.00010000,8
1673539200000,2023-01-12T16:00:00+00:00,0.00010000,8
1673568000004,2023-01-13T00:00:00.004000+00:00,0.00010000,8
1673596800000,2023-01-13T08:00:00+00:00,0.00010000,8
1673625600018,2023-01-13T16:00:00.018000+00:00,0.00007160,8
1673654400000,2023-01-14T00:00:00+00:00,0.00008746,8
1673683200001,2023-01-14T08:00:00.001000+00:00,0.00045847,8
1673712000000,2023-01-14T16:00:00+00:00,0.00010000,8
1673740800010,2023-01-15T00:00:00.010000+00:00,0.00013712,8
1673769600002,2023-01-15T08:00:00.002000+00:00,0.00012434,8
1673798400000,2023-01-15T16:00:00+00:00,0.00019892,8
1673827200010,2023-01-16T00:00:00.010000+00:00,0.00010000,8
1673856000007,2023-01-16T08:00:00.007000+00:00,0.00010000,8
1673884800000,2023-01-16T16:00:00+00:00,0.00010000,8
1673913600004,2023-01-17T00:00:00.004000+00:00,0.00010000,8
1673942400005,2023-01-17T08:00:00.005000+00:00,0.00010000,8
1673971200001,2023-01-17T16:00:00.001000+00:00,0.00010000,8
1674000000008,2023-01-18T00:00:00.008000+00:00,0.00010000,8
1674028800009,2023-01-18T08:00:00.009000+00:00,0.00010000,8
1674057600017,2023-01-18T16:00:00.017000+00:00,0.00010000,8
1674086400000,2023-01-19T00:00:00+00:00,0.00010000,8
1674115200015,2023-01-19T08:00:00.015000+00:00,0.00010000,8
1674144000012,2023-01-19T16:00:00.012000+00:00,0.00010000,8
1674172800000,2023-01-20T00:00:00+00:00,0.00010000,8
1674201600000,2023-01-20T08:00:00+00:00,0.00010000,8
1674230400000,2023-01-20T16:00:00+00:00,0.00010000,8
1674259200013,2023-01-21T00:00:00.013000+00:00,0.00010000,8
1674288000001,2023-01-21T08:00:00.001000+00:00,0.00010000,8
1674316800016,2023-01-21T16:00:00.016000+00:00,0.00010000,8
1674345600000,2023-01-22T00:00:00+00:00,0.00010000,8
1674374400000,2023-01-22T08:00:00+00:00,0.00010000,8
1674403200023,2023-01-22T16:00:00.023000+00:00,0.00010000,8
1674432000014,2023-01-23T00:00:00.014000+00:00,0.00010000,8
1674460800014,2023-01-23T08:00:00.014000+00:00,0.00010000,8
1674489600016,2023-01-23T16:00:00.016000+00:00,0.00010000,8
1674518400008,2023-01-24T00:00:00.008000+00:00,0.00010000,8
1674547200008,2023-01-24T08:00:00.008000+00:00,0.00010000,8
1674576000000,2023-01-24T16:00:00+00:00,0.00010000,8
1674604800012,2023-01-25T00:00:00.012000+00:00,0.00010000,8
1674633600000,2023-01-25T08:00:00+00:00,0.00010000,8
1674662400010,2023-01-25T16:00:00.010000+00:00,0.00010000,8
1674691200010,2023-01-26T00:00:00.010000+00:00,0.00010000,8
1674720000003,2023-01-26T08:00:00.003000+00:00,0.00010000,8
1674748800020,2023-01-26T16:00:00.020000+00:00,0.00010000,8
1674777600008,2023-01-27T00:00:00.008000+00:00,0.00010000,8
1674806400000,2023-01-27T08:00:00+00:00,0.00009541,8
1674835200000,2023-01-27T16:00:00+00:00,0.00010000,8
1674864000009,2023-01-28T00:00:00.009000+00:00,0.00010000,8
1674892800018,2023-01-28T08:00:00.018000+00:00,0.00010000,8
1674921600005,2023-01-28T16:00:00.005000+00:00,0.00010000,8
1674950400011,2023-01-29T00:00:00.011000+00:00,0.00010000,8
1674979200000,2023-01-29T08:00:00+00:00,0.00010000,8
1675008000008,2023-01-29T16:00:00.008000+00:00,0.00010000,8
1675036800001,2023-01-30T00:00:00.001000+00:00,0.00010000,8
1675065600000,2023-01-30T08:00:00+00:00,0.00010000,8
1675094400000,2023-01-30T16:00:00+00:00,0.00010000,8
1675123200005,2023-01-31T00:00:00.005000+00:00,0.00010000,8
1675152000000,2023-01-31T08:00:00+00:00,0.00010000,8
1675180800007,2023-01-31T16:00:00.007000+00:00,0.00010000,8
1675209600013,2023-02-01T00:00:00.013000+00:00,0.00010000,8
1675238400000,2023-02-01T08:00:00+00:00,0.00010000,8
1675267200012,2023-02-01T16:00:00.012000+00:00,0.00010000,8
1675296000004,2023-02-02T00:00:00.004000+00:00,0.00010000,8
1675324800023,2023-02-02T08:00:00.023000+00:00,0.00010000,8
1675353600003,2023-02-02T16:00:00.003000+00:00,0.00010000,8
1675382400010,2023-02-03T00:00:00.010000+00:00,0.00010000,8
1675411200000,2023-02-03T08:00:00+00:00,0.00010000,8
1675440000000,2023-02-03T16:00:00+00:00,0.00010000,8
1675468800010,2023-02-04T00:00:00.010000+00:00,0.00010000,8
1675497600000,2023-02-04T08:00:00+00:00,0.00010000,8
1675526400000,2023-02-04T16:00:00+00:00,0.00010000,8
1675555200016,2023-02-05T00:00:00.016000+00:00,0.00010000,8
1675584000009,2023-02-05T08:00:00.009000+00:00,0.00010000,8
1675612800018,2023-02-05T16:00:00.018000+00:00,0.00010000,8
1675641600001,2023-02-06T00:00:00.001000+00:00,0.00010000,8
1675670400000,2023-02-06T08:00:00+00:00,0.00010000,8
1675699200012,2023-02-06T16:00:00.012000+00:00,0.00010000,8
1675728000004,2023-02-07T00:00:00.004000+00:00,0.00010000,8
1675756800011,2023-02-07T08:00:00.011000+00:00,0.00010000,8
1675785600018,2023-02-07T16:00:00.018000+00:00,0.00010000,8
1675814400009,2023-02-08T00:00:00.009000+00:00,0.00010000,8
1675843200010,2023-02-08T08:00:00.010000+00:00,0.00010000,8
1675872000000,2023-02-08T16:00:00+00:00,0.00010000,8
1675900800014,2023-02-09T00:00:00.014000+00:00,0.00010000,8
1675929600006,2023-02-09T08:00:00.006000+00:00,0.00010000,8
1675958400001,2023-02-09T16:00:00.001000+00:00,0.00010000,8
1675987200012,2023-02-10T00:00:00.012000+00:00,0.00010000,8
1676016000005,2023-02-10T08:00:00.005000+00:00,0.00010000,8
1676044800020,2023-02-10T16:00:00.020000+00:00,0.00010000,8
1676073600007,2023-02-11T00:00:00.007000+00:00,0.00007684,8
1676102400002,2023-02-11T08:00:00.002000+00:00,0.00005572,8
1676131200021,2023-02-11T16:00:00.021000+00:00,0.00005241,8
1676160000004,2023-02-12T00:00:00.004000+00:00,0.00005343,8
1676188800000,2023-02-12T08:00:00+00:00,0.00010000,8
1676217600002,2023-02-12T16:00:00.002000+00:00,0.00002270,8
1676246400006,2023-02-13T00:00:00.006000+00:00,0.00002074,8
1676275200008,2023-02-13T08:00:00.008000+00:00,0.00006323,8
1676304000002,2023-02-13T16:00:00.002000+00:00,0.00010000,8
1676332800013,2023-02-14T00:00:00.013000+00:00,0.00010000,8
1676361600014,2023-02-14T08:00:00.014000+00:00,0.00010000,8
1676390400016,2023-02-14T16:00:00.016000+00:00,0.00008887,8
1676419200011,2023-02-15T00:00:00.011000+00:00,0.00002377,8
1676448000000,2023-02-15T08:00:00+00:00,0.00002630,8
1676476800005,2023-02-15T16:00:00.005000+00:00,0.00009071,8
1676505600019,2023-02-16T00:00:00.019000+00:00,0.00010000,8
1676534400000,2023-02-16T08:00:00+00:00,0.00010000,8
1676563200001,2023-02-16T16:00:00.001000+00:00,0.00023171,8
1676592000003,2023-02-17T00:00:00.003000+00:00,0.00010000,8
1676620800016,2023-02-17T08:00:00.016000+00:00,0.00010000,8
1676649600000,2023-02-17T16:00:00+00:00,0.00010000,8
1676678400011,2023-02-18T00:00:00.011000+00:00,0.00010000,8
1676707200000,2023-02-18T08:00:00+00:00,0.00010000,8
1676736000007,2023-02-18T16:00:00.007000+00:00,0.00010000,8
1676764800019,2023-02-19T00:00:00.019000+00:00,0.00010000,8
1676793600005,2023-02-19T08:00:00.005000+00:00,0.00010000,8
1676822400003,2023-02-19T16:00:00.003000+00:00,0.00010000,8
1676851200006,2023-02-20T00:00:00.006000+00:00,0.00010000,8
1676880000008,2023-02-20T08:00:00.008000+00:00,0.00010000,8
1676908800006,2023-02-20T16:00:00.006000+00:00,0.00010000,8
1676937600001,2023-02-21T00:00:00.001000+00:00,0.00010000,8
1676966400004,2023-02-21T08:00:00.004000+00:00,0.00010000,8
1676995200011,2023-02-21T16:00:00.011000+00:00,0.00010000,8
1677024000009,2023-02-22T00:00:00.009000+00:00,0.00010000,8
1677052800010,2023-02-22T08:00:00.010000+00:00,0.00010000,8
1677081600000,2023-02-22T16:00:00+00:00,0.00010000,8
1677110400006,2023-02-23T00:00:00.006000+00:00,0.00010000,8
1677139200005,2023-02-23T08:00:00.005000+00:00,0.00003506,8
1677168000002,2023-02-23T16:00:00.002000+00:00,0.00003631,8
1677196800015,2023-02-24T00:00:00.015000+00:00,0.00004978,8
1677225600011,2023-02-24T08:00:00.011000+00:00,0.00004949,8
1677254400014,2023-02-24T16:00:00.014000+00:00,0.00005440,8
1677283200015,2023-02-25T00:00:00.015000+00:00,0.00001183,8
1677312000015,2023-02-25T08:00:00.015000+00:00,0.00000610,8
1677340800015,2023-02-25T16:00:00.015000+00:00,-4.8E-7,8
1677369600007,2023-02-26T00:00:00.007000+00:00,0.00007372,8
1677398400012,2023-02-26T08:00:00.012000+00:00,0.00002760,8
1677427200000,2023-02-26T16:00:00+00:00,0.00006581,8
1677456000011,2023-02-27T00:00:00.011000+00:00,0.00008144,8
1677484800003,2023-02-27T08:00:00.003000+00:00,0.00001196,8
1677513600000,2023-02-27T16:00:00+00:00,0.00006826,8
1677542400011,2023-02-28T00:00:00.011000+00:00,0.00003414,8
1677571200018,2023-02-28T08:00:00.018000+00:00,0.00001985,8
1677600000005,2023-02-28T16:00:00.005000+00:00,0.00005950,8
1677628800016,2023-03-01T00:00:00.016000+00:00,0.00000185,8
1677657600000,2023-03-01T08:00:00+00:00,0.00010000,8
1677686400008,2023-03-01T16:00:00.008000+00:00,0.00010000,8
1677715200009,2023-03-02T00:00:00.009000+00:00,0.00008612,8
1677744000013,2023-03-02T08:00:00.013000+00:00,0.00008703,8
1677772800000,2023-03-02T16:00:00+00:00,0.00008395,8
1677801600000,2023-03-03T00:00:00+00:00,0.00010000,8
1677830400013,2023-03-03T08:00:00.013000+00:00,-0.00004203,8
1677859200000,2023-03-03T16:00:00+00:00,-0.00000226,8
1677888000001,2023-03-04T00:00:00.001000+00:00,0.00000530,8
1677916800008,2023-03-04T08:00:00.008000+00:00,0.00003812,8
1677945600012,2023-03-04T16:00:00.012000+00:00,0.00002104,8
1677974400000,2023-03-05T00:00:00+00:00,0.00001874,8
1678003200000,2023-03-05T08:00:00+00:00,0.00000544,8
1678032000015,2023-03-05T16:00:00.015000+00:00,0.00003706,8
1678060800007,2023-03-06T00:00:00.007000+00:00,0.00004054,8
1678089600017,2023-03-06T08:00:00.017000+00:00,0.00005460,8
1678118400000,2023-03-06T16:00:00+00:00,0.00005414,8
1678147200009,2023-03-07T00:00:00.009000+00:00,0.00001173,8
1678176000016,2023-03-07T08:00:00.016000+00:00,0.00004375,8
1678204800017,2023-03-07T16:00:00.017000+00:00,0.00002631,8
1678233600000,2023-03-08T00:00:00+00:00,0.00002917,8
1678262400014,2023-03-08T08:00:00.014000+00:00,0.00003816,8
1678291200021,2023-03-08T16:00:00.021000+00:00,0.00010000,8
1678320000010,2023-03-09T00:00:00.010000+00:00,0.00010000,8
1678348800013,2023-03-09T08:00:00.013000+00:00,0.00010000,8
1678377600002,2023-03-09T16:00:00.002000+00:00,0.00010000,8
1678406400000,2023-03-10T00:00:00+00:00,-0.00008895,8
1678435200000,2023-03-10T08:00:00+00:00,0.00000526,8
1678464000005,2023-03-10T16:00:00.005000+00:00,-0.00001647,8
1678492800011,2023-03-11T00:00:00.011000+00:00,0.00002364,8
1678521600003,2023-03-11T08:00:00.003000+00:00,-0.00002296,8
1678550400011,2023-03-11T16:00:00.011000+00:00,-0.00002341,8
1678579200001,2023-03-12T00:00:00.001000+00:00,0.00000376,8
1678608000000,2023-03-12T08:00:00+00:00,0.00009088,8
1678636800005,2023-03-12T16:00:00.005000+00:00,-0.00004068,8
1678665600010,2023-03-13T00:00:00.010000+00:00,0.00010000,8
1678694400018,2023-03-13T08:00:00.018000+00:00,0.00006011,8
1678723200003,2023-03-13T16:00:00.003000+00:00,0.00010000,8
1678752000010,2023-03-14T00:00:00.010000+00:00,0.00015042,8
1678780800009,2023-03-14T08:00:00.009000+00:00,0.00010000,8
1678809600010,2023-03-14T16:00:00.010000+00:00,0.00029811,8
1678838400011,2023-03-15T00:00:00.011000+00:00,0.00010000,8
1678867200000,2023-03-15T08:00:00+00:00,0.00024127,8
1678896000012,2023-03-15T16:00:00.012000+00:00,0.00022126,8
1678924800004,2023-03-16T00:00:00.004000+00:00,0.00010000,8
1678953600018,2023-03-16T08:00:00.018000+00:00,0.00010000,8
1678982400005,2023-03-16T16:00:00.005000+00:00,0.00010000,8
1679011200017,2023-03-17T00:00:00.017000+00:00,0.00003311,8
1679040000010,2023-03-17T08:00:00.010000+00:00,0.00010000,8
1679068800003,2023-03-17T16:00:00.003000+00:00,0.00010000,8
1679097600012,2023-03-18T00:00:00.012000+00:00,0.00010000,8
1679126400000,2023-03-18T08:00:00+00:00,0.00010000,8
1679155200016,2023-03-18T16:00:00.016000+00:00,0.00010000,8
1679184000013,2023-03-19T00:00:00.013000+00:00,0.00010000,8
1679212800024,2023-03-19T08:00:00.024000+00:00,0.00010000,8
1679241600000,2023-03-19T16:00:00+00:00,0.00010000,8
1679270400005,2023-03-20T00:00:00.005000+00:00,0.00010000,8
1679299200012,2023-03-20T08:00:00.012000+00:00,0.00009081,8
1679328000015,2023-03-20T16:00:00.015000+00:00,0.00010000,8
1679356800006,2023-03-21T00:00:00.006000+00:00,0.00008118,8
1679385600004,2023-03-21T08:00:00.004000+00:00,0.00001254,8
1679414400003,2023-03-21T16:00:00.003000+00:00,0.00000292,8
1679443200000,2023-03-22T00:00:00+00:00,0.00000268,8
1679472000003,2023-03-22T08:00:00.003000+00:00,6E-8,8
1679500800000,2023-03-22T16:00:00+00:00,0.00005334,8
1679529600016,2023-03-23T00:00:00.016000+00:00,0.00000248,8
1679558400001,2023-03-23T08:00:00.001000+00:00,-0.00001090,8
1679587200013,2023-03-23T16:00:00.013000+00:00,0.00010000,8
1679616000013,2023-03-24T00:00:00.013000+00:00,0.00010000,8
1679644800012,2023-03-24T08:00:00.012000+00:00,0.00010000,8
1679673600027,2023-03-24T16:00:00.027000+00:00,0.00010000,8
1679702400015,2023-03-25T00:00:00.015000+00:00,-0.00000310,8
1679731200011,2023-03-25T08:00:00.011000+00:00,0.00000425,8
1679760000011,2023-03-25T16:00:00.011000+00:00,0.00000292,8
1679788800000,2023-03-26T00:00:00+00:00,6.1E-7,8
1679817600015,2023-03-26T08:00:00.015000+00:00,-0.00003326,8
1679846400000,2023-03-26T16:00:00+00:00,0.00003634,8
1679875200019,2023-03-27T00:00:00.019000+00:00,0.00002905,8
1679904000009,2023-03-27T08:00:00.009000+00:00,0.00002409,8
1679932800000,2023-03-27T16:00:00+00:00,-0.00000396,8
1679961600007,2023-03-28T00:00:00.007000+00:00,-0.00001428,8
1679990400000,2023-03-28T08:00:00+00:00,0.00001123,8
1680019200013,2023-03-28T16:00:00.013000+00:00,0.00007531,8
1680048000010,2023-03-29T00:00:00.010000+00:00,0.00006075,8
1680076800006,2023-03-29T08:00:00.006000+00:00,0.00007098,8
1680105600014,2023-03-29T16:00:00.014000+00:00,0.00010000,8
1680134400000,2023-03-30T00:00:00+00:00,0.00006987,8
1680163200000,2023-03-30T08:00:00+00:00,0.00005638,8
1680192000006,2023-03-30T16:00:00.006000+00:00,0.00001123,8
1680220800003,2023-03-31T00:00:00.003000+00:00,-0.00002712,8
1680249600006,2023-03-31T08:00:00.006000+00:00,0.00006358,8
1680278400011,2023-03-31T16:00:00.011000+00:00,0.00010000,8
1680307200000,2023-04-01T00:00:00+00:00,0.00010000,8
1680336000000,2023-04-01T08:00:00+00:00,0.00010000,8
1680364800018,2023-04-01T16:00:00.018000+00:00,0.00008840,8
1680393600013,2023-04-02T00:00:00.013000+00:00,0.00004527,8
1680422400014,2023-04-02T08:00:00.014000+00:00,0.00006893,8
1680451200001,2023-04-02T16:00:00.001000+00:00,0.00004514,8
1680480000000,2023-04-03T00:00:00+00:00,0.00001759,8
1680508800013,2023-04-03T08:00:00.013000+00:00,-0.00001240,8
1680537600011,2023-04-03T16:00:00.011000+00:00,0.00005688,8
1680566400002,2023-04-04T00:00:00.002000+00:00,-0.00006009,8
1680595200017,2023-04-04T08:00:00.017000+00:00,-0.00001357,8
1680624000008,2023-04-04T16:00:00.008000+00:00,-0.00001276,8
1680652800000,2023-04-05T00:00:00+00:00,0.00002760,8
1680681600016,2023-04-05T08:00:00.016000+00:00,0.00008517,8
1680710400004,2023-04-05T16:00:00.004000+00:00,0.00005265,8
1680739200000,2023-04-06T00:00:00+00:00,0.00001442,8
1680768000011,2023-04-06T08:00:00.011000+00:00,0.00003598,8
1680796800000,2023-04-06T16:00:00+00:00,-0.00002975,8
1680825600006,2023-04-07T00:00:00.006000+00:00,0.00001004,8
1680854400005,2023-04-07T08:00:00.005000+00:00,-0.00001473,8
1680883200000,2023-04-07T16:00:00+00:00,0.00001055,8
1680912000000,2023-04-08T00:00:00+00:00,0.00000268,8
1680940800014,2023-04-08T08:00:00.014000+00:00,0.00000466,8
1680969600018,2023-04-08T16:00:00.018000+00:00,0.00003192,8
1680998400013,2023-04-09T00:00:00.013000+00:00,0.00000950,8
1681027200024,2023-04-09T08:00:00.024000+00:00,-0.00000904,8
1681056000010,2023-04-09T16:00:00.010000+00:00,-0.00000853,8
1681084800000,2023-04-10T00:00:00+00:00,0.00010000,8
1681113600010,2023-04-10T08:00:00.010000+00:00,0.00010000,8
1681142400006,2023-04-10T16:00:00.006000+00:00,0.00006167,8
1681171200008,2023-04-11T00:00:00.008000+00:00,0.00010000,8
1681200000007,2023-04-11T08:00:00.007000+00:00,0.00010000,8
1681228800016,2023-04-11T16:00:00.016000+00:00,0.00010000,8
1681257600006,2023-04-12T00:00:00.006000+00:00,0.00009582,8
1681286400008,2023-04-12T08:00:00.008000+00:00,0.00008195,8
1681315200014,2023-04-12T16:00:00.014000+00:00,0.00001747,8
1681344000027,2023-04-13T00:00:00.027000+00:00,0.00006665,8
1681372800010,2023-04-13T08:00:00.010000+00:00,0.00004427,8
1681401600000,2023-04-13T16:00:00+00:00,0.00010000,8
1681430400001,2023-04-14T00:00:00.001000+00:00,-0.00000113,8
1681459200008,2023-04-14T08:00:00.008000+00:00,0.00010000,8
1681488000007,2023-04-14T16:00:00.007000+00:00,0.00003420,8
1681516800007,2023-04-15T00:00:00.007000+00:00,-0.00004975,8
1681545600007,2023-04-15T08:00:00.007000+00:00,0.00008455,8
1681574400011,2023-04-15T16:00:00.011000+00:00,0.00010000,8
1681603200014,2023-04-16T00:00:00.014000+00:00,0.00007144,8
1681632000007,2023-04-16T08:00:00.007000+00:00,0.00010000,8
1681660800002,2023-04-16T16:00:00.002000+00:00,0.00010000,8
1681689600017,2023-04-17T00:00:00.017000+00:00,0.00010000,8
1681718400006,2023-04-17T08:00:00.006000+00:00,0.00007376,8
1681747200000,2023-04-17T16:00:00+00:00,0.00010000,8
1681776000013,2023-04-18T00:00:00.013000+00:00,0.00004683,8
1681804800017,2023-04-18T08:00:00.017000+00:00,-0.00000510,8
1681833600000,2023-04-18T16:00:00+00:00,0.00006772,8
1681862400022,2023-04-19T00:00:00.022000+00:00,0.00010000,8
1681891200014,2023-04-19T08:00:00.014000+00:00,0.00006231,8
1681920000000,2023-04-19T16:00:00+00:00,-8.1E-7,8
1681948800010,2023-04-20T00:00:00.010000+00:00,0.00008579,8
1681977600012,2023-04-20T08:00:00.012000+00:00,0.00003668,8
1682006400012,2023-04-20T16:00:00.012000+00:00,0.00005898,8
1682035200009,2023-04-21T00:00:00.009000+00:00,0.00006297,8
1682064000009,2023-04-21T08:00:00.009000+00:00,0.00010000,8
1682092800003,2023-04-21T16:00:00.003000+00:00,0.00010000,8
1682121600000,2023-04-22T00:00:00+00:00,0.00010000,8
1682150400000,2023-04-22T08:00:00+00:00,0.00006858,8
1682179200016,2023-04-22T16:00:00.016000+00:00,0.00002090,8
1682208000009,2023-04-23T00:00:00.009000+00:00,0.00003768,8
1682236800020,2023-04-23T08:00:00.020000+00:00,0.00001376,8
1682265600007,2023-04-23T16:00:00.007000+00:00,0.00002369,8
1682294400000,2023-04-24T00:00:00+00:00,0.00004679,8
1682323200008,2023-04-24T08:00:00.008000+00:00,0.00003694,8
1682352000006,2023-04-24T16:00:00.006000+00:00,0.00002630,8
1682380800014,2023-04-25T00:00:00.014000+00:00,0.00005066,8
1682409600009,2023-04-25T08:00:00.009000+00:00,0.00006606,8
1682438400015,2023-04-25T16:00:00.015000+00:00,0.00008541,8
1682467200015,2023-04-26T00:00:00.015000+00:00,0.00004346,8
1682496000013,2023-04-26T08:00:00.013000+00:00,0.00001686,8
1682524800001,2023-04-26T16:00:00.001000+00:00,0.00010000,8
1682553600014,2023-04-27T00:00:00.014000+00:00,0.00002518,8
1682582400008,2023-04-27T08:00:00.008000+00:00,0.00005769,8
1682611200005,2023-04-27T16:00:00.005000+00:00,0.00003265,8
1682640000011,2023-04-28T00:00:00.011000+00:00,0.00010000,8
1682668800007,2023-04-28T08:00:00.007000+00:00,0.00010000,8
1682697600006,2023-04-28T16:00:00.006000+00:00,0.00004476,8
1682726400004,2023-04-29T00:00:00.004000+00:00,3.7E-7,8
1682755200016,2023-04-29T08:00:00.016000+00:00,0.00006751,8
1682784000001,2023-04-29T16:00:00.001000+00:00,0.00007826,8
1682812800008,2023-04-30T00:00:00.008000+00:00,0.00003132,8
1682841600000,2023-04-30T08:00:00+00:00,0.00003501,8
1682870400010,2023-04-30T16:00:00.010000+00:00,0.00006078,8
1682899200004,2023-05-01T00:00:00.004000+00:00,0.00002435,8
1682928000008,2023-05-01T08:00:00.008000+00:00,-0.00006370,8
1682956800014,2023-05-01T16:00:00.014000+00:00,0.00000566,8
1682985600015,2023-05-02T00:00:00.015000+00:00,0.00000968,8
1683014400018,2023-05-02T08:00:00.018000+00:00,0.00006135,8
1683043200000,2023-05-02T16:00:00+00:00,0.00001204,8
1683072000009,2023-05-03T00:00:00.009000+00:00,0.00008568,8
1683100800003,2023-05-03T08:00:00.003000+00:00,0.00005435,8
1683129600011,2023-05-03T16:00:00.011000+00:00,0.00005701,8
1683158400000,2023-05-04T00:00:00+00:00,0.00010000,8
1683187200000,2023-05-04T08:00:00+00:00,0.00009992,8
1683216000011,2023-05-04T16:00:00.011000+00:00,0.00004314,8
1683244800002,2023-05-05T00:00:00.002000+00:00,0.00003731,8
1683273600000,2023-05-05T08:00:00+00:00,0.00009909,8
1683302400000,2023-05-05T16:00:00+00:00,0.00008548,8
1683331200009,2023-05-06T00:00:00.009000+00:00,0.00010000,8
1683360000000,2023-05-06T08:00:00+00:00,0.00010000,8
1683388800000,2023-05-06T16:00:00+00:00,0.00010000,8
1683417600000,2023-05-07T00:00:00+00:00,0.00004321,8
1683446400000,2023-05-07T08:00:00+00:00,0.00004047,8
1683475200006,2023-05-07T16:00:00.006000+00:00,0.00006046,8
1683504000000,2023-05-08T00:00:00+00:00,0.00000720,8
1683532800007,2023-05-08T08:00:00.007000+00:00,0.00000407,8
1683561600015,2023-05-08T16:00:00.015000+00:00,0.00003902,8
1683590400015,2023-05-09T00:00:00.015000+00:00,0.00005110,8
1683619200000,2023-05-09T08:00:00+00:00,0.00006841,8
1683648000000,2023-05-09T16:00:00+00:00,0.00000378,8
1683676800007,2023-05-10T00:00:00.007000+00:00,0.00003752,8
1683705600003,2023-05-10T08:00:00.003000+00:00,0.00004785,8
1683734400000,2023-05-10T16:00:00+00:00,0.00003792,8
1683763200011,2023-05-11T00:00:00.011000+00:00,0.00001596,8
1683792000000,2023-05-11T08:00:00+00:00,0.00006926,8
1683820800005,2023-05-11T16:00:00.005000+00:00,0.00005207,8
1683849600020,2023-05-12T00:00:00.020000+00:00,0.00003633,8
1683878400001,2023-05-12T08:00:00.001000+00:00,0.00003964,8
1683907200010,2023-05-12T16:00:00.010000+00:00,0.00002762,8
1683936000000,2023-05-13T00:00:00+00:00,-1.0E-7,8
1683964800000,2023-05-13T08:00:00+00:00,0.00005385,8
1683993600026,2023-05-13T16:00:00.026000+00:00,0.00004494,8
1684022400029,2023-05-14T00:00:00.029000+00:00,0.00001715,8
1684051200010,2023-05-14T08:00:00.010000+00:00,0.00003039,8
1684080000008,2023-05-14T16:00:00.008000+00:00,0.00003537,8
1684108800006,2023-05-15T00:00:00.006000+00:00,0.00004407,8
1684137600005,2023-05-15T08:00:00.005000+00:00,-0.00001576,8
1684166400008,2023-05-15T16:00:00.008000+00:00,-0.00000190,8
1684195200021,2023-05-16T00:00:00.021000+00:00,0.00008660,8
1684224000000,2023-05-16T08:00:00+00:00,0.00003165,8
1684252800000,2023-05-16T16:00:00+00:00,0.00005800,8
1684281600010,2023-05-17T00:00:00.010000+00:00,0.00008392,8
1684310400000,2023-05-17T08:00:00+00:00,0.00007029,8
1684339200001,2023-05-17T16:00:00.001000+00:00,0.00004461,8
1684368000000,2023-05-18T00:00:00+00:00,0.00010000,8
1684396800026,2023-05-18T08:00:00.026000+00:00,0.00010000,8
1684425600019,2023-05-18T16:00:00.019000+00:00,0.00008342,8
1684454400000,2023-05-19T00:00:00+00:00,0.00002716,8
1684483200002,2023-05-19T08:00:00.002000+00:00,0.00004474,8
1684512000000,2023-05-19T16:00:00+00:00,0.00003815,8
1684540800005,2023-05-20T00:00:00.005000+00:00,0.00005313,8
1684569600014,2023-05-20T08:00:00.014000+00:00,0.00002455,8
1684598400020,2023-05-20T16:00:00.020000+00:00,-0.00000849,8
1684627200014,2023-05-21T00:00:00.014000+00:00,0.00004776,8
1684656000001,2023-05-21T08:00:00.001000+00:00,0.00007262,8
1684684800015,2023-05-21T16:00:00.015000+00:00,0.00005071,8
1684713600028,2023-05-22T00:00:00.028000+00:00,0.00003019,8
1684742400000,2023-05-22T08:00:00+00:00,0.00000210,8
1684771200012,2023-05-22T16:00:00.012000+00:00,0.00004770,8
1684800000006,2023-05-23T00:00:00.006000+00:00,0.00010000,8
1684828800014,2023-05-23T08:00:00.014000+00:00,0.00010000,8
1684857600008,2023-05-23T16:00:00.008000+00:00,0.00010000,8
1684886400000,2023-05-24T00:00:00+00:00,0.00010000,8
1684915200025,2023-05-24T08:00:00.025000+00:00,0.00002067,8
1684944000008,2023-05-24T16:00:00.008000+00:00,0.00004362,8
1684972800000,2023-05-25T00:00:00+00:00,0.00005820,8
1685001600025,2023-05-25T08:00:00.025000+00:00,0.00010000,8
1685030400016,2023-05-25T16:00:00.016000+00:00,0.00010000,8
1685059200000,2023-05-26T00:00:00+00:00,0.00010000,8
1685088000024,2023-05-26T08:00:00.024000+00:00,0.00009583,8
1685116800012,2023-05-26T16:00:00.012000+00:00,0.00004953,8
1685145600012,2023-05-27T00:00:00.012000+00:00,0.00007146,8
1685174400018,2023-05-27T08:00:00.018000+00:00,0.00008564,8
1685203200008,2023-05-27T16:00:00.008000+00:00,0.00007362,8
1685232000017,2023-05-28T00:00:00.017000+00:00,0.00009880,8
1685260800015,2023-05-28T08:00:00.015000+00:00,0.00010000,8
1685289600000,2023-05-28T16:00:00+00:00,0.00010000,8
1685318400000,2023-05-29T00:00:00+00:00,0.00010000,8
1685347200020,2023-05-29T08:00:00.020000+00:00,0.00010000,8
1685376000011,2023-05-29T16:00:00.011000+00:00,0.00010000,8
1685404800003,2023-05-30T00:00:00.003000+00:00,0.00006187,8
1685433600000,2023-05-30T08:00:00+00:00,0.00009036,8
1685462400003,2023-05-30T16:00:00.003000+00:00,0.00003861,8
1685491200013,2023-05-31T00:00:00.013000+00:00,0.00002344,8
1685520000000,2023-05-31T08:00:00+00:00,0.00002864,8
1685548800000,2023-05-31T16:00:00+00:00,0.00009865,8
1685577600008,2023-06-01T00:00:00.008000+00:00,0.00002096,8
1685606400012,2023-06-01T08:00:00.012000+00:00,0.00009641,8
1685635200000,2023-06-01T16:00:00+00:00,0.00010000,8
1685664000000,2023-06-02T00:00:00+00:00,0.00004770,8
1685692800006,2023-06-02T08:00:00.006000+00:00,0.00009266,8
1685721600012,2023-06-02T16:00:00.012000+00:00,0.00009946,8
1685750400000,2023-06-03T00:00:00+00:00,0.00007420,8
1685779200011,2023-06-03T08:00:00.011000+00:00,0.00010000,8
1685808000003,2023-06-03T16:00:00.003000+00:00,0.00005566,8
1685836800000,2023-06-04T00:00:00+00:00,0.00004850,8
1685865600000,2023-06-04T08:00:00+00:00,0.00010000,8
1685894400000,2023-06-04T16:00:00+00:00,0.00010000,8
1685923200005,2023-06-05T00:00:00.005000+00:00,0.00010000,8
1685952000000,2023-06-05T08:00:00+00:00,0.00009538,8
1685980800000,2023-06-05T16:00:00+00:00,0.00007856,8
1686009600000,2023-06-06T00:00:00+00:00,-0.00007157,8
1686038400009,2023-06-06T08:00:00.009000+00:00,-0.00003047,8
1686067200013,2023-06-06T16:00:00.013000+00:00,0.00004288,8
1686096000000,2023-06-07T00:00:00+00:00,0.00010000,8
1686124800016,2023-06-07T08:00:00.016000+00:00,0.00010000,8
1686153600000,2023-06-07T16:00:00+00:00,0.00004005,8
1686182400006,2023-06-08T00:00:00.006000+00:00,0.00005504,8
1686211200000,2023-06-08T08:00:00+00:00,0.00003090,8
1686240000000,2023-06-08T16:00:00+00:00,0.00004011,8
1686268800000,2023-06-09T00:00:00+00:00,0.00006588,8
1686297600000,2023-06-09T08:00:00+00:00,0.00007916,8
1686326400000,2023-06-09T16:00:00+00:00,0.00004404,8
1686355200000,2023-06-10T00:00:00+00:00,0.00008702,8
1686384000000,2023-06-10T08:00:00+00:00,0.00002417,8
1686412800000,2023-06-10T16:00:00+00:00,0.00003854,8
1686441600001,2023-06-11T00:00:00.001000+00:00,0.00004450,8
1686470400000,2023-06-11T08:00:00+00:00,0.00003197,8
1686499200000,2023-06-11T16:00:00+00:00,0.00005925,8
1686528000000,2023-06-12T00:00:00+00:00,0.00008660,8
1686556800000,2023-06-12T08:00:00+00:00,0.00003065,8
1686585600001,2023-06-12T16:00:00.001000+00:00,0.00003624,8
1686614400000,2023-06-13T00:00:00+00:00,0.00010000,8
1686643200000,2023-06-13T08:00:00+00:00,0.00006180,8
1686672000000,2023-06-13T16:00:00+00:00,0.00006503,8
1686700800000,2023-06-14T00:00:00+00:00,0.00002438,8
1686729600000,2023-06-14T08:00:00+00:00,0.00002716,8
1686758400000,2023-06-14T16:00:00+00:00,0.00003661,8
1686787200000,2023-06-15T00:00:00+00:00,-0.00003265,8
1686816000000,2023-06-15T08:00:00+00:00,0.00006193,8
1686844800000,2023-06-15T16:00:00+00:00,0.00006687,8
1686873600000,2023-06-16T00:00:00+00:00,0.00003971,8
1686902400000,2023-06-16T08:00:00+00:00,0.00000781,8
1686931200000,2023-06-16T16:00:00+00:00,0.00000236,8
1686960000000,2023-06-17T00:00:00+00:00,0.00009868,8
1686988800000,2023-06-17T08:00:00+00:00,0.00010000,8
1687017600000,2023-06-17T16:00:00+00:00,0.00007543,8
1687046400000,2023-06-18T00:00:00+00:00,0.00003706,8
1687075200000,2023-06-18T08:00:00+00:00,0.00008233,8
1687104000000,2023-06-18T16:00:00+00:00,0.00006705,8
1687132800000,2023-06-19T00:00:00+00:00,0.00007040,8
1687161600000,2023-06-19T08:00:00+00:00,0.00006397,8
1687190400000,2023-06-19T16:00:00+00:00,0.00003690,8
1687219200001,2023-06-20T00:00:00.001000+00:00,0.00004350,8
1687248000000,2023-06-20T08:00:00+00:00,-0.00000448,8
1687276800000,2023-06-20T16:00:00+00:00,-0.00002597,8
1687305600000,2023-06-21T00:00:00+00:00,0.00006295,8
1687334400000,2023-06-21T08:00:00+00:00,0.00010000,8
1687363200000,2023-06-21T16:00:00+00:00,0.00002551,8
1687392000000,2023-06-22T00:00:00+00:00,0.00010000,8
1687420800001,2023-06-22T08:00:00.001000+00:00,0.00010000,8
1687449600000,2023-06-22T16:00:00+00:00,0.00009236,8
1687478400000,2023-06-23T00:00:00+00:00,0.00010000,8
1687507200000,2023-06-23T08:00:00+00:00,0.00010000,8
1687536000000,2023-06-23T16:00:00+00:00,0.00010000,8
1687564800000,2023-06-24T00:00:00+00:00,0.00010000,8
1687593600000,2023-06-24T08:00:00+00:00,0.00010000,8
1687622400000,2023-06-24T16:00:00+00:00,0.00010000,8
1687651200000,2023-06-25T00:00:00+00:00,0.00010000,8
1687680000000,2023-06-25T08:00:00+00:00,0.00010000,8
1687708800000,2023-06-25T16:00:00+00:00,0.00010000,8
1687737600000,2023-06-26T00:00:00+00:00,0.00010000,8
1687766400000,2023-06-26T08:00:00+00:00,0.00010000,8
1687795200000,2023-06-26T16:00:00+00:00,0.00010000,8
1687824000000,2023-06-27T00:00:00+00:00,0.00010000,8
1687852800000,2023-06-27T08:00:00+00:00,0.00010000,8
1687881600000,2023-06-27T16:00:00+00:00,0.00010000,8
1687910400000,2023-06-28T00:00:00+00:00,0.00010000,8
1687939200000,2023-06-28T08:00:00+00:00,0.00009302,8
1687968000000,2023-06-28T16:00:00+00:00,0.00004598,8
1687996800000,2023-06-29T00:00:00+00:00,0.00006574,8
1688025600000,2023-06-29T08:00:00+00:00,0.00009300,8
1688054400000,2023-06-29T16:00:00+00:00,0.00010000,8
1688083200000,2023-06-30T00:00:00+00:00,0.00010000,8
1688112000000,2023-06-30T08:00:00+00:00,0.00010000,8
1688140800001,2023-06-30T16:00:00.001000+00:00,0.00010000,8
1688169600000,2023-07-01T00:00:00+00:00,0.00010000,8
1688198400000,2023-07-01T08:00:00+00:00,0.00010000,8
1688227200000,2023-07-01T16:00:00+00:00,0.00010000,8
1688256000000,2023-07-02T00:00:00+00:00,0.00010000,8
1688284800000,2023-07-02T08:00:00+00:00,0.00010000,8
1688313600001,2023-07-02T16:00:00.001000+00:00,0.00010000,8
1688342400000,2023-07-03T00:00:00+00:00,0.00010000,8
1688371200000,2023-07-03T08:00:00+00:00,0.00010000,8
1688400000000,2023-07-03T16:00:00+00:00,0.00010000,8
1688428800001,2023-07-04T00:00:00.001000+00:00,0.00010000,8
1688457600000,2023-07-04T08:00:00+00:00,0.00010000,8
1688486400000,2023-07-04T16:00:00+00:00,0.00010000,8
1688515200000,2023-07-05T00:00:00+00:00,0.00010000,8
1688544000000,2023-07-05T08:00:00+00:00,0.00010000,8
1688572800000,2023-07-05T16:00:00+00:00,0.00010000,8
1688601600000,2023-07-06T00:00:00+00:00,0.00010000,8
1688630400000,2023-07-06T08:00:00+00:00,0.00007720,8
1688659200000,2023-07-06T16:00:00+00:00,0.00001492,8
1688688000000,2023-07-07T00:00:00+00:00,0.00000698,8
1688716800000,2023-07-07T08:00:00+00:00,0.00004221,8
1688745600000,2023-07-07T16:00:00+00:00,-0.00000658,8
1688774400000,2023-07-08T00:00:00+00:00,0.00003757,8
1688803200000,2023-07-08T08:00:00+00:00,0.00002631,8
1688832000000,2023-07-08T16:00:00+00:00,0.00001686,8
1688860800000,2023-07-09T00:00:00+00:00,0.00005707,8
1688889600000,2023-07-09T08:00:00+00:00,0.00006821,8
1688918400000,2023-07-09T16:00:00+00:00,0.00006153,8
1688947200000,2023-07-10T00:00:00+00:00,-0.00002182,8
1688976000000,2023-07-10T08:00:00+00:00,0.00004850,8
1689004800000,2023-07-10T16:00:00+00:00,0.00002995,8
1689033600000,2023-07-11T00:00:00+00:00,0.00008010,8
1689062400000,2023-07-11T08:00:00+00:00,0.00008265,8
1689091200000,2023-07-11T16:00:00+00:00,0.00003954,8
1689120000000,2023-07-12T00:00:00+00:00,0.00007041,8
1689148800000,2023-07-12T08:00:00+00:00,0.00006479,8
1689177600000,2023-07-12T16:00:00+00:00,0.00004650,8
1689206400000,2023-07-13T00:00:00+00:00,-0.00001135,8
1689235200000,2023-07-13T08:00:00+00:00,0.00006120,8
1689264000000,2023-07-13T16:00:00+00:00,0.00000529,8
1689292800000,2023-07-14T00:00:00+00:00,0.00010000,8
1689321600000,2023-07-14T08:00:00+00:00,0.00010000,8
1689350400000,2023-07-14T16:00:00+00:00,0.00010000,8
1689379200000,2023-07-15T00:00:00+00:00,-0.00007313,8
1689408000000,2023-07-15T08:00:00+00:00,0.00003007,8
1689436800000,2023-07-15T16:00:00+00:00,0.00002984,8
1689465600001,2023-07-16T00:00:00.001000+00:00,0.00001993,8
1689494400000,2023-07-16T08:00:00+00:00,0.00007772,8
1689523200000,2023-07-16T16:00:00+00:00,0.00004583,8
1689552000000,2023-07-17T00:00:00+00:00,0.00002785,8
1689580800000,2023-07-17T08:00:00+00:00,0.00006278,8
1689609600000,2023-07-17T16:00:00+00:00,0.00006261,8
1689638400000,2023-07-18T00:00:00+00:00,0.00003983,8
1689667200000,2023-07-18T08:00:00+00:00,0.00006798,8
1689696000000,2023-07-18T16:00:00+00:00,0.00007477,8
1689724800000,2023-07-19T00:00:00+00:00,0.00010000,8
1689753600000,2023-07-19T08:00:00+00:00,0.00005224,8
1689782400001,2023-07-19T16:00:00.001000+00:00,0.00007690,8
1689811200000,2023-07-20T00:00:00+00:00,0.00002652,8
1689840000000,2023-07-20T08:00:00+00:00,0.00009641,8
1689868800000,2023-07-20T16:00:00+00:00,0.00005563,8
1689897600001,2023-07-21T00:00:00.001000+00:00,0.00002877,8
1689926400000,2023-07-21T08:00:00+00:00,0.00000777,8
1689955200000,2023-07-21T16:00:00+00:00,0.00003717,8
1689984000000,2023-07-22T00:00:00+00:00,0.00002195,8
1690012800000,2023-07-22T08:00:00+00:00,0.00000944,8
1690041600000,2023-07-22T16:00:00+00:00,0.00000177,8
1690070400000,2023-07-23T00:00:00+00:00,0.00002908,8
1690099200000,2023-07-23T08:00:00+00:00,0.00010000,8
1690128000000,2023-07-23T16:00:00+00:00,0.00009372,8
1690156800000,2023-07-24T00:00:00+00:00,0.00010000,8
1690185600000,2023-07-24T08:00:00+00:00,0.00004338,8
1690214400000,2023-07-24T16:00:00+00:00,0.00010000,8
1690243200000,2023-07-25T00:00:00+00:00,0.00007702,8
1690272000000,2023-07-25T08:00:00+00:00,0.00006913,8
1690300800000,2023-07-25T16:00:00+00:00,0.00009465,8
1690329600000,2023-07-26T00:00:00+00:00,0.00009451,8
1690358400001,2023-07-26T08:00:00.001000+00:00,0.00010000,8
1690387200000,2023-07-26T16:00:00+00:00,0.00005768,8
1690416000000,2023-07-27T00:00:00+00:00,0.00003136,8
1690444800000,2023-07-27T08:00:00+00:00,0.00003830,8
1690473600001,2023-07-27T16:00:00.001000+00:00,0.00002876,8
1690502400000,2023-07-28T00:00:00+00:00,0.00004373,8
1690531200000,2023-07-28T08:00:00+00:00,0.00006675,8
1690560000000,2023-07-28T16:00:00+00:00,0.00010000,8
1690588800000,2023-07-29T00:00:00+00:00,0.00010000,8
1690617600000,2023-07-29T08:00:00+00:00,0.00004567,8
1690646400001,2023-07-29T16:00:00.001000+00:00,0.00007530,8
1690675200000,2023-07-30T00:00:00+00:00,0.00008151,8
1690704000000,2023-07-30T08:00:00+00:00,0.00005560,8
1690732800000,2023-07-30T16:00:00+00:00,0.00004357,8
1690761600000,2023-07-31T00:00:00+00:00,0.00002369,8
1690790400000,2023-07-31T08:00:00+00:00,0.00007362,8
1690819200001,2023-07-31T16:00:00.001000+00:00,0.00008239,8
1690848000000,2023-08-01T00:00:00+00:00,0.00006300,8
1690876800000,2023-08-01T08:00:00+00:00,0.00006768,8
1690905600000,2023-08-01T16:00:00+00:00,0.00010000,8
1690934400000,2023-08-02T00:00:00+00:00,0.00010000,8
1690963200000,2023-08-02T08:00:00+00:00,0.00010000,8
1690992000000,2023-08-02T16:00:00+00:00,0.00010000,8
1691020800000,2023-08-03T00:00:00+00:00,0.00010000,8
1691049600000,2023-08-03T08:00:00+00:00,0.00010000,8
1691078400001,2023-08-03T16:00:00.001000+00:00,0.00010000,8
1691107200000,2023-08-04T00:00:00+00:00,0.00008116,8
1691136000000,2023-08-04T08:00:00+00:00,0.00010000,8
1691164800000,2023-08-04T16:00:00+00:00,0.00010000,8
1691193600000,2023-08-05T00:00:00+00:00,0.00004181,8
1691222400000,2023-08-05T08:00:00+00:00,0.00010000,8
1691251200001,2023-08-05T16:00:00.001000+00:00,0.00010000,8
1691280000000,2023-08-06T00:00:00+00:00,0.00010000,8
1691308800001,2023-08-06T08:00:00.001000+00:00,0.00010000,8
1691337600005,2023-08-06T16:00:00.005000+00:00,0.00010000,8
1691366400000,2023-08-07T00:00:00+00:00,0.00010000,8
1691395200000,2023-08-07T08:00:00+00:00,0.00007669,8
1691424000000,2023-08-07T16:00:00+00:00,0.00010000,8
1691452800000,2023-08-08T00:00:00+00:00,0.00010000,8
1691481600000,2023-08-08T08:00:00+00:00,0.00009136,8
1691510400000,2023-08-08T16:00:00+00:00,0.00005944,8
1691539200000,2023-08-09T00:00:00+00:00,0.00008110,8
1691568000000,2023-08-09T08:00:00+00:00,0.00009527,8
1691596800000,2023-08-09T16:00:00+00:00,0.00008877,8
1691625600001,2023-08-10T00:00:00.001000+00:00,0.00010000,8
1691654400000,2023-08-10T08:00:00+00:00,0.00010000,8
1691683200000,2023-08-10T16:00:00+00:00,0.00008277,8
1691712000000,2023-08-11T00:00:00+00:00,0.00010000,8
1691740800000,2023-08-11T08:00:00+00:00,0.00010000,8
1691769600000,2023-08-11T16:00:00+00:00,0.00007123,8
1691798400000,2023-08-12T00:00:00+00:00,0.00010000,8
1691827200000,2023-08-12T08:00:00+00:00,0.00010000,8
1691856000000,2023-08-12T16:00:00+00:00,0.00009305,8
1691884800000,2023-08-13T00:00:00+00:00,0.00010000,8
1691913600000,2023-08-13T08:00:00+00:00,0.00004637,8
1691942400000,2023-08-13T16:00:00+00:00,0.00010000,8
1691971200001,2023-08-14T00:00:00.001000+00:00,0.00010000,8
1692000000000,2023-08-14T08:00:00+00:00,0.00010000,8
1692028800000,2023-08-14T16:00:00+00:00,0.00010000,8
1692057600001,2023-08-15T00:00:00.001000+00:00,0.00010000,8
1692086400000,2023-08-15T08:00:00+00:00,0.00010000,8
1692115200000,2023-08-15T16:00:00+00:00,0.00010000,8
1692144000000,2023-08-16T00:00:00+00:00,0.00010000,8
1692172800001,2023-08-16T08:00:00.001000+00:00,0.00010000,8
1692201600000,2023-08-16T16:00:00+00:00,0.00010000,8
1692230400000,2023-08-17T00:00:00+00:00,0.00010000,8
1692259200000,2023-08-17T08:00:00+00:00,0.00010000,8
1692288000000,2023-08-17T16:00:00+00:00,0.00010000,8
1692316800000,2023-08-18T00:00:00+00:00,0.00010000,8
1692345600000,2023-08-18T08:00:00+00:00,-4.6E-7,8
1692374400000,2023-08-18T16:00:00+00:00,0.00005166,8
1692403200000,2023-08-19T00:00:00+00:00,-0.00000274,8
1692432000000,2023-08-19T08:00:00+00:00,-0.00000322,8
1692460800000,2023-08-19T16:00:00+00:00,-0.00005286,8
1692489600000,2023-08-20T00:00:00+00:00,-0.00003069,8
1692518400000,2023-08-20T08:00:00+00:00,-0.00004364,8
1692547200000,2023-08-20T16:00:00+00:00,-0.00000193,8
1692576000000,2023-08-21T00:00:00+00:00,-0.00002797,8
1692604800000,2023-08-21T08:00:00+00:00,0.00000816,8
1692633600000,2023-08-21T16:00:00+00:00,-0.00001619,8
1692662400000,2023-08-22T00:00:00+00:00,-0.00000308,8
1692691200000,2023-08-22T08:00:00+00:00,-0.00001928,8
1692720000000,2023-08-22T16:00:00+00:00,0.00003048,8
1692748800000,2023-08-23T00:00:00+00:00,0.00000739,8
1692777600000,2023-08-23T08:00:00+00:00,-0.00001020,8
1692806400000,2023-08-23T16:00:00+00:00,0.00003247,8
1692835200000,2023-08-24T00:00:00+00:00,-0.00002822,8
1692864000000,2023-08-24T08:00:00+00:00,0.00002506,8
1692892800000,2023-08-24T16:00:00+00:00,0.00004900,8
1692921600000,2023-08-25T00:00:00+00:00,-0.00000659,8
1692950400000,2023-08-25T08:00:00+00:00,0.00002802,8
1692979200000,2023-08-25T16:00:00+00:00,0.00005218,8
1693008000000,2023-08-26T00:00:00+00:00,0.00003820,8
1693036800000,2023-08-26T08:00:00+00:00,0.00005334,8
1693065600000,2023-08-26T16:00:00+00:00,0.00002096,8
1693094400000,2023-08-27T00:00:00+00:00,9.9E-7,8
1693123200000,2023-08-27T08:00:00+00:00,0.00003976,8
1693152000000,2023-08-27T16:00:00+00:00,0.00001232,8
1693180800000,2023-08-28T00:00:00+00:00,-0.00000395,8
1693209600001,2023-08-28T08:00:00.001000+00:00,0.00004424,8
1693238400001,2023-08-28T16:00:00.001000+00:00,0.00004524,8
1693267200000,2023-08-29T00:00:00+00:00,0.00000824,8
1693296000000,2023-08-29T08:00:00+00:00,0.00003769,8
1693324800000,2023-08-29T16:00:00+00:00,-0.00010934,8
1693353600000,2023-08-30T00:00:00+00:00,0.00004868,8
1693382400000,2023-08-30T08:00:00+00:00,0.00005731,8
1693411200000,2023-08-30T16:00:00+00:00,0.00003944,8
1693440000000,2023-08-31T00:00:00+00:00,0.00002909,8
1693468800000,2023-08-31T08:00:00+00:00,0.00006859,8
1693497600000,2023-08-31T16:00:00+00:00,0.00008105,8
1693526400000,2023-09-01T00:00:00+00:00,0.00002583,8
1693555200000,2023-09-01T08:00:00+00:00,0.00005968,8
1693584000001,2023-09-01T16:00:00.001000+00:00,0.00006254,8
1693612800000,2023-09-02T00:00:00+00:00,0.00004998,8
1693641600000,2023-09-02T08:00:00+00:00,0.00001937,8
1693670400000,2023-09-02T16:00:00+00:00,-0.00002018,8
1693699200000,2023-09-03T00:00:00+00:00,0.00004839,8
1693728000000,2023-09-03T08:00:00+00:00,0.00000235,8
1693756800000,2023-09-03T16:00:00+00:00,0.00002890,8
1693785600000,2023-09-04T00:00:00+00:00,0.00002690,8
1693814400000,2023-09-04T08:00:00+00:00,0.00001469,8
1693843200000,2023-09-04T16:00:00+00:00,-0.00001059,8
1693872000000,2023-09-05T00:00:00+00:00,5.3E-7,8
1693900800000,2023-09-05T08:00:00+00:00,0.00001975,8
1693929600000,2023-09-05T16:00:00+00:00,0.00003366,8
1693958400000,2023-09-06T00:00:00+00:00,0.00001737,8
1693987200000,2023-09-06T08:00:00+00:00,-0.00002763,8
1694016000001,2023-09-06T16:00:00.001000+00:00,0.00002135,8
1694044800000,2023-09-07T00:00:00+00:00,0.00003830,8
1694073600000,2023-09-07T08:00:00+00:00,0.00003883,8
1694102400000,2023-09-07T16:00:00+00:00,0.00006924,8
1694131200000,2023-09-08T00:00:00+00:00,-0.00001525,8
1694160000000,2023-09-08T08:00:00+00:00,0.00000512,8
1694188800000,2023-09-08T16:00:00+00:00,-0.00001691,8
1694217600000,2023-09-09T00:00:00+00:00,-0.00005057,8
1694246400000,2023-09-09T08:00:00+00:00,-0.00000377,8
1694275200000,2023-09-09T16:00:00+00:00,0.00001423,8
1694304000000,2023-09-10T00:00:00+00:00,-7.3E-7,8
1694332800000,2023-09-10T08:00:00+00:00,0.00003294,8
1694361600000,2023-09-10T16:00:00+00:00,0.00002609,8
1694390400000,2023-09-11T00:00:00+00:00,-0.00000300,8
1694419200000,2023-09-11T08:00:00+00:00,0.00001823,8
1694448000001,2023-09-11T16:00:00.001000+00:00,0.00001838,8
1694476800000,2023-09-12T00:00:00+00:00,0.00002730,8
1694505600000,2023-09-12T08:00:00+00:00,0.00005425,8
1694534400000,2023-09-12T16:00:00+00:00,-0.00003502,8
1694563200000,2023-09-13T00:00:00+00:00,0.00002342,8
1694592000000,2023-09-13T08:00:00+00:00,0.00001260,8
1694620800000,2023-09-13T16:00:00+00:00,0.00003099,8
1694649600000,2023-09-14T00:00:00+00:00,0.00000461,8
1694678400001,2023-09-14T08:00:00.001000+00:00,0.00003428,8
1694707200000,2023-09-14T16:00:00+00:00,-0.00004748,8
1694736000000,2023-09-15T00:00:00+00:00,-0.00002641,8
1694764800000,2023-09-15T08:00:00+00:00,-0.00000761,8
1694793600000,2023-09-15T16:00:00+00:00,0.00007561,8
1694822400000,2023-09-16T00:00:00+00:00,-0.00001381,8
1694851200000,2023-09-16T08:00:00+00:00,-0.00004320,8
1694880000000,2023-09-16T16:00:00+00:00,-0.00003161,8
1694908800000,2023-09-17T00:00:00+00:00,0.00000897,8
1694937600000,2023-09-17T08:00:00+00:00,0.00001142,8
1694966400000,2023-09-17T16:00:00+00:00,0.00000649,8
1694995200000,2023-09-18T00:00:00+00:00,-0.00000508,8
1695024000000,2023-09-18T08:00:00+00:00,0.00000579,8
1695052800000,2023-09-18T16:00:00+00:00,-0.00006774,8
1695081600000,2023-09-19T00:00:00+00:00,0.00002468,8
1695110400001,2023-09-19T08:00:00.001000+00:00,-0.00001972,8
1695139200000,2023-09-19T16:00:00+00:00,-0.00001756,8
1695168000000,2023-09-20T00:00:00+00:00,-0.00002614,8
1695196800000,2023-09-20T08:00:00+00:00,-0.00003777,8
1695225600000,2023-09-20T16:00:00+00:00,-0.00000991,8
1695254400001,2023-09-21T00:00:00.001000+00:00,-2.9E-7,8
1695283200000,2023-09-21T08:00:00+00:00,0.00004303,8
1695312000000,2023-09-21T16:00:00+00:00,0.00007429,8
1695340800000,2023-09-22T00:00:00+00:00,-6.2E-7,8
1695369600000,2023-09-22T08:00:00+00:00,0.00001034,8
1695398400000,2023-09-22T16:00:00+00:00,0.00002136,8
1695427200000,2023-09-23T00:00:00+00:00,0.00006676,8
1695456000000,2023-09-23T08:00:00+00:00,0.00001556,8
1695484800000,2023-09-23T16:00:00+00:00,0.00000209,8
1695513600000,2023-09-24T00:00:00+00:00,-0.00001392,8
1695542400000,2023-09-24T08:00:00+00:00,0.00004721,8
1695571200000,2023-09-24T16:00:00+00:00,0.00002887,8
1695600000000,2023-09-25T00:00:00+00:00,-0.00001260,8
1695628800000,2023-09-25T08:00:00+00:00,0.00008565,8
1695657600000,2023-09-25T16:00:00+00:00,0.00004792,8
1695686400000,2023-09-26T00:00:00+00:00,-0.00003910,8
1695715200000,2023-09-26T08:00:00+00:00,-0.00001215,8
1695744000000,2023-09-26T16:00:00+00:00,0.00005626,8
1695772800000,2023-09-27T00:00:00+00:00,0.00009944,8
1695801600001,2023-09-27T08:00:00.001000+00:00,0.00003378,8
1695830400000,2023-09-27T16:00:00+00:00,0.00002074,8
1695859200000,2023-09-28T00:00:00+00:00,0.00000674,8
1695888000000,2023-09-28T08:00:00+00:00,-0.00001581,8
1695916800000,2023-09-28T16:00:00+00:00,-0.00004732,8
1695945600000,2023-09-29T00:00:00+00:00,-0.00003894,8
1695974400000,2023-09-29T08:00:00+00:00,-0.00002567,8
1696003200000,2023-09-29T16:00:00+00:00,0.00000476,8
1696032000000,2023-09-30T00:00:00+00:00,0.00000643,8
1696060800000,2023-09-30T08:00:00+00:00,0.00001864,8
1696089600000,2023-09-30T16:00:00+00:00,0.00001525,8
1696118400000,2023-10-01T00:00:00+00:00,0.00000295,8
1696147200000,2023-10-01T08:00:00+00:00,-0.00000619,8
1696176000000,2023-10-01T16:00:00+00:00,-0.00002263,8
1696204800000,2023-10-02T00:00:00+00:00,0.00005831,8
1696233600000,2023-10-02T08:00:00+00:00,0.00000728,8
1696262400000,2023-10-02T16:00:00+00:00,-0.00001477,8
1696291200000,2023-10-03T00:00:00+00:00,0.00004172,8
1696320000000,2023-10-03T08:00:00+00:00,0.00001667,8
1696348800000,2023-10-03T16:00:00+00:00,0.00002500,8
1696377600000,2023-10-04T00:00:00+00:00,0.00006031,8
1696406400000,2023-10-04T08:00:00+00:00,0.00006200,8
1696435200000,2023-10-04T16:00:00+00:00,-0.00002857,8
1696464000000,2023-10-05T00:00:00+00:00,-0.00003807,8
1696492800000,2023-10-05T08:00:00+00:00,-0.00004268,8
1696521600001,2023-10-05T16:00:00.001000+00:00,-0.00002302,8
1696550400000,2023-10-06T00:00:00+00:00,-0.00001106,8
1696579200000,2023-10-06T08:00:00+00:00,0.00001436,8
1696608000000,2023-10-06T16:00:00+00:00,-0.00003149,8
1696636800000,2023-10-07T00:00:00+00:00,0.00002124,8
1696665600000,2023-10-07T08:00:00+00:00,0.00002849,8
1696694400000,2023-10-07T16:00:00+00:00,0.00002083,8
1696723200000,2023-10-08T00:00:00+00:00,0.00000314,8
1696752000001,2023-10-08T08:00:00.001000+00:00,0.00000974,8
1696780800000,2023-10-08T16:00:00+00:00,0.00005163,8
1696809600000,2023-10-09T00:00:00+00:00,0.00003992,8
1696838400000,2023-10-09T08:00:00+00:00,0.00003515,8
1696867200000,2023-10-09T16:00:00+00:00,0.00007838,8
1696896000000,2023-10-10T00:00:00+00:00,0.00006349,8
1696924800000,2023-10-10T08:00:00+00:00,0.00001894,8
1696953600000,2023-10-10T16:00:00+00:00,0.00004548,8
1696982400000,2023-10-11T00:00:00+00:00,0.00005918,8
1697011200000,2023-10-11T08:00:00+00:00,0.00008330,8
1697040000000,2023-10-11T16:00:00+00:00,0.00006319,8
1697068800000,2023-10-12T00:00:00+00:00,0.00010000,8
1697097600000,2023-10-12T08:00:00+00:00,0.00002661,8
1697126400000,2023-10-12T16:00:00+00:00,0.00007304,8
1697155200000,2023-10-13T00:00:00+00:00,0.00002294,8
1697184000000,2023-10-13T08:00:00+00:00,0.00002039,8
1697212800000,2023-10-13T16:00:00+00:00,0.00002326,8
1697241600000,2023-10-14T00:00:00+00:00,0.00000105,8
1697270400000,2023-10-14T08:00:00+00:00,0.00002211,8
1697299200000,2023-10-14T16:00:00+00:00,0.00002456,8
1697328000000,2023-10-15T00:00:00+00:00,-0.00001509,8
1697356800000,2023-10-15T08:00:00+00:00,0.00004292,8
1697385600000,2023-10-15T16:00:00+00:00,0.00002224,8
1697414400000,2023-10-16T00:00:00+00:00,0.00000511,8
1697443200000,2023-10-16T08:00:00+00:00,2.8E-7,8
1697472000000,2023-10-16T16:00:00+00:00,0.00009644,8
1697500800000,2023-10-17T00:00:00+00:00,0.00000204,8
1697529600000,2023-10-17T08:00:00+00:00,0.00001493,8
1697558400000,2023-10-17T16:00:00+00:00,-0.00002311,8
1697587200000,2023-10-18T00:00:00+00:00,-0.00003343,8
1697616000000,2023-10-18T08:00:00+00:00,-0.00001216,8
1697644800000,2023-10-18T16:00:00+00:00,0.00001644,8
1697673600000,2023-10-19T00:00:00+00:00,-0.00001028,8
1697702400001,2023-10-19T08:00:00.001000+00:00,-0.00000624,8
1697731200000,2023-10-19T16:00:00+00:00,-0.00011006,8
1697760000000,2023-10-20T00:00:00+00:00,-0.00009272,8
1697788800005,2023-10-20T08:00:00.005000+00:00,0.00001938,8
1697817600000,2023-10-20T16:00:00+00:00,0.00002687,8
1697846400000,2023-10-21T00:00:00+00:00,-0.00001585,8
1697875200000,2023-10-21T08:00:00+00:00,0.00004374,8
1697904000000,2023-10-21T16:00:00+00:00,0.00005827,8
1697932800000,2023-10-22T00:00:00+00:00,0.00002567,8
1697961600000,2023-10-22T08:00:00+00:00,0.00002579,8
1697990400000,2023-10-22T16:00:00+00:00,0.00003115,8
1698019200000,2023-10-23T00:00:00+00:00,0.00008250,8
1698048000001,2023-10-23T08:00:00.001000+00:00,0.00009590,8
1698076800001,2023-10-23T16:00:00.001000+00:00,0.00000648,8
1698105600000,2023-10-24T00:00:00+00:00,0.00010000,8
1698134400000,2023-10-24T08:00:00+00:00,0.00010000,8
1698163200000,2023-10-24T16:00:00+00:00,0.00010000,8
1698192000000,2023-10-25T00:00:00+00:00,0.00010000,8
1698220800000,2023-10-25T08:00:00+00:00,0.00010000,8
1698249600001,2023-10-25T16:00:00.001000+00:00,0.00010000,8
1698278400001,2023-10-26T00:00:00.001000+00:00,0.00010000,8
1698307200000,2023-10-26T08:00:00+00:00,0.00010000,8
1698336000000,2023-10-26T16:00:00+00:00,0.00010000,8
1698364800000,2023-10-27T00:00:00+00:00,0.00010000,8
1698393600000,2023-10-27T08:00:00+00:00,0.00010000,8
1698422400000,2023-10-27T16:00:00+00:00,0.00010000,8
1698451200000,2023-10-28T00:00:00+00:00,0.00010000,8
1698480000001,2023-10-28T08:00:00.001000+00:00,0.00010000,8
1698508800000,2023-10-28T16:00:00+00:00,0.00010000,8
1698537600000,2023-10-29T00:00:00+00:00,0.00010000,8
1698566400000,2023-10-29T08:00:00+00:00,0.00010000,8
1698595200000,2023-10-29T16:00:00+00:00,0.00010000,8
1698624000000,2023-10-30T00:00:00+00:00,0.00010000,8
1698652800000,2023-10-30T08:00:00+00:00,0.00010000,8
1698681600000,2023-10-30T16:00:00+00:00,0.00010000,8
1698710400001,2023-10-31T00:00:00.001000+00:00,0.00010000,8
1698739200000,2023-10-31T08:00:00+00:00,0.00010000,8
1698768000000,2023-10-31T16:00:00+00:00,0.00010000,8
1698796800000,2023-11-01T00:00:00+00:00,0.00010000,8
1698825600000,2023-11-01T08:00:00+00:00,0.00010000,8
1698854400000,2023-11-01T16:00:00+00:00,0.00010000,8
1698883200001,2023-11-02T00:00:00.001000+00:00,0.00010000,8
1698912000000,2023-11-02T08:00:00+00:00,0.00010000,8
1698940800000,2023-11-02T16:00:00+00:00,0.00010000,8
1698969600000,2023-11-03T00:00:00+00:00,0.00010000,8
1698998400000,2023-11-03T08:00:00+00:00,0.00010000,8
1699027200000,2023-11-03T16:00:00+00:00,0.00010000,8
1699056000000,2023-11-04T00:00:00+00:00,0.00010000,8
1699084800000,2023-11-04T08:00:00+00:00,0.00010000,8
1699113600000,2023-11-04T16:00:00+00:00,0.00010000,8
1699142400000,2023-11-05T00:00:00+00:00,0.00010000,8
1699171200000,2023-11-05T08:00:00+00:00,0.00010000,8
1699200000000,2023-11-05T16:00:00+00:00,0.00010000,8
1699228800000,2023-11-06T00:00:00+00:00,0.00010000,8
1699257600001,2023-11-06T08:00:00.001000+00:00,0.00010000,8
1699286400000,2023-11-06T16:00:00+00:00,0.00010000,8
1699315200001,2023-11-07T00:00:00.001000+00:00,0.00010000,8
1699344000000,2023-11-07T08:00:00+00:00,0.00010000,8
1699372800000,2023-11-07T16:00:00+00:00,0.00010000,8
1699401600000,2023-11-08T00:00:00+00:00,0.00010000,8
1699430400000,2023-11-08T08:00:00+00:00,0.00010000,8
1699459200000,2023-11-08T16:00:00+00:00,0.00010000,8
1699488000000,2023-11-09T00:00:00+00:00,0.00010000,8
1699516800000,2023-11-09T08:00:00+00:00,0.00010000,8
1699545600000,2023-11-09T16:00:00+00:00,0.00020027,8
1699574400000,2023-11-10T00:00:00+00:00,0.00010000,8
1699603200000,2023-11-10T08:00:00+00:00,0.00011682,8
1699632000000,2023-11-10T16:00:00+00:00,0.00010000,8
1699660800000,2023-11-11T00:00:00+00:00,0.00010000,8
1699689600000,2023-11-11T08:00:00+00:00,0.00016607,8
1699718400000,2023-11-11T16:00:00+00:00,0.00014648,8
1699747200000,2023-11-12T00:00:00+00:00,0.00015430,8
1699776000000,2023-11-12T08:00:00+00:00,0.00023487,8
1699804800001,2023-11-12T16:00:00.001000+00:00,0.00027221,8
1699833600000,2023-11-13T00:00:00+00:00,0.00032467,8
1699862400000,2023-11-13T08:00:00+00:00,0.00010893,8
1699891200000,2023-11-13T16:00:00+00:00,0.00020492,8
1699920000000,2023-11-14T00:00:00+00:00,0.00017382,8
1699948800000,2023-11-14T08:00:00+00:00,0.00016369,8
1699977600001,2023-11-14T16:00:00.001000+00:00,0.00014477,8
1700006400000,2023-11-15T00:00:00+00:00,0.00010000,8
1700035200000,2023-11-15T08:00:00+00:00,0.00010000,8
1700064000000,2023-11-15T16:00:00+00:00,0.00010000,8
1700092800000,2023-11-16T00:00:00+00:00,0.00010000,8
1700121600000,2023-11-16T08:00:00+00:00,0.00015199,8
1700150400001,2023-11-16T16:00:00.001000+00:00,0.00012014,8
1700179200000,2023-11-17T00:00:00+00:00,0.00010000,8
1700208000001,2023-11-17T08:00:00.001000+00:00,0.00010000,8
1700236800001,2023-11-17T16:00:00.001000+00:00,0.00010000,8
1700265600000,2023-11-18T00:00:00+00:00,0.00010000,8
1700294400000,2023-11-18T08:00:00+00:00,0.00010000,8
1700323200000,2023-11-18T16:00:00+00:00,0.00010000,8
1700352000000,2023-11-19T00:00:00+00:00,0.00010000,8
1700380800000,2023-11-19T08:00:00+00:00,0.00010000,8
1700409600000,2023-11-19T16:00:00+00:00,0.00010000,8
1700438400000,2023-11-20T00:00:00+00:00,0.00010000,8
1700467200000,2023-11-20T08:00:00+00:00,0.00010000,8
1700496000000,2023-11-20T16:00:00+00:00,0.00010000,8
1700524800000,2023-11-21T00:00:00+00:00,0.00010000,8
1700553600000,2023-11-21T08:00:00+00:00,0.00010000,8
1700582400000,2023-11-21T16:00:00+00:00,0.00010000,8
1700611200000,2023-11-22T00:00:00+00:00,0.00010000,8
1700640000000,2023-11-22T08:00:00+00:00,0.00010000,8
1700668800000,2023-11-22T16:00:00+00:00,0.00010000,8
1700697600000,2023-11-23T00:00:00+00:00,0.00010000,8
1700726400000,2023-11-23T08:00:00+00:00,0.00010000,8
1700755200001,2023-11-23T16:00:00.001000+00:00,0.00010000,8
1700784000000,2023-11-24T00:00:00+00:00,0.00010000,8
1700812800000,2023-11-24T08:00:00+00:00,0.00010000,8
1700841600000,2023-11-24T16:00:00+00:00,0.00010000,8
1700870400000,2023-11-25T00:00:00+00:00,0.00010000,8
1700899200000,2023-11-25T08:00:00+00:00,0.00010000,8
1700928000000,2023-11-25T16:00:00+00:00,0.00010000,8
1700956800000,2023-11-26T00:00:00+00:00,0.00010000,8
1700985600000,2023-11-26T08:00:00+00:00,0.00010000,8
1701014400000,2023-11-26T16:00:00+00:00,0.00010000,8
1701043200000,2023-11-27T00:00:00+00:00,0.00010000,8
1701072000001,2023-11-27T08:00:00.001000+00:00,0.00010000,8
1701100800000,2023-11-27T16:00:00+00:00,0.00010000,8
1701129600000,2023-11-28T00:00:00+00:00,0.00010000,8
1701158400000,2023-11-28T08:00:00+00:00,0.00010000,8
1701187200000,2023-11-28T16:00:00+00:00,0.00010000,8
1701216000001,2023-11-29T00:00:00.001000+00:00,0.00010000,8
1701244800000,2023-11-29T08:00:00+00:00,0.00010000,8
1701273600000,2023-11-29T16:00:00+00:00,0.00010000,8
1701302400000,2023-11-30T00:00:00+00:00,0.00010000,8
1701331200000,2023-11-30T08:00:00+00:00,0.00010000,8
1701360000000,2023-11-30T16:00:00+00:00,0.00010000,8
1701388800000,2023-12-01T00:00:00+00:00,0.00010000,8
1701417600000,2023-12-01T08:00:00+00:00,0.00010000,8
1701446400000,2023-12-01T16:00:00+00:00,0.00010000,8
1701475200000,2023-12-02T00:00:00+00:00,0.00009950,8
1701504000000,2023-12-02T08:00:00+00:00,0.00006973,8
1701532800000,2023-12-02T16:00:00+00:00,0.00008541,8
1701561600000,2023-12-03T00:00:00+00:00,0.00010000,8
1701590400000,2023-12-03T08:00:00+00:00,0.00010000,8
1701619200000,2023-12-03T16:00:00+00:00,0.00010000,8
1701648000000,2023-12-04T00:00:00+00:00,0.00010000,8
1701676800000,2023-12-04T08:00:00+00:00,0.00010000,8
1701705600000,2023-12-04T16:00:00+00:00,0.00010000,8
1701734400000,2023-12-05T00:00:00+00:00,0.00010000,8
1701763200000,2023-12-05T08:00:00+00:00,0.00010000,8
1701792000000,2023-12-05T16:00:00+00:00,0.00010000,8
1701820800000,2023-12-06T00:00:00+00:00,0.00010000,8
1701849600000,2023-12-06T08:00:00+00:00,0.00010000,8
1701878400000,2023-12-06T16:00:00+00:00,0.00010000,8
1701907200000,2023-12-07T00:00:00+00:00,0.00010000,8
1701936000000,2023-12-07T08:00:00+00:00,0.00010000,8
1701964800000,2023-12-07T16:00:00+00:00,0.00010000,8
1701993600000,2023-12-08T00:00:00+00:00,0.00010000,8
1702022400000,2023-12-08T08:00:00+00:00,0.00023288,8
1702051200000,2023-12-08T16:00:00+00:00,0.00020242,8
1702080000000,2023-12-09T00:00:00+00:00,0.00011504,8
1702108800000,2023-12-09T08:00:00+00:00,0.00030159,8
1702137600000,2023-12-09T16:00:00+00:00,0.00017192,8
1702166400000,2023-12-10T00:00:00+00:00,0.00020724,8
1702195200000,2023-12-10T08:00:00+00:00,0.00020383,8
1702224000000,2023-12-10T16:00:00+00:00,0.00023923,8
1702252800000,2023-12-11T00:00:00+00:00,0.00014730,8
1702281600000,2023-12-11T08:00:00+00:00,0.00010000,8
1702310400000,2023-12-11T16:00:00+00:00,0.00010000,8
1702339200000,2023-12-12T00:00:00+00:00,0.00010000,8
1702368000000,2023-12-12T08:00:00+00:00,0.00010000,8
1702396800000,2023-12-12T16:00:00+00:00,0.00010000,8
1702425600000,2023-12-13T00:00:00+00:00,0.00011909,8
1702454400000,2023-12-13T08:00:00+00:00,0.00010162,8
1702483200001,2023-12-13T16:00:00.001000+00:00,0.00012601,8
1702512000000,2023-12-14T00:00:00+00:00,0.00010000,8
1702540800000,2023-12-14T08:00:00+00:00,0.00010000,8
1702569600000,2023-12-14T16:00:00+00:00,0.00010000,8
1702598400000,2023-12-15T00:00:00+00:00,0.00010000,8
1702627200000,2023-12-15T08:00:00+00:00,0.00010000,8
1702656000000,2023-12-15T16:00:00+00:00,0.00010000,8
1702684800000,2023-12-16T00:00:00+00:00,0.00010000,8
1702713600000,2023-12-16T08:00:00+00:00,0.00010000,8
1702742400001,2023-12-16T16:00:00.001000+00:00,0.00010000,8
1702771200000,2023-12-17T00:00:00+00:00,0.00010000,8
1702800000000,2023-12-17T08:00:00+00:00,0.00010000,8
1702828800000,2023-12-17T16:00:00+00:00,0.00010000,8
1702857600000,2023-12-18T00:00:00+00:00,0.00013355,8
1702886400001,2023-12-18T08:00:00.001000+00:00,0.00010000,8
1702915200000,2023-12-18T16:00:00+00:00,0.00015611,8
1702944000000,2023-12-19T00:00:00+00:00,0.00010000,8
1702972800000,2023-12-19T08:00:00+00:00,0.00010000,8
1703001600000,2023-12-19T16:00:00+00:00,0.00010000,8
1703030400000,2023-12-20T00:00:00+00:00,0.00010506,8
1703059200000,2023-12-20T08:00:00+00:00,0.00010000,8
1703088000000,2023-12-20T16:00:00+00:00,0.00023637,8
1703116800000,2023-12-21T00:00:00+00:00,0.00027143,8
1703145600000,2023-12-21T08:00:00+00:00,0.00029216,8
1703174400000,2023-12-21T16:00:00+00:00,0.00028948,8
1703203200000,2023-12-22T00:00:00+00:00,0.00030806,8
1703232000000,2023-12-22T08:00:00+00:00,0.00029610,8
1703260800000,2023-12-22T16:00:00+00:00,0.00018011,8
1703289600000,2023-12-23T00:00:00+00:00,0.00016285,8
1703318400001,2023-12-23T08:00:00.001000+00:00,0.00010000,8
1703347200000,2023-12-23T16:00:00+00:00,0.00015066,8
1703376000000,2023-12-24T00:00:00+00:00,0.00010000,8
1703404800000,2023-12-24T08:00:00+00:00,0.00020790,8
1703433600000,2023-12-24T16:00:00+00:00,0.00019729,8
1703462400000,2023-12-25T00:00:00+00:00,0.00010000,8
1703491200000,2023-12-25T08:00:00+00:00,0.00010000,8
1703520000000,2023-12-25T16:00:00+00:00,0.00037908,8
1703548800000,2023-12-26T00:00:00+00:00,0.00043391,8
1703577600000,2023-12-26T08:00:00+00:00,0.00023757,8
1703606400000,2023-12-26T16:00:00+00:00,0.00029559,8
1703635200000,2023-12-27T00:00:00+00:00,0.00027621,8
1703664000000,2023-12-27T08:00:00+00:00,0.00037942,8
1703692800000,2023-12-27T16:00:00+00:00,0.00032304,8
1703721600000,2023-12-28T00:00:00+00:00,0.00013021,8
1703750400000,2023-12-28T08:00:00+00:00,0.00037879,8
1703779200000,2023-12-28T16:00:00+00:00,0.00050152,8
1703808000001,2023-12-29T00:00:00.001000+00:00,0.00055170,8
1703836800000,2023-12-29T08:00:00+00:00,0.00049912,8
1703865600000,2023-12-29T16:00:00+00:00,0.00047082,8
1703894400001,2023-12-30T00:00:00.001000+00:00,0.00033033,8
1703923200000,2023-12-30T08:00:00+00:00,0.00043580,8
1703952000000,2023-12-30T16:00:00+00:00,0.00037842,8
1703980800000,2023-12-31T00:00:00+00:00,0.00027855,8
1704009600001,2023-12-31T08:00:00.001000+00:00,0.00034573,8
1704038400000,2023-12-31T16:00:00+00:00,0.00033597,8
1704067200000,2024-01-01T00:00:00+00:00,0.00037409,8
1704096000000,2024-01-01T08:00:00+00:00,0.00027213,8
1704124800000,2024-01-01T16:00:00+00:00,0.00033601,8
1704153600000,2024-01-02T00:00:00+00:00,0.00065846,8
1704182400000,2024-01-02T08:00:00+00:00,0.00035179,8
1704211200000,2024-01-02T16:00:00+00:00,0.00053730,8
1704240000000,2024-01-03T00:00:00+00:00,0.00021159,8
1704268800000,2024-01-03T08:00:00+00:00,0.00017123,8
1704297600000,2024-01-03T16:00:00+00:00,0.00010000,8
1704326400000,2024-01-04T00:00:00+00:00,0.00010000,8
1704355200000,2024-01-04T08:00:00+00:00,0.00010000,8
1704384000000,2024-01-04T16:00:00+00:00,0.00010000,8
1704412800001,2024-01-05T00:00:00.001000+00:00,0.00010000,8
1704441600000,2024-01-05T08:00:00+00:00,0.00010000,8
1704470400000,2024-01-05T16:00:00+00:00,0.00010000,8
1704499200000,2024-01-06T00:00:00+00:00,0.00010000,8
1704528000000,2024-01-06T08:00:00+00:00,0.00010000,8
1704556800000,2024-01-06T16:00:00+00:00,0.00010000,8
1704585600000,2024-01-07T00:00:00+00:00,0.00010000,8
1704614400001,2024-01-07T08:00:00.001000+00:00,0.00010000,8
1704643200001,2024-01-07T16:00:00.001000+00:00,0.00010000,8
1704672000000,2024-01-08T00:00:00+00:00,0.00010000,8
1704700800000,2024-01-08T08:00:00+00:00,0.00010000,8
1704729600000,2024-01-08T16:00:00+00:00,0.00010000,8
1704758400001,2024-01-09T00:00:00.001000+00:00,0.00010000,8
1704787200000,2024-01-09T08:00:00+00:00,0.00010000,8
1704816000000,2024-01-09T16:00:00+00:00,0.00010000,8
1704844800000,2024-01-10T00:00:00+00:00,0.00010000,8
1704873600000,2024-01-10T08:00:00+00:00,0.00010000,8
1704902400000,2024-01-10T16:00:00+00:00,0.00010000,8
1704931200000,2024-01-11T00:00:00+00:00,0.00010000,8
1704960000000,2024-01-11T08:00:00+00:00,0.00010000,8
1704988800000,2024-01-11T16:00:00+00:00,0.00010000,8
1705017600001,2024-01-12T00:00:00.001000+00:00,0.00010000,8
1705046400000,2024-01-12T08:00:00+00:00,0.00010000,8
1705075200000,2024-01-12T16:00:00+00:00,0.00010000,8
1705104000000,2024-01-13T00:00:00+00:00,0.00010000,8
1705132800000,2024-01-13T08:00:00+00:00,0.00010000,8
1705161600001,2024-01-13T16:00:00.001000+00:00,0.00010000,8
1705190400000,2024-01-14T00:00:00+00:00,0.00010000,8
1705219200000,2024-01-14T08:00:00+00:00,0.00010000,8
1705248000001,2024-01-14T16:00:00.001000+00:00,0.00010000,8
1705276800000,2024-01-15T00:00:00+00:00,0.00010000,8
1705305600000,2024-01-15T08:00:00+00:00,0.00010000,8
1705334400000,2024-01-15T16:00:00+00:00,0.00010000,8
1705363200000,2024-01-16T00:00:00+00:00,0.00010000,8
1705392000000,2024-01-16T08:00:00+00:00,0.00010000,8
1705420800001,2024-01-16T16:00:00.001000+00:00,0.00010000,8
1705449600000,2024-01-17T00:00:00+00:00,0.00010000,8
1705478400000,2024-01-17T08:00:00+00:00,0.00010000,8
1705507200000,2024-01-17T16:00:00+00:00,0.00010000,8
1705536000001,2024-01-18T00:00:00.001000+00:00,0.00010000,8
1705564800000,2024-01-18T08:00:00+00:00,0.00010000,8
1705593600000,2024-01-18T16:00:00+00:00,0.00010000,8
1705622400000,2024-01-19T00:00:00+00:00,0.00010000,8
1705651200000,2024-01-19T08:00:00+00:00,0.00010000,8
1705680000002,2024-01-19T16:00:00.002000+00:00,0.00010000,8
1705708800000,2024-01-20T00:00:00+00:00,0.00010000,8
1705737600003,2024-01-20T08:00:00.003000+00:00,0.00010000,8
1705766400000,2024-01-20T16:00:00+00:00,0.00010000,8
1705795200000,2024-01-21T00:00:00+00:00,0.00010000,8
1705824000000,2024-01-21T08:00:00+00:00,0.00010000,8
1705852800000,2024-01-21T16:00:00+00:00,0.00010000,8
1705881600000,2024-01-22T00:00:00+00:00,0.00010000,8
1705910400000,2024-01-22T08:00:00+00:00,0.00010000,8
1705939200000,2024-01-22T16:00:00+00:00,0.00010000,8
1705968000000,2024-01-23T00:00:00+00:00,0.00010000,8
1705996800000,2024-01-23T08:00:00+00:00,0.00010000,8
1706025600000,2024-01-23T16:00:00+00:00,0.00010000,8
1706054400000,2024-01-24T00:00:00+00:00,0.00010000,8
1706083200000,2024-01-24T08:00:00+00:00,0.00010000,8
1706112000000,2024-01-24T16:00:00+00:00,0.00010000,8
1706140800000,2024-01-25T00:00:00+00:00,0.00010000,8
1706169600001,2024-01-25T08:00:00.001000+00:00,0.00010000,8
1706198400000,2024-01-25T16:00:00+00:00,0.00010000,8
1706227200001,2024-01-26T00:00:00.001000+00:00,0.00010000,8
1706256000000,2024-01-26T08:00:00+00:00,0.00010000,8
1706284800000,2024-01-26T16:00:00+00:00,0.00010000,8
1706313600000,2024-01-27T00:00:00+00:00,0.00008966,8
1706342400000,2024-01-27T08:00:00+00:00,0.00010000,8
1706371200000,2024-01-27T16:00:00+00:00,0.00008300,8
1706400000000,2024-01-28T00:00:00+00:00,0.00010000,8
1706428800000,2024-01-28T08:00:00+00:00,0.00004725,8
1706457600000,2024-01-28T16:00:00+00:00,0.00010000,8
1706486400000,2024-01-29T00:00:00+00:00,0.00010000,8
1706515200001,2024-01-29T08:00:00.001000+00:00,0.00009142,8
1706544000000,2024-01-29T16:00:00+00:00,0.00010000,8
1706572800000,2024-01-30T00:00:00+00:00,0.00010000,8
1706601600000,2024-01-30T08:00:00+00:00,0.00009492,8
1706630400001,2024-01-30T16:00:00.001000+00:00,0.00005149,8
1706659200000,2024-01-31T00:00:00+00:00,0.00002154,8
1706688000000,2024-01-31T08:00:00+00:00,0.00010000,8
1706716800000,2024-01-31T16:00:00+00:00,0.00010000,8
1706745600000,2024-02-01T00:00:00+00:00,0.00010000,8
1706774400000,2024-02-01T08:00:00+00:00,0.00010000,8
1706803200002,2024-02-01T16:00:00.002000+00:00,0.00010000,8
1706832000000,2024-02-02T00:00:00+00:00,0.00010000,8
1706860800000,2024-02-02T08:00:00+00:00,0.00010000,8
1706889600000,2024-02-02T16:00:00+00:00,0.00010000,8
1706918400000,2024-02-03T00:00:00+00:00,0.00007627,8
1706947200000,2024-02-03T08:00:00+00:00,0.00009042,8
1706976000001,2024-02-03T16:00:00.001000+00:00,0.00008028,8
1707004800000,2024-02-04T00:00:00+00:00,0.00008307,8
1707033600004,2024-02-04T08:00:00.004000+00:00,0.00008846,8
1707062400000,2024-02-04T16:00:00+00:00,0.00010000,8
1707091200000,2024-02-05T00:00:00+00:00,0.00010000,8
1707120000000,2024-02-05T08:00:00+00:00,0.00010000,8
1707148800000,2024-02-05T16:00:00+00:00,0.00010000,8
1707177600000,2024-02-06T00:00:00+00:00,0.00010000,8
1707206400001,2024-02-06T08:00:00.001000+00:00,0.00006723,8
1707235200000,2024-02-06T16:00:00+00:00,0.00010000,8
1707264000000,2024-02-07T00:00:00+00:00,0.00007527,8
1707292800000,2024-02-07T08:00:00+00:00,0.00005373,8
1707321600000,2024-02-07T16:00:00+00:00,0.00008306,8
1707350400000,2024-02-08T00:00:00+00:00,0.00010000,8
1707379200000,2024-02-08T08:00:00+00:00,0.00006535,8
1707408000000,2024-02-08T16:00:00+00:00,0.00002590,8
1707436800000,2024-02-09T00:00:00+00:00,0.00003160,8
1707465600000,2024-02-09T08:00:00+00:00,0.00010000,8
1707494400001,2024-02-09T16:00:00.001000+00:00,0.00009801,8
1707523200001,2024-02-10T00:00:00.001000+00:00,0.00008041,8
1707552000000,2024-02-10T08:00:00+00:00,0.00010000,8
1707580800000,2024-02-10T16:00:00+00:00,0.00010000,8
1707609600000,2024-02-11T00:00:00+00:00,0.00010000,8
1707638400001,2024-02-11T08:00:00.001000+00:00,0.00010000,8
1707667200000,2024-02-11T16:00:00+00:00,0.00010000,8
1707696000000,2024-02-12T00:00:00+00:00,0.00010000,8
1707724800000,2024-02-12T08:00:00+00:00,0.00010000,8
1707753600000,2024-02-12T16:00:00+00:00,0.00010000,8
1707782400000,2024-02-13T00:00:00+00:00,0.00010000,8
1707811200000,2024-02-13T08:00:00+00:00,0.00010000,8
1707840000000,2024-02-13T16:00:00+00:00,0.00010000,8
1707868800000,2024-02-14T00:00:00+00:00,0.00010000,8
1707897600000,2024-02-14T08:00:00+00:00,0.00010000,8
1707926400000,2024-02-14T16:00:00+00:00,0.00012283,8
1707955200000,2024-02-15T00:00:00+00:00,0.00010000,8
1707984000000,2024-02-15T08:00:00+00:00,0.00010000,8
1708012800000,2024-02-15T16:00:00+00:00,0.00010000,8
1708041600000,2024-02-16T00:00:00+00:00,0.00010000,8
1708070400000,2024-02-16T08:00:00+00:00,0.00010000,8
1708099200000,2024-02-16T16:00:00+00:00,0.00010000,8
1708128000000,2024-02-17T00:00:00+00:00,0.00010000,8
1708156800000,2024-02-17T08:00:00+00:00,0.00010000,8
1708185600000,2024-02-17T16:00:00+00:00,0.00016041,8
1708214400000,2024-02-18T00:00:00+00:00,0.00017240,8
1708243200000,2024-02-18T08:00:00+00:00,0.00015305,8
1708272000000,2024-02-18T16:00:00+00:00,0.00017095,8
1708300800000,2024-02-19T00:00:00+00:00,0.00023064,8
1708329600000,2024-02-19T08:00:00+00:00,0.00019594,8
1708358400000,2024-02-19T16:00:00+00:00,0.00013327,8
1708387200000,2024-02-20T00:00:00+00:00,0.00010461,8
1708416000000,2024-02-20T08:00:00+00:00,0.00010912,8
1708444800000,2024-02-20T16:00:00+00:00,0.00020259,8
1708473600000,2024-02-21T00:00:00+00:00,0.00010000,8
1708502400000,2024-02-21T08:00:00+00:00,0.00011242,8
1708531200000,2024-02-21T16:00:00+00:00,0.00010000,8
1708560000001,2024-02-22T00:00:00.001000+00:00,0.00010000,8
1708588800001,2024-02-22T08:00:00.001000+00:00,0.00013480,8
1708617600000,2024-02-22T16:00:00+00:00,0.00012557,8
1708646400000,2024-02-23T00:00:00+00:00,0.00010000,8
1708675200000,2024-02-23T08:00:00+00:00,0.00010000,8
1708704000000,2024-02-23T16:00:00+00:00,0.00012991,8
1708732800000,2024-02-24T00:00:00+00:00,0.00010000,8
1708761600001,2024-02-24T08:00:00.001000+00:00,0.00010000,8
1708790400000,2024-02-24T16:00:00+00:00,0.00010000,8
1708819200001,2024-02-25T00:00:00.001000+00:00,0.00011438,8
1708848000000,2024-02-25T08:00:00+00:00,0.00015012,8
1708876800000,2024-02-25T16:00:00+00:00,0.00015062,8
1708905600000,2024-02-26T00:00:00+00:00,0.00026761,8
1708934400000,2024-02-26T08:00:00+00:00,0.00021567,8
1708963200000,2024-02-26T16:00:00+00:00,0.00027227,8
1708992000000,2024-02-27T00:00:00+00:00,0.00032262,8
1709020800000,2024-02-27T08:00:00+00:00,0.00073521,8
1709049600000,2024-02-27T16:00:00+00:00,0.00022965,8
1709078400000,2024-02-28T00:00:00+00:00,0.00026729,8
1709107200000,2024-02-28T08:00:00+00:00,0.00023682,8
1709136000000,2024-02-28T16:00:00+00:00,0.00053538,8
1709164800000,2024-02-29T00:00:00+00:00,0.00069091,8
1709193600000,2024-02-29T08:00:00+00:00,0.00076337,8
1709222400000,2024-02-29T16:00:00+00:00,0.00057031,8
1709251200000,2024-03-01T00:00:00+00:00,0.00053322,8
1709280000000,2024-03-01T08:00:00+00:00,0.00064824,8
1709308800000,2024-03-01T16:00:00+00:00,0.00046010,8
1709337600000,2024-03-02T00:00:00+00:00,0.00033426,8
1709366400001,2024-03-02T08:00:00.001000+00:00,0.00057174,8
1709395200000,2024-03-02T16:00:00+00:00,0.00056396,8
1709424000000,2024-03-03T00:00:00+00:00,0.00046267,8
1709452800000,2024-03-03T08:00:00+00:00,0.00042989,8
1709481600000,2024-03-03T16:00:00+00:00,0.00044598,8
1709510400000,2024-03-04T00:00:00+00:00,0.00055071,8
1709539200000,2024-03-04T08:00:00+00:00,0.00046833,8
1709568000000,2024-03-04T16:00:00+00:00,0.00063620,8
1709596800000,2024-03-05T00:00:00+00:00,0.00048960,8
1709625600000,2024-03-05T08:00:00+00:00,0.00082969,8
1709654400000,2024-03-05T16:00:00+00:00,0.00088148,8
1709683200000,2024-03-06T00:00:00+00:00,0.00036280,8
1709712000001,2024-03-06T08:00:00.001000+00:00,0.00033876,8
1709740800000,2024-03-06T16:00:00+00:00,0.00049354,8
1709769600000,2024-03-07T00:00:00+00:00,0.00030311,8
1709798400000,2024-03-07T08:00:00+00:00,0.00040984,8
1709827200000,2024-03-07T16:00:00+00:00,0.00054217,8
1709856000000,2024-03-08T00:00:00+00:00,0.00034819,8
1709884800000,2024-03-08T08:00:00+00:00,0.00043497,8
1709913600000,2024-03-08T16:00:00+00:00,0.00062913,8
1709942400000,2024-03-09T00:00:00+00:00,0.00019134,8
1709971200001,2024-03-09T08:00:00.001000+00:00,0.00031281,8
1710000000000,2024-03-09T16:00:00+00:00,0.00026407,8
1710028800000,2024-03-10T00:00:00+00:00,0.00031010,8
1710057600000,2024-03-10T08:00:00+00:00,0.00063451,8
1710086400000,2024-03-10T16:00:00+00:00,0.00054479,8
1710115200000,2024-03-11T00:00:00+00:00,0.00035489,8
1710144000000,2024-03-11T08:00:00+00:00,0.00078428,8
1710172800000,2024-03-11T16:00:00+00:00,0.00066396,8
1710201600000,2024-03-12T00:00:00+00:00,0.00044470,8
1710230400000,2024-03-12T08:00:00+00:00,0.00045300,8
1710259200000,2024-03-12T16:00:00+00:00,0.00047935,8
1710288000000,2024-03-13T00:00:00+00:00,0.00033224,8
1710316800001,2024-03-13T08:00:00.001000+00:00,0.00064420,8
1710345600000,2024-03-13T16:00:00+00:00,0.00045402,8
1710374400001,2024-03-14T00:00:00.001000+00:00,0.00024393,8
1710403200000,2024-03-14T08:00:00+00:00,0.00038753,8
1710432000000,2024-03-14T16:00:00+00:00,0.00038258,8
1710460800000,2024-03-15T00:00:00+00:00,0.00038515,8
1710489600000,2024-03-15T08:00:00+00:00,0.00014328,8
1710518400000,2024-03-15T16:00:00+00:00,0.00015306,8
1710547200000,2024-03-16T00:00:00+00:00,0.00010000,8
1710576000000,2024-03-16T08:00:00+00:00,0.00023202,8
1710604800000,2024-03-16T16:00:00+00:00,0.00020813,8
1710633600000,2024-03-17T00:00:00+00:00,0.00013089,8
1710662400000,2024-03-17T08:00:00+00:00,0.00017773,8
1710691200000,2024-03-17T16:00:00+00:00,0.00024827,8
1710720000000,2024-03-18T00:00:00+00:00,0.00020181,8
1710748800000,2024-03-18T08:00:00+00:00,0.00030597,8
1710777600001,2024-03-18T16:00:00.001000+00:00,0.00027195,8
1710806400000,2024-03-19T00:00:00+00:00,0.00026923,8
1710835200000,2024-03-19T08:00:00+00:00,0.00029065,8
1710864000001,2024-03-19T16:00:00.001000+00:00,0.00024018,8
1710892800000,2024-03-20T00:00:00+00:00,0.00015847,8
1710921600004,2024-03-20T08:00:00.004000+00:00,0.00018388,8
1710950400000,2024-03-20T16:00:00+00:00,0.00010000,8
1710979200000,2024-03-21T00:00:00+00:00,0.00010403,8
1711008000000,2024-03-21T08:00:00+00:00,0.00019304,8
1711036800000,2024-03-21T16:00:00+00:00,0.00019510,8
1711065600000,2024-03-22T00:00:00+00:00,0.00016271,8
1711094400000,2024-03-22T08:00:00+00:00,0.00010000,8
1711123200000,2024-03-22T16:00:00+00:00,0.00011993,8
1711152000000,2024-03-23T00:00:00+00:00,0.00010000,8
1711180800000,2024-03-23T08:00:00+00:00,0.00010000,8
1711209600000,2024-03-23T16:00:00+00:00,0.00010806,8
1711238400000,2024-03-24T00:00:00+00:00,0.00010351,8
1711267200000,2024-03-24T08:00:00+00:00,0.00014616,8
1711296000000,2024-03-24T16:00:00+00:00,0.00015884,8
1711324800000,2024-03-25T00:00:00+00:00,0.00025549,8
1711353600001,2024-03-25T08:00:00.001000+00:00,0.00016324,8
1711382400000,2024-03-25T16:00:00+00:00,0.00028815,8
1711411200000,2024-03-26T00:00:00+00:00,0.00021963,8
1711440000000,2024-03-26T08:00:00+00:00,0.00018348,8
1711468800000,2024-03-26T16:00:00+00:00,0.00026764,8
1711497600000,2024-03-27T00:00:00+00:00,0.00028757,8
1711526400001,2024-03-27T08:00:00.001000+00:00,0.00029551,8
1711555200000,2024-03-27T16:00:00+00:00,0.00043631,8
1711584000000,2024-03-28T00:00:00+00:00,0.00024195,8
1711612800000,2024-03-28T08:00:00+00:00,0.00029899,8
1711641600000,2024-03-28T16:00:00+00:00,0.00029430,8
1711670400000,2024-03-29T00:00:00+00:00,0.00018250,8
1711699200000,2024-03-29T08:00:00+00:00,0.00025456,8
1711728000000,2024-03-29T16:00:00+00:00,0.00030170,8
1711756800000,2024-03-30T00:00:00+00:00,0.00019624,8
1711785600000,2024-03-30T08:00:00+00:00,0.00032267,8
1711814400000,2024-03-30T16:00:00+00:00,0.00034360,8
1711843200000,2024-03-31T00:00:00+00:00,0.00032351,8
1711872000000,2024-03-31T08:00:00+00:00,0.00039889,8
1711900800001,2024-03-31T16:00:00.001000+00:00,0.00040301,8
1711929600000,2024-04-01T00:00:00+00:00,0.00070161,8
1711958400000,2024-04-01T08:00:00+00:00,0.00033491,8
1711987200000,2024-04-01T16:00:00+00:00,0.00027469,8
1712016000007,2024-04-02T00:00:00.007000+00:00,0.00010926,8
1712044800015,2024-04-02T08:00:00.015000+00:00,0.00010000,8
1712073600000,2024-04-02T16:00:00+00:00,0.00016456,8
1712102400000,2024-04-03T00:00:00+00:00,0.00010000,8
1712131200000,2024-04-03T08:00:00+00:00,0.00010000,8
1712160000000,2024-04-03T16:00:00+00:00,0.00010000,8
1712188800000,2024-04-04T00:00:00+00:00,0.00010000,8
1712217600000,2024-04-04T08:00:00+00:00,0.00010000,8
1712246400000,2024-04-04T16:00:00+00:00,0.00010000,8
1712275200000,2024-04-05T00:00:00+00:00,0.00010000,8
1712304000000,2024-04-05T08:00:00+00:00,0.00010000,8
1712332800000,2024-04-05T16:00:00+00:00,0.00010000,8
1712361600000,2024-04-06T00:00:00+00:00,0.00010000,8
1712390400000,2024-04-06T08:00:00+00:00,0.00010000,8
1712419200000,2024-04-06T16:00:00+00:00,0.00010000,8
1712448000000,2024-04-07T00:00:00+00:00,0.00010000,8
1712476800000,2024-04-07T08:00:00+00:00,0.00010000,8
1712505600000,2024-04-07T16:00:00+00:00,0.00010000,8
1712534400001,2024-04-08T00:00:00.001000+00:00,0.00010000,8
1712563200000,2024-04-08T08:00:00+00:00,0.00010000,8
1712592000006,2024-04-08T16:00:00.006000+00:00,0.00035189,8
1712620800000,2024-04-09T00:00:00+00:00,0.00020915,8
1712649600001,2024-04-09T08:00:00.001000+00:00,0.00020603,8
1712678400001,2024-04-09T16:00:00.001000+00:00,0.00019061,8
1712707200000,2024-04-10T00:00:00+00:00,0.00011929,8
1712736000001,2024-04-10T08:00:00.001000+00:00,0.00012457,8
1712764800000,2024-04-10T16:00:00+00:00,0.00010000,8
1712793600000,2024-04-11T00:00:00+00:00,0.00013979,8
1712822400000,2024-04-11T08:00:00+00:00,0.00020153,8
1712851200000,2024-04-11T16:00:00+00:00,0.00019763,8
1712880000000,2024-04-12T00:00:00+00:00,0.00011258,8
1712908800001,2024-04-12T08:00:00.001000+00:00,0.00025630,8
1712937600000,2024-04-12T16:00:00+00:00,0.00012214,8
1712966400000,2024-04-13T00:00:00+00:00,0.00010000,8
1712995200000,2024-04-13T08:00:00+00:00,0.00010000,8
1713024000001,2024-04-13T16:00:00.001000+00:00,0.00010000,8
1713052800000,2024-04-14T00:00:00+00:00,0.00010000,8
1713081600000,2024-04-14T08:00:00+00:00,0.00010000,8
1713110400000,2024-04-14T16:00:00+00:00,0.00010000,8
1713139200000,2024-04-15T00:00:00+00:00,0.00010000,8
1713168000001,2024-04-15T08:00:00.001000+00:00,0.00001759,8
1713196800000,2024-04-15T16:00:00+00:00,0.00010000,8
1713225600001,2024-04-16T00:00:00.001000+00:00,0.00005953,8
1713254400000,2024-04-16T08:00:00+00:00,0.00009525,8
1713283200000,2024-04-16T16:00:00+00:00,0.00003513,8
1713312000000,2024-04-17T00:00:00+00:00,0.00006375,8
1713340800000,2024-04-17T08:00:00+00:00,0.00003574,8
1713369600000,2024-04-17T16:00:00+00:00,0.00006534,8
1713398400000,2024-04-18T00:00:00+00:00,0.00006937,8
1713427200000,2024-04-18T08:00:00+00:00,0.00005982,8
1713456000000,2024-04-18T16:00:00+00:00,-0.00003334,8
1713484800001,2024-04-19T00:00:00.001000+00:00,-0.00003120,8
1713513600000,2024-04-19T08:00:00+00:00,0.00006641,8
1713542400000,2024-04-19T16:00:00+00:00,0.00005880,8
1713571200000,2024-04-20T00:00:00+00:00,0.00010000,8
1713600000000,2024-04-20T08:00:00+00:00,-0.00000766,8
1713628800000,2024-04-20T16:00:00+00:00,0.00004204,8
1713657600000,2024-04-21T00:00:00+00:00,0.00003186,8
1713686400000,2024-04-21T08:00:00+00:00,-0.00002093,8
1713715200000,2024-04-21T16:00:00+00:00,0.00008271,8
1713744000000,2024-04-22T00:00:00+00:00,0.00004409,8
1713772800000,2024-04-22T08:00:00+00:00,0.00002497,8
1713801600000,2024-04-22T16:00:00+00:00,0.00000898,8
1713830400000,2024-04-23T00:00:00+00:00,-0.00001236,8
1713859200000,2024-04-23T08:00:00+00:00,0.00005240,8
1713888000001,2024-04-23T16:00:00.001000+00:00,-0.00001083,8
1713916800000,2024-04-24T00:00:00+00:00,0.00001413,8
1713945600000,2024-04-24T08:00:00+00:00,0.00005302,8
1713974400000,2024-04-24T16:00:00+00:00,0.00007047,8
1714003200000,2024-04-25T00:00:00+00:00,0.00007020,8
1714032000000,2024-04-25T08:00:00+00:00,0.00004069,8
1714060800010,2024-04-25T16:00:00.010000+00:00,0.00001140,8
1714089600001,2024-04-26T00:00:00.001000+00:00,0.00001709,8
1714118400000,2024-04-26T08:00:00+00:00,0.00000685,8
1714147200000,2024-04-26T16:00:00+00:00,0.00005562,8
1714176000000,2024-04-27T00:00:00+00:00,0.00010000,8
1714204800001,2024-04-27T08:00:00.001000+00:00,0.00007470,8
1714233600000,2024-04-27T16:00:00+00:00,0.00002834,8
1714262400000,2024-04-28T00:00:00+00:00,0.00001006,8
1714291200000,2024-04-28T08:00:00+00:00,-0.00002081,8
1714320000000,2024-04-28T16:00:00+00:00,0.00002782,8
1714348800000,2024-04-29T00:00:00+00:00,0.00002472,8
1714377600000,2024-04-29T08:00:00+00:00,0.00005544,8
1714406400000,2024-04-29T16:00:00+00:00,0.00006828,8
1714435200000,2024-04-30T00:00:00+00:00,0.00009740,8
1714464000000,2024-04-30T08:00:00+00:00,0.00009154,8
1714492800000,2024-04-30T16:00:00+00:00,0.00010000,8
1714521600000,2024-05-01T00:00:00+00:00,0.00010000,8
1714550400000,2024-05-01T08:00:00+00:00,0.00008946,8
1714579200000,2024-05-01T16:00:00+00:00,0.00009902,8
1714608000000,2024-05-02T00:00:00+00:00,0.00006634,8
1714636800000,2024-05-02T08:00:00+00:00,0.00006169,8
1714665600002,2024-05-02T16:00:00.002000+00:00,-0.00000123,8
1714694400000,2024-05-03T00:00:00+00:00,-0.00001549,8
1714723200000,2024-05-03T08:00:00+00:00,-0.00003764,8
1714752000000,2024-05-03T16:00:00+00:00,0.00008091,8
1714780800000,2024-05-04T00:00:00+00:00,0.00002703,8
1714809600000,2024-05-04T08:00:00+00:00,0.00007455,8
1714838400000,2024-05-04T16:00:00+00:00,0.00006265,8
1714867200000,2024-05-05T00:00:00+00:00,0.00006906,8
1714896000000,2024-05-05T08:00:00+00:00,0.00000647,8
1714924800000,2024-05-05T16:00:00+00:00,0.00003893,8
1714953600000,2024-05-06T00:00:00+00:00,0.00000602,8
1714982400000,2024-05-06T08:00:00+00:00,-0.00001031,8
1715011200000,2024-05-06T16:00:00+00:00,0.00007746,8
1715040000000,2024-05-07T00:00:00+00:00,0.00006064,8
1715068800000,2024-05-07T08:00:00+00:00,0.00001581,8
1715097600000,2024-05-07T16:00:00+00:00,0.00009028,8
1715126400000,2024-05-08T00:00:00+00:00,0.00004891,8
1715155200000,2024-05-08T08:00:00+00:00,0.00005553,8
1715184000000,2024-05-08T16:00:00+00:00,0.00009292,8
1715212800000,2024-05-09T00:00:00+00:00,0.00005648,8
1715241600000,2024-05-09T08:00:00+00:00,0.00003315,8
1715270400000,2024-05-09T16:00:00+00:00,0.00007253,8
1715299200000,2024-05-10T00:00:00+00:00,0.00001026,8
1715328000000,2024-05-10T08:00:00+00:00,0.00005934,8
1715356800000,2024-05-10T16:00:00+00:00,0.00007653,8
1715385600000,2024-05-11T00:00:00+00:00,0.00008881,8
1715414400000,2024-05-11T08:00:00+00:00,0.00003771,8
1715443200000,2024-05-11T16:00:00+00:00,0.00005067,8
1715472000000,2024-05-12T00:00:00+00:00,0.00002604,8
1715500800000,2024-05-12T08:00:00+00:00,0.00002830,8
1715529600000,2024-05-12T16:00:00+00:00,0.00010000,8
1715558400001,2024-05-13T00:00:00.001000+00:00,0.00010000,8
1715587200001,2024-05-13T08:00:00.001000+00:00,0.00008469,8
1715616000000,2024-05-13T16:00:00+00:00,0.00009151,8
1715644800000,2024-05-14T00:00:00+00:00,0.00009866,8
1715673600000,2024-05-14T08:00:00+00:00,0.00010000,8
1715702400000,2024-05-14T16:00:00+00:00,0.00004392,8
1715731200000,2024-05-15T00:00:00+00:00,0.00010000,8
1715760000000,2024-05-15T08:00:00+00:00,-0.00000385,8
1715788800000,2024-05-15T16:00:00+00:00,0.00002373,8
1715817600004,2024-05-16T00:00:00.004000+00:00,0.00002103,8
1715846400000,2024-05-16T08:00:00+00:00,0.00005148,8
1715875200000,2024-05-16T16:00:00+00:00,0.00003543,8
1715904000000,2024-05-17T00:00:00+00:00,0.00004647,8
1715932800000,2024-05-17T08:00:00+00:00,0.00000815,8
1715961600000,2024-05-17T16:00:00+00:00,-0.00000298,8
1715990400000,2024-05-18T00:00:00+00:00,0.00000628,8
1716019200000,2024-05-18T08:00:00+00:00,0.00008012,8
1716048000000,2024-05-18T16:00:00+00:00,-0.00000792,8
1716076800000,2024-05-19T00:00:00+00:00,0.00003339,8
1716105600000,2024-05-19T08:00:00+00:00,0.00005210,8
1716134400000,2024-05-19T16:00:00+00:00,0.00004779,8
1716163200000,2024-05-20T00:00:00+00:00,0.00005607,8
1716192000000,2024-05-20T08:00:00+00:00,0.00002479,8
1716220800003,2024-05-20T16:00:00.003000+00:00,0.00002552,8
1716249600000,2024-05-21T00:00:00+00:00,0.00010000,8
1716278400001,2024-05-21T08:00:00.001000+00:00,0.00010517,8
1716307200000,2024-05-21T16:00:00+00:00,0.00010000,8
1716336000000,2024-05-22T00:00:00+00:00,0.00010000,8
1716364800000,2024-05-22T08:00:00+00:00,0.00015759,8
1716393600000,2024-05-22T16:00:00+00:00,0.00010000,8
1716422400000,2024-05-23T00:00:00+00:00,0.00010000,8
1716451200000,2024-05-23T08:00:00+00:00,0.00010000,8
1716480000000,2024-05-23T16:00:00+00:00,0.00010000,8
1716508800000,2024-05-24T00:00:00+00:00,0.00010000,8
1716537600000,2024-05-24T08:00:00+00:00,0.00010000,8
1716566400000,2024-05-24T16:00:00+00:00,0.00010000,8
1716595200000,2024-05-25T00:00:00+00:00,0.00010000,8
1716624000000,2024-05-25T08:00:00+00:00,0.00010000,8
1716652800000,2024-05-25T16:00:00+00:00,0.00010000,8
1716681600000,2024-05-26T00:00:00+00:00,0.00010000,8
1716710400000,2024-05-26T08:00:00+00:00,0.00010000,8
1716739200000,2024-05-26T16:00:00+00:00,0.00010000,8
1716768000000,2024-05-27T00:00:00+00:00,0.00010000,8
1716796800000,2024-05-27T08:00:00+00:00,0.00010000,8
1716825600000,2024-05-27T16:00:00+00:00,0.00010000,8
1716854400000,2024-05-28T00:00:00+00:00,0.00010000,8
1716883200000,2024-05-28T08:00:00+00:00,0.00010000,8
1716912000000,2024-05-28T16:00:00+00:00,0.00010000,8
1716940800001,2024-05-29T00:00:00.001000+00:00,0.00010000,8
1716969600000,2024-05-29T08:00:00+00:00,0.00010000,8
1716998400000,2024-05-29T16:00:00+00:00,0.00012558,8
1717027200000,2024-05-30T00:00:00+00:00,0.00010000,8
1717056000000,2024-05-30T08:00:00+00:00,0.00010000,8
1717084800000,2024-05-30T16:00:00+00:00,0.00010000,8
1717113600000,2024-05-31T00:00:00+00:00,0.00014599,8
1717142400000,2024-05-31T08:00:00+00:00,0.00012268,8
1717171200000,2024-05-31T16:00:00+00:00,0.00010000,8
1717200000000,2024-06-01T00:00:00+00:00,0.00010000,8
1717228800000,2024-06-01T08:00:00+00:00,0.00010000,8
1717257600001,2024-06-01T16:00:00.001000+00:00,0.00010250,8
1717286400000,2024-06-02T00:00:00+00:00,0.00010000,8
1717315200000,2024-06-02T08:00:00+00:00,0.00010000,8
1717344000000,2024-06-02T16:00:00+00:00,0.00010000,8
1717372800000,2024-06-03T00:00:00+00:00,0.00010000,8
1717401600000,2024-06-03T08:00:00+00:00,0.00014135,8
1717430400000,2024-06-03T16:00:00+00:00,0.00010000,8
1717459200000,2024-06-04T00:00:00+00:00,0.00012008,8
1717488000000,2024-06-04T08:00:00+00:00,0.00010000,8
1717516800000,2024-06-04T16:00:00+00:00,0.00010000,8
1717545600000,2024-06-05T00:00:00+00:00,0.00010000,8
1717574400000,2024-06-05T08:00:00+00:00,0.00016387,8
1717603200000,2024-06-05T16:00:00+00:00,0.00013226,8
1717632000000,2024-06-06T00:00:00+00:00,0.00010000,8
1717660800008,2024-06-06T08:00:00.008000+00:00,0.00010438,8
1717689600000,2024-06-06T16:00:00+00:00,0.00011770,8
1717718400000,2024-06-07T00:00:00+00:00,0.00010000,8
1717747200000,2024-06-07T08:00:00+00:00,0.00010000,8
1717776000000,2024-06-07T16:00:00+00:00,0.00010166,8
1717804800000,2024-06-08T00:00:00+00:00,0.00010000,8
1717833600000,2024-06-08T08:00:00+00:00,0.00010000,8
1717862400000,2024-06-08T16:00:00+00:00,0.00010000,8
1717891200000,2024-06-09T00:00:00+00:00,0.00010000,8
1717920000000,2024-06-09T08:00:00+00:00,0.00010000,8
1717948800001,2024-06-09T16:00:00.001000+00:00,0.00010000,8
1717977600000,2024-06-10T00:00:00+00:00,0.00010000,8
1718006400000,2024-06-10T08:00:00+00:00,0.00010000,8
1718035200001,2024-06-10T16:00:00.001000+00:00,0.00010000,8
1718064000001,2024-06-11T00:00:00.001000+00:00,0.00010000,8
1718092800000,2024-06-11T08:00:00+00:00,0.00010000,8
1718121600000,2024-06-11T16:00:00+00:00,0.00010000,8
1718150400000,2024-06-12T00:00:00+00:00,0.00010000,8
1718179200000,2024-06-12T08:00:00+00:00,0.00010000,8
1718208000000,2024-06-12T16:00:00+00:00,0.00010000,8
1718236800000,2024-06-13T00:00:00+00:00,0.00010000,8
1718265600001,2024-06-13T08:00:00.001000+00:00,0.00010000,8
1718294400000,2024-06-13T16:00:00+00:00,0.00010000,8
1718323200000,2024-06-14T00:00:00+00:00,0.00010000,8
1718352000000,2024-06-14T08:00:00+00:00,0.00010000,8
1718380800000,2024-06-14T16:00:00+00:00,0.00010000,8
1718409600000,2024-06-15T00:00:00+00:00,0.00010000,8
1718438400000,2024-06-15T08:00:00+00:00,0.00010000,8
1718467200000,2024-06-15T16:00:00+00:00,0.00010000,8
1718496000001,2024-06-16T00:00:00.001000+00:00,0.00010000,8
1718524800000,2024-06-16T08:00:00+00:00,0.00010000,8
1718553600000,2024-06-16T16:00:00+00:00,0.00010000,8
1718582400000,2024-06-17T00:00:00+00:00,0.00010000,8
1718611200000,2024-06-17T08:00:00+00:00,0.00010000,8
1718640000000,2024-06-17T16:00:00+00:00,0.00010000,8
1718668800000,2024-06-18T00:00:00+00:00,0.00010000,8
1718697600000,2024-06-18T08:00:00+00:00,0.00008236,8
1718726400000,2024-06-18T16:00:00+00:00,0.00010000,8
1718755200001,2024-06-19T00:00:00.001000+00:00,0.00010000,8
1718784000001,2024-06-19T08:00:00.001000+00:00,0.00004127,8
1718812800000,2024-06-19T16:00:00+00:00,0.00002967,8
1718841600000,2024-06-20T00:00:00+00:00,0.00003934,8
1718870400000,2024-06-20T08:00:00+00:00,0.00005953,8
1718899200000,2024-06-20T16:00:00+00:00,0.00006879,8
1718928000000,2024-06-21T00:00:00+00:00,0.00003344,8
1718956800000,2024-06-21T08:00:00+00:00,0.00007328,8
1718985600000,2024-06-21T16:00:00+00:00,0.00010000,8
1719014400000,2024-06-22T00:00:00+00:00,0.00010000,8
1719043200000,2024-06-22T08:00:00+00:00,0.00004146,8
1719072000000,2024-06-22T16:00:00+00:00,0.00010000,8
1719100800000,2024-06-23T00:00:00+00:00,0.00010000,8
1719129600000,2024-06-23T08:00:00+00:00,0.00002307,8
1719158400000,2024-06-23T16:00:00+00:00,0.00004676,8
1719187200002,2024-06-24T00:00:00.002000+00:00,0.00009534,8
1719216000000,2024-06-24T08:00:00+00:00,0.00010000,8
1719244800000,2024-06-24T16:00:00+00:00,0.00007488,8
1719273600000,2024-06-25T00:00:00+00:00,0.00007447,8
1719302400000,2024-06-25T08:00:00+00:00,0.00005949,8
1719331200000,2024-06-25T16:00:00+00:00,0.00007752,8
1719360000002,2024-06-26T00:00:00.002000+00:00,0.00010000,8
1719388800000,2024-06-26T08:00:00+00:00,0.00010000,8
1719417600000,2024-06-26T16:00:00+00:00,0.00010000,8
1719446400000,2024-06-27T00:00:00+00:00,0.00010000,8
1719475200001,2024-06-27T08:00:00.001000+00:00,0.00010000,8
1719504000000,2024-06-27T16:00:00+00:00,0.00010000,8
1719532800000,2024-06-28T00:00:00+00:00,0.00010000,8
1719561600000,2024-06-28T08:00:00+00:00,0.00010000,8
1719590400000,2024-06-28T16:00:00+00:00,0.00010000,8
1719619200001,2024-06-29T00:00:00.001000+00:00,0.00010000,8
1719648000000,2024-06-29T08:00:00+00:00,0.00010000,8
1719676800000,2024-06-29T16:00:00+00:00,0.00010000,8
1719705600000,2024-06-30T00:00:00+00:00,0.00010000,8
1719734400000,2024-06-30T08:00:00+00:00,0.00010000,8
1719763200000,2024-06-30T16:00:00+00:00,0.00010000,8
1719792000000,2024-07-01T00:00:00+00:00,0.00010000,8
1719820800000,2024-07-01T08:00:00+00:00,0.00010000,8
1719849600001,2024-07-01T16:00:00.001000+00:00,0.00010000,8
1719878400000,2024-07-02T00:00:00+00:00,0.00010000,8
1719907200000,2024-07-02T08:00:00+00:00,0.00010000,8
1719936000000,2024-07-02T16:00:00+00:00,0.00010000,8
1719964800000,2024-07-03T00:00:00+00:00,0.00010000,8
1719993600001,2024-07-03T08:00:00.001000+00:00,0.00010000,8
1720022400000,2024-07-03T16:00:00+00:00,0.00010000,8
1720051200000,2024-07-04T00:00:00+00:00,0.00010000,8
1720080000000,2024-07-04T08:00:00+00:00,0.00010000,8
1720108800000,2024-07-04T16:00:00+00:00,0.00010000,8
1720137600000,2024-07-05T00:00:00+00:00,0.00010000,8
1720166400000,2024-07-05T08:00:00+00:00,0.00010000,8
1720195200000,2024-07-05T16:00:00+00:00,0.00001762,8
1720224000000,2024-07-06T00:00:00+00:00,0.00005729,8
1720252800000,2024-07-06T08:00:00+00:00,0.00007512,8
1720281600000,2024-07-06T16:00:00+00:00,0.00003250,8
1720310400001,2024-07-07T00:00:00.001000+00:00,0.00008164,8
1720339200000,2024-07-07T08:00:00+00:00,0.00010000,8
1720368000000,2024-07-07T16:00:00+00:00,0.00010000,8
1720396800000,2024-07-08T00:00:00+00:00,0.00007905,8
1720425600000,2024-07-08T08:00:00+00:00,0.00008222,8
1720454400000,2024-07-08T16:00:00+00:00,0.00010000,8
1720483200000,2024-07-09T00:00:00+00:00,0.00010000,8
1720512000001,2024-07-09T08:00:00.001000+00:00,0.00000861,8
1720540800000,2024-07-09T16:00:00+00:00,0.00010000,8
1720569600000,2024-07-10T00:00:00+00:00,0.00010000,8
1720598400000,2024-07-10T08:00:00+00:00,0.00009225,8
1720627200000,2024-07-10T16:00:00+00:00,0.00005485,8
1720656000002,2024-07-11T00:00:00.002000+00:00,0.00010000,8
1720684800002,2024-07-11T08:00:00.002000+00:00,0.00010000,8
1720713600004,2024-07-11T16:00:00.004000+00:00,0.00010000,8
1720742400000,2024-07-12T00:00:00+00:00,0.00006378,8
1720771200000,2024-07-12T08:00:00+00:00,0.00003026,8
1720800000000,2024-07-12T16:00:00+00:00,0.00004037,8
1720828800000,2024-07-13T00:00:00+00:00,0.00008319,8
1720857600000,2024-07-13T08:00:00+00:00,0.00006865,8
1720886400000,2024-07-13T16:00:00+00:00,0.00010000,8
1720915200000,2024-07-14T00:00:00+00:00,0.00008737,8
1720944000000,2024-07-14T08:00:00+00:00,0.00003710,8
1720972800000,2024-07-14T16:00:00+00:00,0.00008342,8
1721001600000,2024-07-15T00:00:00+00:00,0.00004590,8
1721030400000,2024-07-15T08:00:00+00:00,0.00003202,8
1721059200000,2024-07-15T16:00:00+00:00,-0.00000514,8
1721088000000,2024-07-16T00:00:00+00:00,-0.00005062,8
1721116800000,2024-07-16T08:00:00+00:00,0.00008814,8
1721145600000,2024-07-16T16:00:00+00:00,0.00002717,8
1721174400000,2024-07-17T00:00:00+00:00,-0.00003419,8
1721203200001,2024-07-17T08:00:00.001000+00:00,0.00001775,8
1721232000000,2024-07-17T16:00:00+00:00,0.00002143,8
1721260800000,2024-07-18T00:00:00+00:00,0.00000689,8
1721289600000,2024-07-18T08:00:00+00:00,0.00001546,8
1721318400000,2024-07-18T16:00:00+00:00,0.00003127,8
1721347200000,2024-07-19T00:00:00+00:00,0.00004029,8
1721376000000,2024-07-19T08:00:00+00:00,0.00004855,8
1721404800000,2024-07-19T16:00:00+00:00,0.00004606,8
1721433600001,2024-07-20T00:00:00.001000+00:00,-0.00003077,8
1721462400000,2024-07-20T08:00:00+00:00,0.00001944,8
1721491200000,2024-07-20T16:00:00+00:00,0.00001622,8
1721520000000,2024-07-21T00:00:00+00:00,-0.00005313,8
1721548800000,2024-07-21T08:00:00+00:00,0.00002194,8
1721577600000,2024-07-21T16:00:00+00:00,0.00000646,8
1721606400000,2024-07-22T00:00:00+00:00,0.00009136,8
1721635200000,2024-07-22T08:00:00+00:00,0.00005953,8
1721664000000,2024-07-22T16:00:00+00:00,0.00002769,8
1721692800000,2024-07-23T00:00:00+00:00,0.00004709,8
1721721600000,2024-07-23T08:00:00+00:00,0.00004310,8
1721750400000,2024-07-23T16:00:00+00:00,0.00004642,8
1721779200000,2024-07-24T00:00:00+00:00,0.00010000,8
1721808000000,2024-07-24T08:00:00+00:00,0.00010000,8
1721836800000,2024-07-24T16:00:00+00:00,0.00010000,8
1721865600000,2024-07-25T00:00:00+00:00,0.00010000,8
1721894400000,2024-07-25T08:00:00+00:00,0.00010000,8
1721923200000,2024-07-25T16:00:00+00:00,0.00010000,8
1721952000000,2024-07-26T00:00:00+00:00,0.00010000,8
1721980800000,2024-07-26T08:00:00+00:00,0.00010000,8
1722009600000,2024-07-26T16:00:00+00:00,0.00003340,8
1722038400000,2024-07-27T00:00:00+00:00,0.00006547,8
1722067200000,2024-07-27T08:00:00+00:00,0.00008022,8
1722096000000,2024-07-27T16:00:00+00:00,0.00009109,8
1722124800000,2024-07-28T00:00:00+00:00,0.00008180,8
1722153600000,2024-07-28T08:00:00+00:00,0.00009177,8
1722182400001,2024-07-28T16:00:00.001000+00:00,0.00002804,8
1722211200001,2024-07-29T00:00:00.001000+00:00,0.00008361,8
1722240000000,2024-07-29T08:00:00+00:00,0.00005623,8
1722268800001,2024-07-29T16:00:00.001000+00:00,0.00010000,8
1722297600000,2024-07-30T00:00:00+00:00,0.00003396,8
1722326400001,2024-07-30T08:00:00.001000+00:00,0.00003562,8
1722355200000,2024-07-30T16:00:00+00:00,0.00007691,8
1722384000000,2024-07-31T00:00:00+00:00,0.00003063,8
1722412800000,2024-07-31T08:00:00+00:00,0.00007178,8
1722441600000,2024-07-31T16:00:00+00:00,0.00003826,8
1722470400000,2024-08-01T00:00:00+00:00,0.00008208,8
1722499200000,2024-08-01T08:00:00+00:00,0.00010000,8
1722528000000,2024-08-01T16:00:00+00:00,0.00010000,8
1722556800000,2024-08-02T00:00:00+00:00,0.00010000,8
1722585600001,2024-08-02T08:00:00.001000+00:00,0.00010000,8
1722614400000,2024-08-02T16:00:00+00:00,0.00010000,8
1722643200000,2024-08-03T00:00:00+00:00,0.00010000,8
1722672000000,2024-08-03T08:00:00+00:00,0.00009788,8
1722700800001,2024-08-03T16:00:00.001000+00:00,0.00004247,8
1722729600000,2024-08-04T00:00:00+00:00,0.00010000,8
1722758400000,2024-08-04T08:00:00+00:00,0.00005343,8
1722787200000,2024-08-04T16:00:00+00:00,0.00010000,8
1722816000000,2024-08-05T00:00:00+00:00,0.00010000,8
1722844800000,2024-08-05T08:00:00+00:00,0.00004429,8
1722873600000,2024-08-05T16:00:00+00:00,0.00005967,8
1722902400000,2024-08-06T00:00:00+00:00,0.00003566,8
1722931200000,2024-08-06T08:00:00+00:00,-0.00002845,8
1722960000000,2024-08-06T16:00:00+00:00,0.00004485,8
1722988800000,2024-08-07T00:00:00+00:00,-0.00000730,8
1723017600001,2024-08-07T08:00:00.001000+00:00,-0.00006859,8
1723046400000,2024-08-07T16:00:00+00:00,0.00003241,8
1723075200001,2024-08-08T00:00:00.001000+00:00,0.00002637,8
1723104000000,2024-08-08T08:00:00+00:00,0.00003086,8
1723132800000,2024-08-08T16:00:00+00:00,0.00001147,8
1723161600000,2024-08-09T00:00:00+00:00,0.00004994,8
1723190400000,2024-08-09T08:00:00+00:00,0.00002184,8
1723219200000,2024-08-09T16:00:00+00:00,0.00004846,8
1723248000000,2024-08-10T00:00:00+00:00,-0.00003942,8
1723276800000,2024-08-10T08:00:00+00:00,-0.00001379,8
1723305600000,2024-08-10T16:00:00+00:00,-0.00001949,8
1723334400000,2024-08-11T00:00:00+00:00,0.00004049,8
1723363200000,2024-08-11T08:00:00+00:00,-0.00001839,8
1723392000001,2024-08-11T16:00:00.001000+00:00,0.00001185,8
1723420800000,2024-08-12T00:00:00+00:00,0.00001113,8
1723449600000,2024-08-12T08:00:00+00:00,0.00008783,8
1723478400000,2024-08-12T16:00:00+00:00,-0.00002238,8
1723507200000,2024-08-13T00:00:00+00:00,0.00006140,8
1723536000000,2024-08-13T08:00:00+00:00,0.00000521,8
1723564800000,2024-08-13T16:00:00+00:00,-0.00003902,8
1723593600000,2024-08-14T00:00:00+00:00,0.00001152,8
1723622400000,2024-08-14T08:00:00+00:00,-0.00001330,8
1723651200000,2024-08-14T16:00:00+00:00,-0.00007811,8
1723680000000,2024-08-15T00:00:00+00:00,-0.00008488,8
1723708800000,2024-08-15T08:00:00+00:00,0.00006339,8
1723737600000,2024-08-15T16:00:00+00:00,-0.00006181,8
1723766400000,2024-08-16T00:00:00+00:00,-0.00011235,8
1723795200000,2024-08-16T08:00:00+00:00,-0.00007387,8
1723824000000,2024-08-16T16:00:00+00:00,-0.00000557,8
1723852800000,2024-08-17T00:00:00+00:00,0.00001912,8
1723881600000,2024-08-17T08:00:00+00:00,0.00004177,8
1723910400000,2024-08-17T16:00:00+00:00,-0.00000152,8
1723939200000,2024-08-18T00:00:00+00:00,0.00003966,8
1723968000000,2024-08-18T08:00:00+00:00,-0.00001323,8
1723996800000,2024-08-18T16:00:00+00:00,-0.00003149,8
1724025600000,2024-08-19T00:00:00+00:00,-0.00003616,8
1724054400000,2024-08-19T08:00:00+00:00,-0.00006750,8
1724083200002,2024-08-19T16:00:00.002000+00:00,-0.00001957,8
1724112000000,2024-08-20T00:00:00+00:00,-0.00002656,8
1724140800000,2024-08-20T08:00:00+00:00,0.00001349,8
1724169600001,2024-08-20T16:00:00.001000+00:00,0.00001419,8
1724198400001,2024-08-21T00:00:00.001000+00:00,-0.00006756,8
1724227200000,2024-08-21T08:00:00+00:00,-0.00000591,8
1724256000001,2024-08-21T16:00:00.001000+00:00,0.00000396,8
1724284800000,2024-08-22T00:00:00+00:00,-0.00002229,8
1724313600000,2024-08-22T08:00:00+00:00,0.00001338,8
1724342400008,2024-08-22T16:00:00.008000+00:00,-0.00007261,8
1724371200000,2024-08-23T00:00:00+00:00,-0.00003329,8
1724400000000,2024-08-23T08:00:00+00:00,0.00002391,8
1724428800000,2024-08-23T16:00:00+00:00,-0.00004317,8
1724457600000,2024-08-24T00:00:00+00:00,-0.00000772,8
1724486400005,2024-08-24T08:00:00.005000+00:00,-0.00000723,8
1724515200000,2024-08-24T16:00:00+00:00,0.00006395,8
1724544000000,2024-08-25T00:00:00+00:00,-0.00004806,8
1724572800000,2024-08-25T08:00:00+00:00,-0.00001531,8
1724601600000,2024-08-25T16:00:00+00:00,0.00003108,8
1724630400000,2024-08-26T00:00:00+00:00,0.00002439,8
1724659200001,2024-08-26T08:00:00.001000+00:00,0.00003448,8
1724688000000,2024-08-26T16:00:00+00:00,0.00003789,8
1724716800001,2024-08-27T00:00:00.001000+00:00,0.00002795,8
1724745600000,2024-08-27T08:00:00+00:00,0.00001751,8
1724774400000,2024-08-27T16:00:00+00:00,0.00007753,8
1724803200000,2024-08-28T00:00:00+00:00,-0.00006803,8
1724832000000,2024-08-28T08:00:00+00:00,0.00002433,8
1724860800001,2024-08-28T16:00:00.001000+00:00,0.00001143,8
1724889600000,2024-08-29T00:00:00+00:00,-0.00000976,8
1724918400001,2024-08-29T08:00:00.001000+00:00,-0.00001644,8
1724947200000,2024-08-29T16:00:00+00:00,0.00000559,8
1724976000000,2024-08-30T00:00:00+00:00,0.00000936,8
1725004800000,2024-08-30T08:00:00+00:00,0.00003578,8
1725033600000,2024-08-30T16:00:00+00:00,0.00002927,8
1725062400000,2024-08-31T00:00:00+00:00,-0.00001749,8
1725091200000,2024-08-31T08:00:00+00:00,0.00003578,8
1725120000000,2024-08-31T16:00:00+00:00,0.00003800,8
1725148800000,2024-09-01T00:00:00+00:00,0.00004113,8
1725177600001,2024-09-01T08:00:00.001000+00:00,-0.00003432,8
1725206400000,2024-09-01T16:00:00+00:00,-0.00000382,8
1725235200001,2024-09-02T00:00:00.001000+00:00,-0.00003386,8
1725264000001,2024-09-02T08:00:00.001000+00:00,0.00000248,8
1725292800000,2024-09-02T16:00:00+00:00,-0.00000363,8
1725321600000,2024-09-03T00:00:00+00:00,0.00006245,8
1725350400001,2024-09-03T08:00:00.001000+00:00,0.00005123,8
1725379200000,2024-09-03T16:00:00+00:00,0.00004598,8
1725408000000,2024-09-04T00:00:00+00:00,0.00002209,8
1725436800000,2024-09-04T08:00:00+00:00,0.00001050,8
1725465600000,2024-09-04T16:00:00+00:00,-0.00001470,8
1725494400000,2024-09-05T00:00:00+00:00,0.00009016,8
1725523200000,2024-09-05T08:00:00+00:00,0.00002025,8
1725552000005,2024-09-05T16:00:00.005000+00:00,0.00002490,8
1725580800000,2024-09-06T00:00:00+00:00,0.00002280,8
1725609600001,2024-09-06T08:00:00.001000+00:00,-1E-8,8
1725638400000,2024-09-06T16:00:00+00:00,0.00001428,8
1725667200000,2024-09-07T00:00:00+00:00,-0.00000557,8
1725696000000,2024-09-07T08:00:00+00:00,-0.00007634,8
1725724800000,2024-09-07T16:00:00+00:00,-0.00007236,8
1725753600000,2024-09-08T00:00:00+00:00,0.00003745,8
1725782400000,2024-09-08T08:00:00+00:00,-0.00005999,8
1725811200000,2024-09-08T16:00:00+00:00,-0.00005245,8
1725840000000,2024-09-09T00:00:00+00:00,-0.00007585,8
1725868800000,2024-09-09T08:00:00+00:00,-0.00007108,8
1725897600001,2024-09-09T16:00:00.001000+00:00,-0.00003875,8
1725926400000,2024-09-10T00:00:00+00:00,-0.00006028,8
1725955200000,2024-09-10T08:00:00+00:00,-0.00002930,8
1725984000000,2024-09-10T16:00:00+00:00,-0.00001126,8
1726012800000,2024-09-11T00:00:00+00:00,-0.00008953,8
1726041600000,2024-09-11T08:00:00+00:00,-0.00002247,8
1726070400000,2024-09-11T16:00:00+00:00,-0.00005212,8
1726099200000,2024-09-12T00:00:00+00:00,-0.00001951,8
1726128000000,2024-09-12T08:00:00+00:00,-0.00000546,8
1726156800000,2024-09-12T16:00:00+00:00,-0.00002950,8
1726185600000,2024-09-13T00:00:00+00:00,-6.9E-7,8
1726214400001,2024-09-13T08:00:00.001000+00:00,-0.00000869,8
1726243200001,2024-09-13T16:00:00.001000+00:00,-0.00002443,8
1726272000000,2024-09-14T00:00:00+00:00,-0.00008699,8
1726300800000,2024-09-14T08:00:00+00:00,0.00000859,8
1726329600001,2024-09-14T16:00:00.001000+00:00,0.00002326,8
1726358400000,2024-09-15T00:00:00+00:00,-0.00000491,8
1726387200000,2024-09-15T08:00:00+00:00,1E-8,8
1726416000000,2024-09-15T16:00:00+00:00,0.00000402,8
1726444800000,2024-09-16T00:00:00+00:00,0.00002402,8
1726473600001,2024-09-16T08:00:00.001000+00:00,0.00003564,8
1726502400000,2024-09-16T16:00:00+00:00,0.00006762,8
1726531200001,2024-09-17T00:00:00.001000+00:00,0.00008529,8
1726560000000,2024-09-17T08:00:00+00:00,0.00001911,8
1726588800000,2024-09-17T16:00:00+00:00,0.00005327,8
1726617600000,2024-09-18T00:00:00+00:00,0.00001344,8
1726646400000,2024-09-18T08:00:00+00:00,0.00001678,8
1726675200004,2024-09-18T16:00:00.004000+00:00,0.00004648,8
1726704000000,2024-09-19T00:00:00+00:00,0.00003512,8
1726732800000,2024-09-19T08:00:00+00:00,0.00002949,8
1726761600001,2024-09-19T16:00:00.001000+00:00,0.00004072,8
1726790400000,2024-09-20T00:00:00+00:00,0.00008065,8
1726819200001,2024-09-20T08:00:00.001000+00:00,-0.00000503,8
1726848000000,2024-09-20T16:00:00+00:00,0.00005543,8
1726876800001,2024-09-21T00:00:00.001000+00:00,0.00004638,8
1726905600000,2024-09-21T08:00:00+00:00,0.00010000,8
1726934400000,2024-09-21T16:00:00+00:00,0.00008234,8
1726963200000,2024-09-22T00:00:00+00:00,0.00006285,8
1726992000000,2024-09-22T08:00:00+00:00,0.00009254,8
1727020800000,2024-09-22T16:00:00+00:00,0.00005537,8
1727049600000,2024-09-23T00:00:00+00:00,0.00006546,8
1727078400000,2024-09-23T08:00:00+00:00,0.00001364,8
1727107200000,2024-09-23T16:00:00+00:00,0.00005304,8
1727136000000,2024-09-24T00:00:00+00:00,0.00002324,8
1727164800000,2024-09-24T08:00:00+00:00,0.00002895,8
1727193600001,2024-09-24T16:00:00.001000+00:00,-0.00000182,8
1727222400000,2024-09-25T00:00:00+00:00,0.00001223,8
1727251200003,2024-09-25T08:00:00.003000+00:00,0.00001141,8
1727280000000,2024-09-25T16:00:00+00:00,0.00001336,8
1727308800005,2024-09-26T00:00:00.005000+00:00,0.00001650,8
1727337600000,2024-09-26T08:00:00+00:00,0.00006246,8
1727366400000,2024-09-26T16:00:00+00:00,0.00010000,8
1727395200000,2024-09-27T00:00:00+00:00,0.00010000,8
1727424000000,2024-09-27T08:00:00+00:00,0.00006722,8
1727452800000,2024-09-27T16:00:00+00:00,0.00002275,8
1727481600000,2024-09-28T00:00:00+00:00,0.00005455,8
1727510400001,2024-09-28T08:00:00.001000+00:00,0.00008300,8
1727539200000,2024-09-28T16:00:00+00:00,0.00001414,8
1727568000001,2024-09-29T00:00:00.001000+00:00,0.00000725,8
1727596800000,2024-09-29T08:00:00+00:00,0.00003128,8
1727625600000,2024-09-29T16:00:00+00:00,0.00007253,8
1727654400000,2024-09-30T00:00:00+00:00,0.00003077,8
1727683200001,2024-09-30T08:00:00.001000+00:00,0.00007939,8
1727712000000,2024-09-30T16:00:00+00:00,0.00010000,8
1727740800000,2024-10-01T00:00:00+00:00,0.00010000,8
1727769600000,2024-10-01T08:00:00+00:00,0.00010000,8
1727798400001,2024-10-01T16:00:00.001000+00:00,0.00010000,8
1727827200000,2024-10-02T00:00:00+00:00,0.00006632,8
1727856000000,2024-10-02T08:00:00+00:00,0.00008409,8
1727884800000,2024-10-02T16:00:00+00:00,0.00008191,8
1727913600000,2024-10-03T00:00:00+00:00,0.00004381,8
1727942400000,2024-10-03T08:00:00+00:00,0.00003746,8
1727971200000,2024-10-03T16:00:00+00:00,0.00004990,8
1728000000000,2024-10-04T00:00:00+00:00,0.00007097,8
1728028800000,2024-10-04T08:00:00+00:00,0.00002119,8
1728057600001,2024-10-04T16:00:00.001000+00:00,0.00000243,8
1728086400000,2024-10-05T00:00:00+00:00,-0.00001596,8
1728115200000,2024-10-05T08:00:00+00:00,0.00001088,8
1728144000000,2024-10-05T16:00:00+00:00,0.00000861,8
1728172800000,2024-10-06T00:00:00+00:00,0.00000572,8
1728201600001,2024-10-06T08:00:00.001000+00:00,0.00003288,8
1728230400000,2024-10-06T16:00:00+00:00,0.00004180,8
1728259200000,2024-10-07T00:00:00+00:00,0.00004573,8
1728288000000,2024-10-07T08:00:00+00:00,-0.00000952,8
1728316800001,2024-10-07T16:00:00.001000+00:00,0.00002177,8
1728345600000,2024-10-08T00:00:00+00:00,-0.00001678,8
1728374400000,2024-10-08T08:00:00+00:00,0.00007094,8
1728403200000,2024-10-08T16:00:00+00:00,0.00008100,8
1728432000000,2024-10-09T00:00:00+00:00,0.00010000,8
1728460800000,2024-10-09T08:00:00+00:00,0.00005138,8
1728489600000,2024-10-09T16:00:00+00:00,0.00007939,8
1728518400000,2024-10-10T00:00:00+00:00,0.00002090,8
1728547200000,2024-10-10T08:00:00+00:00,0.00001532,8
1728576000000,2024-10-10T16:00:00+00:00,0.00010000,8
1728604800000,2024-10-11T00:00:00+00:00,0.00002231,8
1728633600000,2024-10-11T08:00:00+00:00,-0.00001874,8
1728662400001,2024-10-11T16:00:00.001000+00:00,0.00000120,8
1728691200000,2024-10-12T00:00:00+00:00,0.00004558,8
1728720000001,2024-10-12T08:00:00.001000+00:00,0.00007664,8
1728748800000,2024-10-12T16:00:00+00:00,-0.00001489,8
1728777600000,2024-10-13T00:00:00+00:00,0.00000693,8
1728806400000,2024-10-13T08:00:00+00:00,0.00001638,8
1728835200000,2024-10-13T16:00:00+00:00,0.00003938,8
1728864000000,2024-10-14T00:00:00+00:00,0.00005429,8
1728892800000,2024-10-14T08:00:00+00:00,0.00010000,8
1728921600000,2024-10-14T16:00:00+00:00,0.00010000,8
1728950400000,2024-10-15T00:00:00+00:00,0.00010000,8
1728979200000,2024-10-15T08:00:00+00:00,0.00010000,8
1729008000000,2024-10-15T16:00:00+00:00,0.00010000,8
1729036800000,2024-10-16T00:00:00+00:00,0.00008325,8
1729065600001,2024-10-16T08:00:00.001000+00:00,0.00008500,8
1729094400000,2024-10-16T16:00:00+00:00,0.00010000,8
1729123200000,2024-10-17T00:00:00+00:00,0.00010000,8
1729152000000,2024-10-17T08:00:00+00:00,0.00010000,8
1729180800001,2024-10-17T16:00:00.001000+00:00,0.00010000,8
1729209600010,2024-10-18T00:00:00.010000+00:00,0.00010000,8
1729238400001,2024-10-18T08:00:00.001000+00:00,0.00010000,8
1729267200000,2024-10-18T16:00:00+00:00,0.00010000,8
1729296000000,2024-10-19T00:00:00+00:00,0.00010000,8
1729324800000,2024-10-19T08:00:00+00:00,0.00010000,8
1729353600000,2024-10-19T16:00:00+00:00,0.00010000,8
1729382400000,2024-10-20T00:00:00+00:00,0.00010000,8
1729411200000,2024-10-20T08:00:00+00:00,0.00010000,8
1729440000000,2024-10-20T16:00:00+00:00,0.00010000,8
1729468800000,2024-10-21T00:00:00+00:00,0.00010000,8
1729497600000,2024-10-21T08:00:00+00:00,0.00010000,8
1729526400000,2024-10-21T16:00:00+00:00,0.00010000,8
1729555200000,2024-10-22T00:00:00+00:00,0.00010000,8
1729584000000,2024-10-22T08:00:00+00:00,0.00010000,8
1729612800000,2024-10-22T16:00:00+00:00,0.00010000,8
1729641600000,2024-10-23T00:00:00+00:00,0.00010000,8
1729670400000,2024-10-23T08:00:00+00:00,0.00010000,8
1729699200000,2024-10-23T16:00:00+00:00,0.00010000,8
1729728000000,2024-10-24T00:00:00+00:00,0.00010000,8
1729756800000,2024-10-24T08:00:00+00:00,0.00010000,8
1729785600000,2024-10-24T16:00:00+00:00,0.00010000,8
1729814400000,2024-10-25T00:00:00+00:00,0.00010000,8
1729843200000,2024-10-25T08:00:00+00:00,0.00010000,8
1729872000000,2024-10-25T16:00:00+00:00,0.00010000,8
1729900800000,2024-10-26T00:00:00+00:00,0.00004755,8
1729929600001,2024-10-26T08:00:00.001000+00:00,0.00007569,8
1729958400000,2024-10-26T16:00:00+00:00,0.00010000,8
1729987200000,2024-10-27T00:00:00+00:00,0.00010000,8
1730016000000,2024-10-27T08:00:00+00:00,0.00009724,8
1730044800000,2024-10-27T16:00:00+00:00,0.00010000,8
1730073600000,2024-10-28T00:00:00+00:00,0.00009425,8
1730102400001,2024-10-28T08:00:00.001000+00:00,0.00010000,8
1730131200000,2024-10-28T16:00:00+00:00,0.00008946,8
1730160000000,2024-10-29T00:00:00+00:00,0.00010000,8
1730188800000,2024-10-29T08:00:00+00:00,0.00010000,8
1730217600004,2024-10-29T16:00:00.004000+00:00,0.00010000,8
1730246400000,2024-10-30T00:00:00+00:00,0.00010000,8
1730275200000,2024-10-30T08:00:00+00:00,0.00010000,8
1730304000013,2024-10-30T16:00:00.013000+00:00,0.00010000,8
1730332800000,2024-10-31T00:00:00+00:00,0.00010000,8
1730361600000,2024-10-31T08:00:00+00:00,0.00010000,8
1730390400000,2024-10-31T16:00:00+00:00,0.00010000,8
1730419200000,2024-11-01T00:00:00+00:00,0.00010000,8
1730448000000,2024-11-01T08:00:00+00:00,0.00010000,8
1730476800000,2024-11-01T16:00:00+00:00,0.00010000,8
1730505600000,2024-11-02T00:00:00+00:00,0.00010000,8
1730534400000,2024-11-02T08:00:00+00:00,0.00010000,8
1730563200000,2024-11-02T16:00:00+00:00,0.00010000,8
1730592000000,2024-11-03T00:00:00+00:00,0.00010000,8
1730620800000,2024-11-03T08:00:00+00:00,0.00010000,8
1730649600000,2024-11-03T16:00:00+00:00,0.00010000,8
1730678400000,2024-11-04T00:00:00+00:00,0.00010000,8
1730707200000,2024-11-04T08:00:00+00:00,0.00010000,8
1730736000000,2024-11-04T16:00:00+00:00,0.00010000,8
1730764800000,2024-11-05T00:00:00+00:00,0.00010000,8
1730793600003,2024-11-05T08:00:00.003000+00:00,0.00010000,8
1730822400001,2024-11-05T16:00:00.001000+00:00,0.00010000,8
1730851200000,2024-11-06T00:00:00+00:00,0.00010000,8
1730880000000,2024-11-06T08:00:00+00:00,0.00010000,8
1730908800000,2024-11-06T16:00:00+00:00,0.00010000,8
1730937600000,2024-11-07T00:00:00+00:00,0.00010000,8
1730966400000,2024-11-07T08:00:00+00:00,0.00010000,8
1730995200000,2024-11-07T16:00:00+00:00,0.00010000,8
1731024000000,2024-11-08T00:00:00+00:00,0.00010000,8
1731052800000,2024-11-08T08:00:00+00:00,0.00010000,8
1731081600000,2024-11-08T16:00:00+00:00,0.00010000,8
1731110400000,2024-11-09T00:00:00+00:00,0.00010000,8
1731139200000,2024-11-09T08:00:00+00:00,0.00010000,8
1731168000000,2024-11-09T16:00:00+00:00,0.00010000,8
1731196800000,2024-11-10T00:00:00+00:00,0.00010000,8
1731225600000,2024-11-10T08:00:00+00:00,0.00025603,8
1731254400000,2024-11-10T16:00:00+00:00,0.00014113,8
1731283200001,2024-11-11T00:00:00.001000+00:00,0.00036878,8
1731312000000,2024-11-11T08:00:00+00:00,0.00010000,8
1731340800000,2024-11-11T16:00:00+00:00,0.00010000,8
1731369600002,2024-11-12T00:00:00.002000+00:00,0.00049133,8
1731398400000,2024-11-12T08:00:00+00:00,0.00043737,8
1731427200000,2024-11-12T16:00:00+00:00,0.00038754,8
1731456000000,2024-11-13T00:00:00+00:00,0.00010000,8
1731484800010,2024-11-13T08:00:00.010000+00:00,0.00013101,8
1731513600000,2024-11-13T16:00:00+00:00,0.00021856,8
1731542400001,2024-11-14T00:00:00.001000+00:00,0.00010000,8
1731571200000,2024-11-14T08:00:00+00:00,0.00010000,8
1731600000000,2024-11-14T16:00:00+00:00,0.00010000,8
1731628800000,2024-11-15T00:00:00+00:00,0.00010000,8
1731657600000,2024-11-15T08:00:00+00:00,0.00010000,8
1731686400000,2024-11-15T16:00:00+00:00,0.00010977,8
1731715200001,2024-11-16T00:00:00.001000+00:00,0.00010000,8
1731744000001,2024-11-16T08:00:00.001000+00:00,0.00010000,8
1731772800000,2024-11-16T16:00:00+00:00,0.00013231,8
1731801600000,2024-11-17T00:00:00+00:00,0.00015765,8
1731830400000,2024-11-17T08:00:00+00:00,0.00010000,8
1731859200001,2024-11-17T16:00:00.001000+00:00,0.00010577,8
1731888000000,2024-11-18T00:00:00+00:00,0.00010000,8
1731916800000,2024-11-18T08:00:00+00:00,0.00036450,8
1731945600000,2024-11-18T16:00:00+00:00,0.00021318,8
1731974400000,2024-11-19T00:00:00+00:00,0.00021606,8
1732003200000,2024-11-19T08:00:00+00:00,0.00030216,8
1732032000000,2024-11-19T16:00:00+00:00,0.00017959,8
1732060800003,2024-11-20T00:00:00.003000+00:00,0.00010000,8
1732089600000,2024-11-20T08:00:00+00:00,0.00010000,8
1732118400000,2024-11-20T16:00:00+00:00,0.00010000,8
1732147200001,2024-11-21T00:00:00.001000+00:00,0.00010000,8
1732176000000,2024-11-21T08:00:00+00:00,0.00010000,8
1732204800001,2024-11-21T16:00:00.001000+00:00,0.00010000,8
1732233600000,2024-11-22T00:00:00+00:00,0.00010000,8
1732262400000,2024-11-22T08:00:00+00:00,0.00010000,8
1732291200001,2024-11-22T16:00:00.001000+00:00,0.00010000,8
1732320000000,2024-11-23T00:00:00+00:00,0.00010000,8
1732348800000,2024-11-23T08:00:00+00:00,0.00010000,8
1732377600000,2024-11-23T16:00:00+00:00,0.00010000,8
1732406400001,2024-11-24T00:00:00.001000+00:00,0.00010000,8
1732435200000,2024-11-24T08:00:00+00:00,0.00016148,8
1732464000000,2024-11-24T16:00:00+00:00,0.00023228,8
1732492800000,2024-11-25T00:00:00+00:00,0.00021035,8
1732521600000,2024-11-25T08:00:00+00:00,0.00010000,8
1732550400000,2024-11-25T16:00:00+00:00,0.00025233,8
1732579200000,2024-11-26T00:00:00+00:00,0.00021902,8
1732608000000,2024-11-26T08:00:00+00:00,0.00017936,8
1732636800000,2024-11-26T16:00:00+00:00,0.00029599,8
1732665600000,2024-11-27T00:00:00+00:00,0.00031205,8
1732694400000,2024-11-27T08:00:00+00:00,0.00016795,8
1732723200001,2024-11-27T16:00:00.001000+00:00,0.00010000,8
1732752000000,2024-11-28T00:00:00+00:00,0.00010000,8
1732780800000,2024-11-28T08:00:00+00:00,0.00014326,8
1732809600000,2024-11-28T16:00:00+00:00,0.00011859,8
1732838400000,2024-11-29T00:00:00+00:00,0.00020619,8
1732867200000,2024-11-29T08:00:00+00:00,0.00011747,8
1732896000000,2024-11-29T16:00:00+00:00,0.00021921,8
1732924800000,2024-11-30T00:00:00+00:00,0.00010000,8
1732953600000,2024-11-30T08:00:00+00:00,0.00015909,8
1732982400000,2024-11-30T16:00:00+00:00,0.00012063,8
1733011200000,2024-12-01T00:00:00+00:00,0.00015901,8
1733040000000,2024-12-01T08:00:00+00:00,0.00019581,8
1733068800000,2024-12-01T16:00:00+00:00,0.00010000,8
1733097600001,2024-12-02T00:00:00.001000+00:00,0.00025726,8
1733126400001,2024-12-02T08:00:00.001000+00:00,0.00024556,8
1733155200000,2024-12-02T16:00:00+00:00,0.00013387,8
1733184000000,2024-12-03T00:00:00+00:00,0.00012779,8
1733212800000,2024-12-03T08:00:00+00:00,0.00024926,8
1733241600000,2024-12-03T16:00:00+00:00,0.00011952,8
1733270400000,2024-12-04T00:00:00+00:00,0.00026634,8
1733299200000,2024-12-04T08:00:00+00:00,0.00026254,8
1733328000000,2024-12-04T16:00:00+00:00,0.00023234,8
1733356800001,2024-12-05T00:00:00.001000+00:00,0.00027625,8
1733385600000,2024-12-05T08:00:00+00:00,0.00072446,8
1733414400000,2024-12-05T16:00:00+00:00,0.00047059,8
1733443200000,2024-12-06T00:00:00+00:00,0.00010000,8
1733472000000,2024-12-06T08:00:00+00:00,0.00014634,8
1733500800000,2024-12-06T16:00:00+00:00,0.00010000,8
1733529600000,2024-12-07T00:00:00+00:00,0.00031972,8
1733558400000,2024-12-07T08:00:00+00:00,0.00012374,8
1733587200000,2024-12-07T16:00:00+00:00,0.00014090,8
1733616000000,2024-12-08T00:00:00+00:00,0.00016985,8
1733644800000,2024-12-08T08:00:00+00:00,0.00016572,8
1733673600000,2024-12-08T16:00:00+00:00,0.00017580,8
1733702400000,2024-12-09T00:00:00+00:00,0.00030413,8
1733731200000,2024-12-09T08:00:00+00:00,0.00021032,8
1733760000001,2024-12-09T16:00:00.001000+00:00,0.00011115,8
1733788800007,2024-12-10T00:00:00.007000+00:00,0.00010000,8
1733817600000,2024-12-10T08:00:00+00:00,0.00010000,8
1733846400000,2024-12-10T16:00:00+00:00,0.00010000,8
1733875200000,2024-12-11T00:00:00+00:00,0.00010000,8
1733904000000,2024-12-11T08:00:00+00:00,0.00010000,8
1733932800001,2024-12-11T16:00:00.001000+00:00,0.00010000,8
1733961600001,2024-12-12T00:00:00.001000+00:00,0.00010000,8
1733990400000,2024-12-12T08:00:00+00:00,0.00010000,8
1734019200001,2024-12-12T16:00:00.001000+00:00,0.00010000,8
1734048000000,2024-12-13T00:00:00+00:00,0.00010000,8
1734076800000,2024-12-13T08:00:00+00:00,0.00010000,8
1734105600001,2024-12-13T16:00:00.001000+00:00,0.00010000,8
1734134400000,2024-12-14T00:00:00+00:00,0.00006750,8
1734163200000,2024-12-14T08:00:00+00:00,0.00010000,8
1734192000000,2024-12-14T16:00:00+00:00,0.00010000,8
1734220800000,2024-12-15T00:00:00+00:00,0.00010000,8
1734249600000,2024-12-15T08:00:00+00:00,0.00008194,8
1734278400000,2024-12-15T16:00:00+00:00,0.00010000,8
1734307200000,2024-12-16T00:00:00+00:00,0.00010000,8
1734336000001,2024-12-16T08:00:00.001000+00:00,0.00010000,8
1734364800000,2024-12-16T16:00:00+00:00,0.00009181,8
1734393600000,2024-12-17T00:00:00+00:00,0.00007866,8
1734422400000,2024-12-17T08:00:00+00:00,0.00010000,8
1734451200000,2024-12-17T16:00:00+00:00,0.00010000,8
1734480000000,2024-12-18T00:00:00+00:00,0.00010000,8
1734508800000,2024-12-18T08:00:00+00:00,0.00009159,8
1734537600000,2024-12-18T16:00:00+00:00,0.00010000,8
1734566400000,2024-12-19T00:00:00+00:00,0.00010000,8
1734595200000,2024-12-19T08:00:00+00:00,0.00010000,8
1734624000000,2024-12-19T16:00:00+00:00,0.00010000,8
1734652800000,2024-12-20T00:00:00+00:00,0.00010000,8
1734681600001,2024-12-20T08:00:00.001000+00:00,0.00010000,8
1734710400014,2024-12-20T16:00:00.014000+00:00,0.00010000,8
1734739200000,2024-12-21T00:00:00+00:00,0.00010000,8
1734768000000,2024-12-21T08:00:00+00:00,0.00001206,8
1734796800001,2024-12-21T16:00:00.001000+00:00,0.00010000,8
1734825600000,2024-12-22T00:00:00+00:00,0.00010000,8
1734854400000,2024-12-22T08:00:00+00:00,0.00010000,8
1734883200000,2024-12-22T16:00:00+00:00,0.00009629,8
1734912000000,2024-12-23T00:00:00+00:00,0.00010000,8
1734940800000,2024-12-23T08:00:00+00:00,0.00010000,8
1734969600001,2024-12-23T16:00:00.001000+00:00,0.00008981,8
1734998400000,2024-12-24T00:00:00+00:00,0.00010000,8
1735027200000,2024-12-24T08:00:00+00:00,0.00010000,8
1735056000001,2024-12-24T16:00:00.001000+00:00,0.00010000,8
1735084800001,2024-12-25T00:00:00.001000+00:00,0.00010000,8
1735113600000,2024-12-25T08:00:00+00:00,0.00010000,8
1735142400000,2024-12-25T16:00:00+00:00,0.00010000,8
1735171200000,2024-12-26T00:00:00+00:00,0.00009827,8
1735200000000,2024-12-26T08:00:00+00:00,0.00007453,8
1735228800000,2024-12-26T16:00:00+00:00,0.00008585,8
1735257600000,2024-12-27T00:00:00+00:00,0.00010000,8
1735286400000,2024-12-27T08:00:00+00:00,0.00010000,8
1735315200000,2024-12-27T16:00:00+00:00,0.00010000,8
1735344000001,2024-12-28T00:00:00.001000+00:00,0.00010000,8
1735372800000,2024-12-28T08:00:00+00:00,0.00007639,8
1735401600000,2024-12-28T16:00:00+00:00,0.00005173,8
1735430400000,2024-12-29T00:00:00+00:00,0.00008013,8
1735459200000,2024-12-29T08:00:00+00:00,0.00010000,8
1735488000000,2024-12-29T16:00:00+00:00,0.00010000,8
1735516800000,2024-12-30T00:00:00+00:00,-4.2E-7,8
1735545600001,2024-12-30T08:00:00.001000+00:00,0.00008791,8
1735574400000,2024-12-30T16:00:00+00:00,0.00010000,8
1735603200000,2024-12-31T00:00:00+00:00,0.00010000,8
1735632000000,2024-12-31T08:00:00+00:00,0.00010000,8
1735660800000,2024-12-31T16:00:00+00:00,0.00010000,8
1735689600015,2025-01-01T00:00:00.015000+00:00,0.00010000,8
1735718400000,2025-01-01T08:00:00+00:00,0.00010000,8
1735747200001,2025-01-01T16:00:00.001000+00:00,0.00010000,8
1735776000000,2025-01-02T00:00:00+00:00,0.00010000,8
1735804800006,2025-01-02T08:00:00.006000+00:00,0.00010000,8
1735833600000,2025-01-02T16:00:00+00:00,0.00010000,8
1735862400000,2025-01-03T00:00:00+00:00,0.00010000,8
1735891200000,2025-01-03T08:00:00+00:00,0.00010000,8
1735920000000,2025-01-03T16:00:00+00:00,0.00005242,8
1735948800000,2025-01-04T00:00:00+00:00,0.00007699,8
1735977600000,2025-01-04T08:00:00+00:00,0.00010000,8
1736006400000,2025-01-04T16:00:00+00:00,0.00000798,8
1736035200000,2025-01-05T00:00:00+00:00,0.00010000,8
1736064000000,2025-01-05T08:00:00+00:00,0.00010000,8
1736092800000,2025-01-05T16:00:00+00:00,0.00008320,8
1736121600000,2025-01-06T00:00:00+00:00,0.00010000,8
1736150400001,2025-01-06T08:00:00.001000+00:00,0.00010000,8
1736179200000,2025-01-06T16:00:00+00:00,0.00010000,8
1736208000000,2025-01-07T00:00:00+00:00,0.00010000,8
1736236800000,2025-01-07T08:00:00+00:00,0.00008903,8
1736265600008,2025-01-07T16:00:00.008000+00:00,0.00008279,8
1736294400001,2025-01-08T00:00:00.001000+00:00,0.00010000,8
1736323200000,2025-01-08T08:00:00+00:00,0.00010000,8
1736352000000,2025-01-08T16:00:00+00:00,0.00010000,8
1736380800000,2025-01-09T00:00:00+00:00,0.00010000,8
1736409600000,2025-01-09T08:00:00+00:00,0.00009834,8
1736438400000,2025-01-09T16:00:00+00:00,-0.00000544,8
1736467200000,2025-01-10T00:00:00+00:00,0.00003966,8
1736496000000,2025-01-10T08:00:00+00:00,-0.00001060,8
1736524800000,2025-01-10T16:00:00+00:00,0.00008078,8
1736553600000,2025-01-11T00:00:00+00:00,0.00005680,8
1736582400000,2025-01-11T08:00:00+00:00,0.00004055,8
1736611200000,2025-01-11T16:00:00+00:00,0.00002608,8
1736640000000,2025-01-12T00:00:00+00:00,0.00005009,8
1736668800000,2025-01-12T08:00:00+00:00,0.00003210,8
1736697600000,2025-01-12T16:00:00+00:00,0.00006647,8
1736726400000,2025-01-13T00:00:00+00:00,0.00005266,8
1736755200000,2025-01-13T08:00:00+00:00,0.00006989,8
1736784000000,2025-01-13T16:00:00+00:00,0.00000881,8
1736812800000,2025-01-14T00:00:00+00:00,0.00010000,8
1736841600000,2025-01-14T08:00:00+00:00,0.00010000,8
1736870400000,2025-01-14T16:00:00+00:00,0.00009496,8
1736899200000,2025-01-15T00:00:00+00:00,0.00004989,8
1736928000000,2025-01-15T08:00:00+00:00,0.00008795,8
1736956800000,2025-01-15T16:00:00+00:00,0.00005844,8
1736985600000,2025-01-16T00:00:00+00:00,0.00000728,8
1737014400000,2025-01-16T08:00:00+00:00,0.00007568,8
1737043200000,2025-01-16T16:00:00+00:00,0.00004598,8
1737072000004,2025-01-17T00:00:00.004000+00:00,0.00004597,8
1737100800000,2025-01-17T08:00:00+00:00,0.00009386,8
1737129600008,2025-01-17T16:00:00.008000+00:00,0.00003432,8
1737158400000,2025-01-18T00:00:00+00:00,0.00006707,8
1737187200007,2025-01-18T08:00:00.007000+00:00,0.00010000,8
1737216000000,2025-01-18T16:00:00+00:00,0.00010000,8
1737244800000,2025-01-19T00:00:00+00:00,0.00010000,8
1737273600000,2025-01-19T08:00:00+00:00,0.00010000,8
1737302400000,2025-01-19T16:00:00+00:00,0.00010000,8
1737331200000,2025-01-20T00:00:00+00:00,0.00010000,8
1737360000009,2025-01-20T08:00:00.009000+00:00,0.00010000,8
1737388800000,2025-01-20T16:00:00+00:00,0.00010000,8
1737417600000,2025-01-21T00:00:00+00:00,0.00010000,8
1737446400000,2025-01-21T08:00:00+00:00,0.00010000,8
1737475200000,2025-01-21T16:00:00+00:00,0.00010000,8
1737504000000,2025-01-22T00:00:00+00:00,0.00010000,8
1737532800000,2025-01-22T08:00:00+00:00,0.00010000,8
1737561600000,2025-01-22T16:00:00+00:00,0.00010000,8
1737590400001,2025-01-23T00:00:00.001000+00:00,0.00008654,8
1737619200000,2025-01-23T08:00:00+00:00,0.00010000,8
1737648000000,2025-01-23T16:00:00+00:00,0.00008616,8
1737676800000,2025-01-24T00:00:00+00:00,0.00000334,8
1737705600000,2025-01-24T08:00:00+00:00,0.00007537,8
1737734400000,2025-01-24T16:00:00+00:00,0.00009540,8
1737763200000,2025-01-25T00:00:00+00:00,0.00005702,8
1737792000000,2025-01-25T08:00:00+00:00,0.00008495,8
1737820800001,2025-01-25T16:00:00.001000+00:00,0.00007782,8
1737849600000,2025-01-26T00:00:00+00:00,0.00008363,8
1737878400000,2025-01-26T08:00:00+00:00,0.00010000,8
1737907200000,2025-01-26T16:00:00+00:00,0.00008443,8
1737936000000,2025-01-27T00:00:00+00:00,0.00009084,8
1737964800000,2025-01-27T08:00:00+00:00,0.00003712,8
1737993600000,2025-01-27T16:00:00+00:00,9.8E-7,8
1738022400000,2025-01-28T00:00:00+00:00,0.00010000,8
1738051200000,2025-01-28T08:00:00+00:00,0.00003714,8
1738080000000,2025-01-28T16:00:00+00:00,0.00009848,8
1738108800000,2025-01-29T00:00:00+00:00,0.00010000,8
1738137600000,2025-01-29T08:00:00+00:00,0.00010000,8
1738166400000,2025-01-29T16:00:00+00:00,0.00009949,8
1738195200000,2025-01-30T00:00:00+00:00,0.00007590,8
1738224000000,2025-01-30T08:00:00+00:00,0.00010000,8
1738252800000,2025-01-30T16:00:00+00:00,0.00009499,8
1738281600000,2025-01-31T00:00:00+00:00,0.00001225,8
1738310400000,2025-01-31T08:00:00+00:00,0.00010000,8
1738339200000,2025-01-31T16:00:00+00:00,0.00010000,8
1738368000000,2025-02-01T00:00:00+00:00,0.00008098,8
1738396800000,2025-02-01T08:00:00+00:00,0.00005369,8
1738425600000,2025-02-01T16:00:00+00:00,0.00005968,8
1738454400001,2025-02-02T00:00:00.001000+00:00,0.00005824,8
1738483200000,2025-02-02T08:00:00+00:00,0.00003380,8
1738512000000,2025-02-02T16:00:00+00:00,-0.00000861,8
1738540800000,2025-02-03T00:00:00+00:00,0.00010000,8
1738569600000,2025-02-03T08:00:00+00:00,0.00010000,8
1738598400000,2025-02-03T16:00:00+00:00,0.00004845,8
1738627200000,2025-02-04T00:00:00+00:00,0.00002612,8
1738656000001,2025-02-04T08:00:00.001000+00:00,0.00006800,8
1738684800000,2025-02-04T16:00:00+00:00,0.00004138,8
1738713600001,2025-02-05T00:00:00.001000+00:00,-0.00000461,8
1738742400001,2025-02-05T08:00:00.001000+00:00,0.00004774,8
1738771200000,2025-02-05T16:00:00+00:00,0.00001610,8
1738800000001,2025-02-06T00:00:00.001000+00:00,0.00002186,8
1738828800001,2025-02-06T08:00:00.001000+00:00,-0.00000238,8
1738857600000,2025-02-06T16:00:00+00:00,0.00005903,8
1738886400000,2025-02-07T00:00:00+00:00,0.00007983,8
1738915200000,2025-02-07T08:00:00+00:00,0.00006989,8
1738944000000,2025-02-07T16:00:00+00:00,0.00005167,8
1738972800000,2025-02-08T00:00:00+00:00,-0.00004100,8
1739001600000,2025-02-08T08:00:00+00:00,0.00001137,8
1739030400000,2025-02-08T16:00:00+00:00,0.00000324,8
1739059200000,2025-02-09T00:00:00+00:00,0.00003873,8
1739088000000,2025-02-09T08:00:00+00:00,0.00009600,8
1739116800000,2025-02-09T16:00:00+00:00,0.00002839,8
1739145600000,2025-02-10T00:00:00+00:00,0.00001802,8
1739174400000,2025-02-10T08:00:00+00:00,0.00009176,8
1739203200000,2025-02-10T16:00:00+00:00,0.00007457,8
1739232000000,2025-02-11T00:00:00+00:00,0.00004218,8
1739260800000,2025-02-11T08:00:00+00:00,0.00007090,8
1739289600000,2025-02-11T16:00:00+00:00,-0.00002446,8
1739318400000,2025-02-12T00:00:00+00:00,0.00001298,8
1739347200000,2025-02-12T08:00:00+00:00,0.00004899,8
1739376000001,2025-02-12T16:00:00.001000+00:00,0.00004960,8
1739404800001,2025-02-13T00:00:00.001000+00:00,0.00010000,8
1739433600000,2025-02-13T08:00:00+00:00,0.00004117,8
1739462400001,2025-02-13T16:00:00.001000+00:00,0.00000805,8
1739491200000,2025-02-14T00:00:00+00:00,0.00004100,8
1739520000001,2025-02-14T08:00:00.001000+00:00,0.00005510,8
1739548800000,2025-02-14T16:00:00+00:00,0.00007093,8
1739577600000,2025-02-15T00:00:00+00:00,5.5E-7,8
1739606400000,2025-02-15T08:00:00+00:00,0.00003297,8
1739635200000,2025-02-15T16:00:00+00:00,0.00003735,8
1739664000000,2025-02-16T00:00:00+00:00,0.00003390,8
1739692800000,2025-02-16T08:00:00+00:00,0.00000182,8
1739721600000,2025-02-16T16:00:00+00:00,0.00003799,8
1739750400000,2025-02-17T00:00:00+00:00,0.00006239,8
1739779200000,2025-02-17T08:00:00+00:00,0.00006397,8
1739808000000,2025-02-17T16:00:00+00:00,0.00002009,8
1739836800000,2025-02-18T00:00:00+00:00,0.00009488,8
1739865600000,2025-02-18T08:00:00+00:00,0.00010000,8
1739894400000,2025-02-18T16:00:00+00:00,0.00010000,8
1739923200000,2025-02-19T00:00:00+00:00,0.00007007,8
1739952000000,2025-02-19T08:00:00+00:00,0.00007779,8
1739980800000,2025-02-19T16:00:00+00:00,0.00008960,8
1740009600000,2025-02-20T00:00:00+00:00,0.00002420,8
1740038400000,2025-02-20T08:00:00+00:00,0.00003269,8
1740067200000,2025-02-20T16:00:00+00:00,0.00007346,8
1740096000001,2025-02-21T00:00:00.001000+00:00,0.00000123,8
1740124800000,2025-02-21T08:00:00+00:00,0.00002286,8
1740153600000,2025-02-21T16:00:00+00:00,-9.7E-7,8
1740182400000,2025-02-22T00:00:00+00:00,0.00010000,8
1740211200000,2025-02-22T08:00:00+00:00,0.00006466,8
1740240000000,2025-02-22T16:00:00+00:00,0.00002318,8
1740268800000,2025-02-23T00:00:00+00:00,0.00004112,8
1740297600000,2025-02-23T08:00:00+00:00,0.00003140,8
1740326400000,2025-02-23T16:00:00+00:00,0.00001478,8
1740355200000,2025-02-24T00:00:00+00:00,-0.00002970,8
1740384000000,2025-02-24T08:00:00+00:00,0.00006881,8
1740412800000,2025-02-24T16:00:00+00:00,0.00002050,8
1740441600000,2025-02-25T00:00:00+00:00,0.00010000,8
1740470400000,2025-02-25T08:00:00+00:00,0.00005245,8
1740499200000,2025-02-25T16:00:00+00:00,0.00001385,8
1740528000000,2025-02-26T00:00:00+00:00,0.00003521,8
1740556800000,2025-02-26T08:00:00+00:00,0.00006005,8
1740585600000,2025-02-26T16:00:00+00:00,0.00010000,8
1740614400001,2025-02-27T00:00:00.001000+00:00,0.00009305,8
1740643200000,2025-02-27T08:00:00+00:00,-0.00000617,8
1740672000000,2025-02-27T16:00:00+00:00,0.00009433,8
1740700800001,2025-02-28T00:00:00.001000+00:00,0.00009444,8
1740729600000,2025-02-28T08:00:00+00:00,0.00009521,8
1740758400000,2025-02-28T16:00:00+00:00,-0.00000373,8
1740787200000,2025-03-01T00:00:00+00:00,-1.4E-7,8
1740816000000,2025-03-01T08:00:00+00:00,-0.00006108,8
1740844800001,2025-03-01T16:00:00.001000+00:00,-0.00000858,8
1740873600000,2025-03-02T00:00:00+00:00,-0.00001094,8
1740902400000,2025-03-02T08:00:00+00:00,-0.00002783,8
1740931200000,2025-03-02T16:00:00+00:00,-0.00002869,8
1740960000001,2025-03-03T00:00:00.001000+00:00,-0.00005518,8
1740988800000,2025-03-03T08:00:00+00:00,0.00000791,8
1741017600000,2025-03-03T16:00:00+00:00,0.00005272,8
1741046400001,2025-03-04T00:00:00.001000+00:00,-0.00001526,8
1741075200005,2025-03-04T08:00:00.005000+00:00,-0.00000270,8
1741104000000,2025-03-04T16:00:00+00:00,0.00001306,8
1741132800000,2025-03-05T00:00:00+00:00,0.00004113,8
1741161600000,2025-03-05T08:00:00+00:00,0.00002722,8
1741190400000,2025-03-05T16:00:00+00:00,0.00005028,8
1741219200000,2025-03-06T00:00:00+00:00,0.00003538,8
1741248000001,2025-03-06T08:00:00.001000+00:00,0.00006413,8
1741276800000,2025-03-06T16:00:00+00:00,0.00006818,8
1741305600000,2025-03-07T00:00:00+00:00,-0.00000612,8
1741334400001,2025-03-07T08:00:00.001000+00:00,-0.00001539,8
1741363200000,2025-03-07T16:00:00+00:00,0.00002028,8
1741392000000,2025-03-08T00:00:00+00:00,0.00005328,8
1741420800001,2025-03-08T08:00:00.001000+00:00,0.00000373,8
1741449600001,2025-03-08T16:00:00.001000+00:00,0.00001208,8
1741478400001,2025-03-09T00:00:00.001000+00:00,-0.00002779,8
1741507200000,2025-03-09T08:00:00+00:00,0.00003218,8
1741536000000,2025-03-09T16:00:00+00:00,0.00010000,8
1741564800000,2025-03-10T00:00:00+00:00,0.00003952,8
1741593600000,2025-03-10T08:00:00+00:00,0.00001344,8
1741622400000,2025-03-10T16:00:00+00:00,0.00004037,8
1741651200000,2025-03-11T00:00:00+00:00,0.00004705,8
1741680000000,2025-03-11T08:00:00+00:00,0.00003260,8
1741708800001,2025-03-11T16:00:00.001000+00:00,0.00008746,8
1741737600000,2025-03-12T00:00:00+00:00,0.00000576,8
1741766400000,2025-03-12T08:00:00+00:00,0.00005815,8
1741795200001,2025-03-12T16:00:00.001000+00:00,0.00004013,8
1741824000000,2025-03-13T00:00:00+00:00,0.00000430,8
1741852800000,2025-03-13T08:00:00+00:00,0.00002069,8
1741881600000,2025-03-13T16:00:00+00:00,0.00003190,8
1741910400000,2025-03-14T00:00:00+00:00,0.00005386,8
1741939200000,2025-03-14T08:00:00+00:00,0.00005331,8
1741968000000,2025-03-14T16:00:00+00:00,0.00000357,8
1741996800000,2025-03-15T00:00:00+00:00,-0.00006035,8
1742025600000,2025-03-15T08:00:00+00:00,-0.00002389,8
1742054400000,2025-03-15T16:00:00+00:00,-0.00000321,8
1742083200000,2025-03-16T00:00:00+00:00,0.00000432,8
1742112000000,2025-03-16T08:00:00+00:00,0.00004236,8
1742140800000,2025-03-16T16:00:00+00:00,0.00001247,8
1742169600000,2025-03-17T00:00:00+00:00,0.00001065,8
1742198400000,2025-03-17T08:00:00+00:00,0.00008474,8
1742227200000,2025-03-17T16:00:00+00:00,0.00000859,8
1742256000000,2025-03-18T00:00:00+00:00,0.00000703,8
1742284800000,2025-03-18T08:00:00+00:00,0.00002059,8
1742313600000,2025-03-18T16:00:00+00:00,0.00003514,8
1742342400000,2025-03-19T00:00:00+00:00,0.00000200,8
1742371200000,2025-03-19T08:00:00+00:00,0.00005961,8
1742400000000,2025-03-19T16:00:00+00:00,0.00005024,8
1742428800000,2025-03-20T00:00:00+00:00,0.00001944,8
1742457600000,2025-03-20T08:00:00+00:00,0.00003790,8
1742486400000,2025-03-20T16:00:00+00:00,0.00001086,8
1742515200000,2025-03-21T00:00:00+00:00,0.00001615,8
1742544000000,2025-03-21T08:00:00+00:00,0.00005324,8
1742572800000,2025-03-21T16:00:00+00:00,0.00002518,8
1742601600000,2025-03-22T00:00:00+00:00,0.00002836,8
1742630400004,2025-03-22T08:00:00.004000+00:00,-0.00001770,8
1742659200000,2025-03-22T16:00:00+00:00,0.00005092,8
1742688000000,2025-03-23T00:00:00+00:00,0.00002099,8
1742716800000,2025-03-23T08:00:00+00:00,-0.00000184,8
1742745600000,2025-03-23T16:00:00+00:00,0.00004020,8
1742774400000,2025-03-24T00:00:00+00:00,0.00002039,8
1742803200000,2025-03-24T08:00:00+00:00,0.00005512,8
1742832000000,2025-03-24T16:00:00+00:00,-0.00003422,8
1742860800001,2025-03-25T00:00:00.001000+00:00,-0.00000247,8
1742889600000,2025-03-25T08:00:00+00:00,0.00001150,8
1742918400000,2025-03-25T16:00:00+00:00,-0.00003776,8
1742947200000,2025-03-26T00:00:00+00:00,-0.00002990,8
1742976000000,2025-03-26T08:00:00+00:00,0.00001659,8
1743004800001,2025-03-26T16:00:00.001000+00:00,-0.00003082,8
1743033600001,2025-03-27T00:00:00.001000+00:00,0.00003136,8
1743062400001,2025-03-27T08:00:00.001000+00:00,0.00005512,8
1743091200002,2025-03-27T16:00:00.002000+00:00,-0.00003760,8
1743120000001,2025-03-28T00:00:00.001000+00:00,0.00001584,8
1743148800001,2025-03-28T08:00:00.001000+00:00,-0.00000457,8
1743177600000,2025-03-28T16:00:00+00:00,0.00008118,8
1743206400000,2025-03-29T00:00:00+00:00,0.00005364,8
1743235200000,2025-03-29T08:00:00+00:00,0.00008214,8
1743264000000,2025-03-29T16:00:00+00:00,0.00002530,8
1743292800000,2025-03-30T00:00:00+00:00,0.00000341,8
1743321600000,2025-03-30T08:00:00+00:00,0.00000427,8
1743350400000,2025-03-30T16:00:00+00:00,0.00004588,8
1743379200000,2025-03-31T00:00:00+00:00,0.00002643,8
1743408000000,2025-03-31T08:00:00+00:00,0.00006020,8
1743436800000,2025-03-31T16:00:00+00:00,0.00001845,8
1743465600000,2025-04-01T00:00:00+00:00,0.00003961,8
1743494400001,2025-04-01T08:00:00.001000+00:00,0.00002889,8
1743523200000,2025-04-01T16:00:00+00:00,0.00003573,8
1743552000001,2025-04-02T00:00:00.001000+00:00,-0.00002112,8
1743580800000,2025-04-02T08:00:00+00:00,0.00003036,8
1743609600000,2025-04-02T16:00:00+00:00,0.00000733,8
1743638400000,2025-04-03T00:00:00+00:00,0.00005862,8
1743667200000,2025-04-03T08:00:00+00:00,0.00005038,8
1743696000000,2025-04-03T16:00:00+00:00,0.00006484,8
1743724800000,2025-04-04T00:00:00+00:00,0.00004283,8
1743753600000,2025-04-04T08:00:00+00:00,0.00004736,8
1743782400000,2025-04-04T16:00:00+00:00,0.00008038,8
1743811200000,2025-04-05T00:00:00+00:00,0.00008559,8
1743840000000,2025-04-05T08:00:00+00:00,0.00007437,8
1743868800000,2025-04-05T16:00:00+00:00,0.00000408,8
1743897600000,2025-04-06T00:00:00+00:00,0.00000221,8
1743926400000,2025-04-06T08:00:00+00:00,0.00005363,8
1743955200002,2025-04-06T16:00:00.002000+00:00,-0.00000603,8
1743984000000,2025-04-07T00:00:00+00:00,0.00004946,8
1744012800000,2025-04-07T08:00:00+00:00,0.00006857,8
1744041600000,2025-04-07T16:00:00+00:00,0.00004998,8
1744070400000,2025-04-08T00:00:00+00:00,0.00004074,8
1744099200000,2025-04-08T08:00:00+00:00,0.00003575,8
1744128000000,2025-04-08T16:00:00+00:00,0.00003134,8
1744156800000,2025-04-09T00:00:00+00:00,0.00009568,8
1744185600001,2025-04-09T08:00:00.001000+00:00,-0.00002252,8
1744214400000,2025-04-09T16:00:00+00:00,0.00006856,8
1744243200000,2025-04-10T00:00:00+00:00,0.00007705,8
1744272000000,2025-04-10T08:00:00+00:00,0.00000114,8
1744300800000,2025-04-10T16:00:00+00:00,0.00006775,8
1744329600001,2025-04-11T00:00:00.001000+00:00,0.00002065,8
1744358400000,2025-04-11T08:00:00+00:00,-0.00004294,8
1744387200000,2025-04-11T16:00:00+00:00,0.00003290,8
1744416000000,2025-04-12T00:00:00+00:00,0.00003654,8
1744444800001,2025-04-12T08:00:00.001000+00:00,0.00005640,8
1744473600000,2025-04-12T16:00:00+00:00,0.00005388,8
1744502400000,2025-04-13T00:00:00+00:00,0.00005057,8
1744531200000,2025-04-13T08:00:00+00:00,0.00008429,8
1744560000000,2025-04-13T16:00:00+00:00,0.00009642,8
1744588800000,2025-04-14T00:00:00+00:00,0.00008113,8
1744617600000,2025-04-14T08:00:00+00:00,0.00007127,8
1744646400000,2025-04-14T16:00:00+00:00,0.00002428,8
1744675200000,2025-04-15T00:00:00+00:00,-0.00002073,8
1744704000000,2025-04-15T08:00:00+00:00,0.00006606,8
1744732800001,2025-04-15T16:00:00.001000+00:00,0.00001883,8
1744761600000,2025-04-16T00:00:00+00:00,0.00002428,8
1744790400000,2025-04-16T08:00:00+00:00,0.00006917,8
1744819200000,2025-04-16T16:00:00+00:00,0.00001978,8
1744848000001,2025-04-17T00:00:00.001000+00:00,0.00001404,8
1744876800000,2025-04-17T08:00:00+00:00,0.00005679,8
1744905600001,2025-04-17T16:00:00.001000+00:00,0.00003425,8
1744934400000,2025-04-18T00:00:00+00:00,0.00001788,8
1744963200000,2025-04-18T08:00:00+00:00,0.00007071,8
1744992000000,2025-04-18T16:00:00+00:00,0.00002995,8
1745020800000,2025-04-19T00:00:00+00:00,0.00002930,8
1745049600000,2025-04-19T08:00:00+00:00,0.00006024,8
1745078400000,2025-04-19T16:00:00+00:00,-0.00001953,8
1745107200000,2025-04-20T00:00:00+00:00,-0.00000298,8
1745136000000,2025-04-20T08:00:00+00:00,-0.00001078,8
1745164800000,2025-04-20T16:00:00+00:00,-0.00002258,8
1745193600000,2025-04-21T00:00:00+00:00,0.00005232,8
1745222400005,2025-04-21T08:00:00.005000+00:00,0.00005403,8
1745251200003,2025-04-21T16:00:00.003000+00:00,0.00001553,8
1745280000008,2025-04-22T00:00:00.008000+00:00,0.00007749,8
1745308800000,2025-04-22T08:00:00+00:00,-0.00000744,8
1745337600000,2025-04-22T16:00:00+00:00,-0.00007045,8
1745366400000,2025-04-23T00:00:00+00:00,-0.00001389,8
1745395200002,2025-04-23T08:00:00.002000+00:00,0.00001374,8
1745424000000,2025-04-23T16:00:00+00:00,0.00004587,8
1745452800000,2025-04-24T00:00:00+00:00,-0.00002671,8
1745481600001,2025-04-24T08:00:00.001000+00:00,0.00005210,8
1745510400001,2025-04-24T16:00:00.001000+00:00,-0.00002165,8
1745539200007,2025-04-25T00:00:00.007000+00:00,-0.00001764,8
1745568000002,2025-04-25T08:00:00.002000+00:00,0.00000170,8
1745596800003,2025-04-25T16:00:00.003000+00:00,0.00000120,8
1745625600002,2025-04-26T00:00:00.002000+00:00,-0.00010085,8
1745654400000,2025-04-26T08:00:00+00:00,-0.00002774,8
1745683200002,2025-04-26T16:00:00.002000+00:00,0.00002855,8
1745712000001,2025-04-27T00:00:00.001000+00:00,-0.00001500,8
1745740800000,2025-04-27T08:00:00+00:00,-0.00000660,8
1745769600000,2025-04-27T16:00:00+00:00,-0.00000421,8
1745798400001,2025-04-28T00:00:00.001000+00:00,0.00000373,8
1745827200003,2025-04-28T08:00:00.003000+00:00,0.00000246,8
1745856000005,2025-04-28T16:00:00.005000+00:00,-0.00005821,8
1745884800000,2025-04-29T00:00:00+00:00,-0.00000773,8
1745913600000,2025-04-29T08:00:00+00:00,0.00000413,8
1745942400010,2025-04-29T16:00:00.010000+00:00,0.00001305,8
1745971200001,2025-04-30T00:00:00.001000+00:00,-0.00005181,8
1746000000000,2025-04-30T08:00:00+00:00,0.00002939,8
1746028800003,2025-04-30T16:00:00.003000+00:00,-0.00003797,8
1746057600000,2025-05-01T00:00:00+00:00,0.00003519,8
1746086400000,2025-05-01T08:00:00+00:00,0.00005755,8
1746115200001,2025-05-01T16:00:00.001000+00:00,-0.00008028,8
1746144000000,2025-05-02T00:00:00+00:00,-0.00012232,8
1746172800000,2025-05-02T08:00:00+00:00,-0.00009382,8
1746201600003,2025-05-02T16:00:00.003000+00:00,-0.00008689,8
1746230400000,2025-05-03T00:00:00+00:00,-0.00005953,8
1746259200000,2025-05-03T08:00:00+00:00,0.00003198,8
1746288000000,2025-05-03T16:00:00+00:00,-0.00001483,8
1746316800001,2025-05-04T00:00:00.001000+00:00,0.00000370,8
1746345600001,2025-05-04T08:00:00.001000+00:00,0.00003229,8
1746374400002,2025-05-04T16:00:00.002000+00:00,0.00003745,8
1746403200000,2025-05-05T00:00:00+00:00,-0.00002404,8
1746432000000,2025-05-05T08:00:00+00:00,0.00003636,8
1746460800006,2025-05-05T16:00:00.006000+00:00,-0.00002247,8
1746489600002,2025-05-06T00:00:00.002000+00:00,0.00001978,8
1746518400005,2025-05-06T08:00:00.005000+00:00,0.00004440,8
1746547200000,2025-05-06T16:00:00+00:00,0.00000757,8
1746576000002,2025-05-07T00:00:00.002000+00:00,0.00001218,8
1746604800000,2025-05-07T08:00:00+00:00,-2.5E-7,8
1746633600006,2025-05-07T16:00:00.006000+00:00,0.00001320,8
1746662400000,2025-05-08T00:00:00+00:00,0.00002318,8
1746691200001,2025-05-08T08:00:00.001000+00:00,0.00004608,8
1746720000002,2025-05-08T16:00:00.002000+00:00,0.00005728,8
1746748800001,2025-05-09T00:00:00.001000+00:00,0.00010000,8
1746777600006,2025-05-09T08:00:00.006000+00:00,0.00010000,8
1746806400000,2025-05-09T16:00:00+00:00,0.00004378,8
1746835200001,2025-05-10T00:00:00.001000+00:00,0.00009657,8
1746864000000,2025-05-10T08:00:00+00:00,0.00010000,8
1746892800001,2025-05-10T16:00:00.001000+00:00,0.00004257,8
1746921600000,2025-05-11T00:00:00+00:00,0.00010000,8
1746950400001,2025-05-11T08:00:00.001000+00:00,0.00004150,8
1746979200001,2025-05-11T16:00:00.001000+00:00,0.00010000,8
1747008000004,2025-05-12T00:00:00.004000+00:00,0.00004454,8
1747036800000,2025-05-12T08:00:00+00:00,0.00010000,8
1747065600000,2025-05-12T16:00:00+00:00,0.00002301,8
1747094400000,2025-05-13T00:00:00+00:00,0.00006847,8
1747123200008,2025-05-13T08:00:00.008000+00:00,0.00010000,8
1747152000001,2025-05-13T16:00:00.001000+00:00,0.00007256,8
1747180800007,2025-05-14T00:00:00.007000+00:00,0.00009921,8
1747209600000,2025-05-14T08:00:00+00:00,0.00007542,8
1747238400002,2025-05-14T16:00:00.002000+00:00,0.00003175,8
1747267200000,2025-05-15T00:00:00+00:00,0.00002978,8
1747296000003,2025-05-15T08:00:00.003000+00:00,0.00005336,8
1747324800000,2025-05-15T16:00:00+00:00,0.00001439,8
1747353600001,2025-05-16T00:00:00.001000+00:00,0.00004504,8
1747382400000,2025-05-16T08:00:00+00:00,0.00007535,8
1747411200000,2025-05-16T16:00:00+00:00,0.00004768,8
1747440000000,2025-05-17T00:00:00+00:00,0.00002821,8
1747468800001,2025-05-17T08:00:00.001000+00:00,0.00003340,8
1747497600004,2025-05-17T16:00:00.004000+00:00,0.00000597,8
1747526400000,2025-05-18T00:00:00+00:00,0.00006742,8
1747555200000,2025-05-18T08:00:00+00:00,0.00005903,8
1747584000000,2025-05-18T16:00:00+00:00,0.00010000,8
1747612800000,2025-05-19T00:00:00+00:00,0.00005990,8
1747641600006,2025-05-19T08:00:00.006000+00:00,0.00006040,8
1747670400010,2025-05-19T16:00:00.010000+00:00,0.00002110,8
1747699200000,2025-05-20T00:00:00+00:00,0.00008378,8
1747728000002,2025-05-20T08:00:00.002000+00:00,0.00007107,8
1747756800000,2025-05-20T16:00:00+00:00,0.00001266,8
1747785600000,2025-05-21T00:00:00+00:00,0.00008767,8
1747814400001,2025-05-21T08:00:00.001000+00:00,0.00007147,8
1747843200004,2025-05-21T16:00:00.004000+00:00,0.00005119,8
1747872000001,2025-05-22T00:00:00.001000+00:00,0.00010000,8
1747900800000,2025-05-22T08:00:00+00:00,0.00010000,8
1747929600002,2025-05-22T16:00:00.002000+00:00,0.00010000,8
1747958400006,2025-05-23T00:00:00.006000+00:00,0.00009321,8
1747987200000,2025-05-23T08:00:00+00:00,0.00007261,8
1748016000007,2025-05-23T16:00:00.007000+00:00,0.00008614,8
1748044800010,2025-05-24T00:00:00.010000+00:00,0.00003524,8
1748073600000,2025-05-24T08:00:00+00:00,0.00004590,8
1748102400003,2025-05-24T16:00:00.003000+00:00,0.00007837,8
1748131200004,2025-05-25T00:00:00.004000+00:00,0.00009794,8
1748160000000,2025-05-25T08:00:00+00:00,0.00005113,8
1748188800000,2025-05-25T16:00:00+00:00,0.00003651,8
1748217600000,2025-05-26T00:00:00+00:00,0.00007331,8
1748246400000,2025-05-26T08:00:00+00:00,0.00010000,8
1748275200002,2025-05-26T16:00:00.002000+00:00,0.00009782,8
1748304000003,2025-05-27T00:00:00.003000+00:00,0.00007650,8
1748332800001,2025-05-27T08:00:00.001000+00:00,0.00007266,8
1748361600005,2025-05-27T16:00:00.005000+00:00,0.00002476,8
1748390400002,2025-05-28T00:00:00.002000+00:00,0.00003260,8
1748419200003,2025-05-28T08:00:00.003000+00:00,0.00002164,8
1748448000002,2025-05-28T16:00:00.002000+00:00,0.00005368,8
1748476800000,2025-05-29T00:00:00+00:00,0.00003186,8
1748505600006,2025-05-29T08:00:00.006000+00:00,0.00002812,8
1748534400000,2025-05-29T16:00:00+00:00,0.00008379,8
1748563200003,2025-05-30T00:00:00.003000+00:00,0.00002622,8
1748592000003,2025-05-30T08:00:00.003000+00:00,0.00003849,8
1748620800000,2025-05-30T16:00:00+00:00,0.00007392,8
1748649600000,2025-05-31T00:00:00+00:00,0.00008506,8
1748678400000,2025-05-31T08:00:00+00:00,0.00007552,8
1748707200000,2025-05-31T16:00:00+00:00,0.00004687,8
1748736000001,2025-06-01T00:00:00.001000+00:00,-0.00000582,8
1748764800002,2025-06-01T08:00:00.002000+00:00,0.00002335,8
1748793600000,2025-06-01T16:00:00+00:00,0.00004117,8
1748822400001,2025-06-02T00:00:00.001000+00:00,-0.00000642,8
1748851200000,2025-06-02T08:00:00+00:00,0.00005593,8
1748880000000,2025-06-02T16:00:00+00:00,0.00004467,8
1748908800000,2025-06-03T00:00:00+00:00,0.00005005,8
1748937600000,2025-06-03T08:00:00+00:00,0.00006066,8
1748966400001,2025-06-03T16:00:00.001000+00:00,0.00004456,8
1748995200000,2025-06-04T00:00:00+00:00,-1.1E-7,8
1749024000000,2025-06-04T08:00:00+00:00,0.00002611,8
1749052800000,2025-06-04T16:00:00+00:00,0.00000962,8
1749081600016,2025-06-05T00:00:00.016000+00:00,7.4E-7,8
1749110400000,2025-06-05T08:00:00+00:00,0.00002871,8
1749139200000,2025-06-05T16:00:00+00:00,0.00005156,8
1749168000002,2025-06-06T00:00:00.002000+00:00,-0.00003491,8
1749196800000,2025-06-06T08:00:00+00:00,-0.00003030,8
1749225600006,2025-06-06T16:00:00.006000+00:00,-0.00002995,8
1749254400000,2025-06-07T00:00:00+00:00,-0.00002890,8
1749283200000,2025-06-07T08:00:00+00:00,-0.00003158,8
1749312000002,2025-06-07T16:00:00.002000+00:00,0.00000294,8
1749340800000,2025-06-08T00:00:00+00:00,0.00004808,8
1749369600000,2025-06-08T08:00:00+00:00,0.00005613,8
1749398400000,2025-06-08T16:00:00+00:00,-0.00003602,8
1749427200000,2025-06-09T00:00:00+00:00,-0.00002164,8
1749456000001,2025-06-09T08:00:00.001000+00:00,0.00004024,8
1749484800001,2025-06-09T16:00:00.001000+00:00,0.00003057,8
1749513600000,2025-06-10T00:00:00+00:00,0.00006374,8
1749542400001,2025-06-10T08:00:00.001000+00:00,0.00010000,8
1749571200003,2025-06-10T16:00:00.003000+00:00,0.00008165,8
1749600000000,2025-06-11T00:00:00+00:00,0.00008779,8
1749628800000,2025-06-11T08:00:00+00:00,0.00008390,8
1749657600010,2025-06-11T16:00:00.010000+00:00,0.00005039,8
1749686400002,2025-06-12T00:00:00.002000+00:00,0.00001856,8
1749715200003,2025-06-12T08:00:00.003000+00:00,0.00007247,8
1749744000001,2025-06-12T16:00:00.001000+00:00,0.00001198,8
1749772800000,2025-06-13T00:00:00+00:00,-0.00001801,8
1749801600001,2025-06-13T08:00:00.001000+00:00,-0.00000270,8
1749830400004,2025-06-13T16:00:00.004000+00:00,0.00003857,8
1749859200000,2025-06-14T00:00:00+00:00,0.00001958,8
1749888000000,2025-06-14T08:00:00+00:00,0.00003858,8
1749916800000,2025-06-14T16:00:00+00:00,0.00001135,8
1749945600005,2025-06-15T00:00:00.005000+00:00,-0.00003641,8
1749974400009,2025-06-15T08:00:00.009000+00:00,0.00001439,8
1750003200000,2025-06-15T16:00:00+00:00,0.00007369,8
1750032000000,2025-06-16T00:00:00+00:00,0.00000936,8
1750060800000,2025-06-16T08:00:00+00:00,0.00005070,8
1750089600003,2025-06-16T16:00:00.003000+00:00,0.00002793,8
1750118400000,2025-06-17T00:00:00+00:00,0.00001847,8
1750147200006,2025-06-17T08:00:00.006000+00:00,0.00005776,8
1750176000001,2025-06-17T16:00:00.001000+00:00,0.00002211,8
1750204800001,2025-06-18T00:00:00.001000+00:00,-0.00001752,8
1750233600001,2025-06-18T08:00:00.001000+00:00,0.00003695,8
1750262400001,2025-06-18T16:00:00.001000+00:00,0.00006692,8
1750291200005,2025-06-19T00:00:00.005000+00:00,0.00000845,8
1750320000003,2025-06-19T08:00:00.003000+00:00,0.00000616,8
1750348800000,2025-06-19T16:00:00+00:00,0.00002396,8
1750377600000,2025-06-20T00:00:00+00:00,0.00003565,8
1750406400002,2025-06-20T08:00:00.002000+00:00,0.00007862,8
1750435200001,2025-06-20T16:00:00.001000+00:00,0.00002400,8
1750464000002,2025-06-21T00:00:00.002000+00:00,0.00003977,8
1750492800005,2025-06-21T08:00:00.005000+00:00,0.00001933,8
1750521600000,2025-06-21T16:00:00+00:00,0.00007440,8
1750550400005,2025-06-22T00:00:00.005000+00:00,0.00002883,8
1750579200000,2025-06-22T08:00:00+00:00,0.00010000,8
1750608000003,2025-06-22T16:00:00.003000+00:00,0.00004145,8
1750636800000,2025-06-23T00:00:00+00:00,-0.00001061,8
1750665600004,2025-06-23T08:00:00.004000+00:00,-0.00002809,8
1750694400013,2025-06-23T16:00:00.013000+00:00,0.00004889,8
1750723200003,2025-06-24T00:00:00.003000+00:00,0.00001245,8
1750752000000,2025-06-24T08:00:00+00:00,0.00001218,8
1750780800000,2025-06-24T16:00:00+00:00,0.00000447,8
1750809600005,2025-06-25T00:00:00.005000+00:00,-0.00003174,8
1750838400000,2025-06-25T08:00:00+00:00,0.00002747,8
1750867200005,2025-06-25T16:00:00.005000+00:00,0.00000962,8
1750896000000,2025-06-26T00:00:00+00:00,0.00000141,8
1750924800006,2025-06-26T08:00:00.006000+00:00,0.00003805,8
1750953600007,2025-06-26T16:00:00.007000+00:00,0.00000682,8
1750982400000,2025-06-27T00:00:00+00:00,0.00001113,8
1751011200000,2025-06-27T08:00:00+00:00,0.00002663,8
1751040000009,2025-06-27T16:00:00.009000+00:00,0.00002557,8
1751068800001,2025-06-28T00:00:00.001000+00:00,-0.00001161,8
1751097600002,2025-06-28T08:00:00.002000+00:00,0.00006053,8
1751126400000,2025-06-28T16:00:00+00:00,0.00004434,8
1751155200004,2025-06-29T00:00:00.004000+00:00,0.00001250,8
1751184000001,2025-06-29T08:00:00.001000+00:00,0.00005360,8
1751212800001,2025-06-29T16:00:00.001000+00:00,0.00010000,8
1751241600000,2025-06-30T00:00:00+00:00,0.00001084,8
1751270400005,2025-06-30T08:00:00.005000+00:00,0.00002959,8
1751299200002,2025-06-30T16:00:00.002000+00:00,0.00004923,8
1751328000007,2025-07-01T00:00:00.007000+00:00,0.00001053,8
1751356800002,2025-07-01T08:00:00.002000+00:00,0.00004334,8
1751385600000,2025-07-01T16:00:00+00:00,0.00001109,8
1751414400001,2025-07-02T00:00:00.001000+00:00,0.00001807,8
1751443200000,2025-07-02T08:00:00+00:00,0.00003403,8
1751472000003,2025-07-02T16:00:00.003000+00:00,0.00004130,8
1751500800006,2025-07-03T00:00:00.006000+00:00,0.00004871,8
1751529600003,2025-07-03T08:00:00.003000+00:00,0.00003562,8
1751558400003,2025-07-03T16:00:00.003000+00:00,0.00005028,8
1751587200005,2025-07-04T00:00:00.005000+00:00,0.00005230,8
1751616000003,2025-07-04T08:00:00.003000+00:00,0.00005009,8
1751644800001,2025-07-04T16:00:00.001000+00:00,0.00001797,8
1751673600004,2025-07-05T00:00:00.004000+00:00,0.00001066,8
1751702400009,2025-07-05T08:00:00.009000+00:00,0.00003055,8
1751731200006,2025-07-05T16:00:00.006000+00:00,0.00004005,8
1751760000001,2025-07-06T00:00:00.001000+00:00,0.00001941,8
1751788800002,2025-07-06T08:00:00.002000+00:00,0.00001665,8
1751817600004,2025-07-06T16:00:00.004000+00:00,0.00001028,8
1751846400000,2025-07-07T00:00:00+00:00,0.00002360,8
1751875200007,2025-07-07T08:00:00.007000+00:00,0.00003438,8
1751904000000,2025-07-07T16:00:00+00:00,0.00004271,8
1751932800010,2025-07-08T00:00:00.010000+00:00,0.00001073,8
1751961600003,2025-07-08T08:00:00.003000+00:00,0.00004563,8
1751990400000,2025-07-08T16:00:00+00:00,0.00003601,8
1752019200002,2025-07-09T00:00:00.002000+00:00,0.00003093,8
1752048000006,2025-07-09T08:00:00.006000+00:00,0.00003396,8
1752076800001,2025-07-09T16:00:00.001000+00:00,0.00004253,8
1752105600003,2025-07-10T00:00:00.003000+00:00,0.00010000,8
1752134400000,2025-07-10T08:00:00+00:00,0.00008523,8
1752163200004,2025-07-10T16:00:00.004000+00:00,0.00001908,8
1752192000004,2025-07-11T00:00:00.004000+00:00,0.00010000,8
1752220800007,2025-07-11T08:00:00.007000+00:00,0.00010000,8
1752249600001,2025-07-11T16:00:00.001000+00:00,0.00010000,8
1752278400000,2025-07-12T00:00:00+00:00,0.00010000,8
1752307200001,2025-07-12T08:00:00.001000+00:00,0.00010000,8
1752336000002,2025-07-12T16:00:00.002000+00:00,0.00010000,8
1752364800006,2025-07-13T00:00:00.006000+00:00,0.00010000,8
1752393600001,2025-07-13T08:00:00.001000+00:00,0.00010000,8
1752422400003,2025-07-13T16:00:00.003000+00:00,0.00010000,8
1752451200000,2025-07-14T00:00:00+00:00,0.00008051,8
1752480000000,2025-07-14T08:00:00+00:00,0.00010000,8
1752508800000,2025-07-14T16:00:00+00:00,0.00010000,8
1752537600002,2025-07-15T00:00:00.002000+00:00,0.00010000,8
1752566400000,2025-07-15T08:00:00+00:00,0.00010000,8
1752595200000,2025-07-15T16:00:00+00:00,0.00010000,8
1752624000000,2025-07-16T00:00:00+00:00,0.00010000,8
1752652800000,2025-07-16T08:00:00+00:00,0.00010000,8
1752681600008,2025-07-16T16:00:00.008000+00:00,0.00010000,8
1752710400003,2025-07-17T00:00:00.003000+00:00,0.00010000,8
1752739200000,2025-07-17T08:00:00+00:00,0.00010000,8
1752768000000,2025-07-17T16:00:00+00:00,0.00010000,8
1752796800004,2025-07-18T00:00:00.004000+00:00,0.00010000,8
1752825600000,2025-07-18T08:00:00+00:00,0.00010000,8
1752854400000,2025-07-18T16:00:00+00:00,0.00010000,8
1752883200009,2025-07-19T00:00:00.009000+00:00,0.00010000,8
1752912000000,2025-07-19T08:00:00+00:00,0.00010000,8
1752940800002,2025-07-19T16:00:00.002000+00:00,0.00010000,8
1752969600000,2025-07-20T00:00:00+00:00,0.00010000,8
1752998400000,2025-07-20T08:00:00+00:00,0.00010000,8
1753027200000,2025-07-20T16:00:00+00:00,0.00010000,8
1753056000001,2025-07-21T00:00:00.001000+00:00,0.00010000,8
1753084800000,2025-07-21T08:00:00+00:00,0.00010000,8
1753113600001,2025-07-21T16:00:00.001000+00:00,0.00010000,8
1753142400000,2025-07-22T00:00:00+00:00,0.00010000,8
1753171200010,2025-07-22T08:00:00.010000+00:00,0.00010000,8
1753200000007,2025-07-22T16:00:00.007000+00:00,0.00010000,8
1753228800000,2025-07-23T00:00:00+00:00,0.00010000,8
1753257600004,2025-07-23T08:00:00.004000+00:00,0.00010000,8
1753286400002,2025-07-23T16:00:00.002000+00:00,0.00010000,8
1753315200000,2025-07-24T00:00:00+00:00,0.00010000,8
1753344000001,2025-07-24T08:00:00.001000+00:00,0.00010000,8
1753372800000,2025-07-24T16:00:00+00:00,0.00010000,8
1753401600000,2025-07-25T00:00:00+00:00,0.00010000,8
1753430400000,2025-07-25T08:00:00+00:00,0.00010000,8
1753459200000,2025-07-25T16:00:00+00:00,0.00010000,8
1753488000001,2025-07-26T00:00:00.001000+00:00,0.00010000,8
1753516800005,2025-07-26T08:00:00.005000+00:00,0.00010000,8
1753545600001,2025-07-26T16:00:00.001000+00:00,0.00010000,8
1753574400001,2025-07-27T00:00:00.001000+00:00,0.00010000,8
1753603200000,2025-07-27T08:00:00+00:00,0.00010000,8
1753632000008,2025-07-27T16:00:00.008000+00:00,0.00010000,8
1753660800005,2025-07-28T00:00:00.005000+00:00,0.00010000,8
1753689600000,2025-07-28T08:00:00+00:00,0.00010000,8
1753718400000,2025-07-28T16:00:00+00:00,0.00010000,8
1753747200001,2025-07-29T00:00:00.001000+00:00,0.00010000,8
1753776000000,2025-07-29T08:00:00+00:00,0.00010000,8
1753804800000,2025-07-29T16:00:00+00:00,0.00010000,8
1753833600011,2025-07-30T00:00:00.011000+00:00,0.00010000,8
1753862400000,2025-07-30T08:00:00+00:00,0.00010000,8
1753891200008,2025-07-30T16:00:00.008000+00:00,0.00010000,8
1753920000000,2025-07-31T00:00:00+00:00,0.00005694,8
1753948800009,2025-07-31T08:00:00.009000+00:00,0.00010000,8
1753977600000,2025-07-31T16:00:00+00:00,0.00010000,8
1754006400001,2025-08-01T00:00:00.001000+00:00,-0.00001408,8
1754035200003,2025-08-01T08:00:00.003000+00:00,0.00001549,8
1754064000000,2025-08-01T16:00:00+00:00,0.00005681,8
1754092800004,2025-08-02T00:00:00.004000+00:00,0.00004810,8
1754121600000,2025-08-02T08:00:00+00:00,0.00000894,8
1754150400000,2025-08-02T16:00:00+00:00,0.00004437,8
1754179200000,2025-08-03T00:00:00+00:00,0.00005633,8
1754208000000,2025-08-03T08:00:00+00:00,0.00004533,8
1754236800003,2025-08-03T16:00:00.003000+00:00,0.00007504,8
1754265600004,2025-08-04T00:00:00.004000+00:00,0.00004188,8
1754294400000,2025-08-04T08:00:00+00:00,0.00005719,8
1754323200002,2025-08-04T16:00:00.002000+00:00,0.00003912,8
1754352000000,2025-08-05T00:00:00+00:00,0.00007101,8
1754380800000,2025-08-05T08:00:00+00:00,0.00008589,8
1754409600000,2025-08-05T16:00:00+00:00,0.00004784,8
1754438400005,2025-08-06T00:00:00.005000+00:00,0.00005172,8
1754467200000,2025-08-06T08:00:00+00:00,0.00009275,8
1754496000000,2025-08-06T16:00:00+00:00,0.00008288,8
1754524800003,2025-08-07T00:00:00.003000+00:00,0.00004843,8
1754553600002,2025-08-07T08:00:00.002000+00:00,0.00007574,8
1754582400002,2025-08-07T16:00:00.002000+00:00,0.00006275,8
1754611200002,2025-08-08T00:00:00.002000+00:00,0.00002403,8
1754640000004,2025-08-08T08:00:00.004000+00:00,0.00001729,8
1754668800000,2025-08-08T16:00:00+00:00,0.00007973,8
1754697600005,2025-08-09T00:00:00.005000+00:00,0.00008835,8
1754726400000,2025-08-09T08:00:00+00:00,0.00009087,8
1754755200007,2025-08-09T16:00:00.007000+00:00,0.00005151,8
1754784000003,2025-08-10T00:00:00.003000+00:00,0.00009849,8
1754812800005,2025-08-10T08:00:00.005000+00:00,0.00010000,8
1754841600002,2025-08-10T16:00:00.002000+00:00,0.00010000,8
1754870400000,2025-08-11T00:00:00+00:00,0.00010000,8
1754899200000,2025-08-11T08:00:00+00:00,0.00010000,8
1754928000000,2025-08-11T16:00:00+00:00,0.00010000,8
1754956800000,2025-08-12T00:00:00+00:00,0.00010000,8
1754985600001,2025-08-12T08:00:00.001000+00:00,0.00007988,8
1755014400005,2025-08-12T16:00:00.005000+00:00,0.00008543,8
1755043200000,2025-08-13T00:00:00+00:00,0.00007123,8
1755072000002,2025-08-13T08:00:00.002000+00:00,0.00010000,8
1755100800006,2025-08-13T16:00:00.006000+00:00,0.00010000,8
1755129600002,2025-08-14T00:00:00.002000+00:00,0.00010000,8
1755158400003,2025-08-14T08:00:00.003000+00:00,0.00010000,8
1755187200000,2025-08-14T16:00:00+00:00,0.00010000,8
1755216000000,2025-08-15T00:00:00+00:00,0.00001939,8
1755244800000,2025-08-15T08:00:00+00:00,0.00007990,8
1755273600000,2025-08-15T16:00:00+00:00,0.00003722,8
1755302400004,2025-08-16T00:00:00.004000+00:00,0.00008850,8
1755331200000,2025-08-16T08:00:00+00:00,0.00008268,8
1755360000002,2025-08-16T16:00:00.002000+00:00,0.00009023,8
1755388800000,2025-08-17T00:00:00+00:00,0.00008206,8
1755417600001,2025-08-17T08:00:00.001000+00:00,0.00004680,8
1755446400007,2025-08-17T16:00:00.007000+00:00,0.00001862,8
1755475200000,2025-08-18T00:00:00+00:00,0.00002846,8
1755504000001,2025-08-18T08:00:00.001000+00:00,-0.00000682,8
1755532800002,2025-08-18T16:00:00.002000+00:00,0.00005296,8
1755561600000,2025-08-19T00:00:00+00:00,0.00007137,8
1755590400001,2025-08-19T08:00:00.001000+00:00,0.00006262,8
1755619200000,2025-08-19T16:00:00+00:00,0.00003167,8
1755648000000,2025-08-20T00:00:00+00:00,0.00004543,8
1755676800000,2025-08-20T08:00:00+00:00,0.00001364,8
1755705600000,2025-08-20T16:00:00+00:00,0.00004936,8
1755734400006,2025-08-21T00:00:00.006000+00:00,0.00001143,8
1755763200000,2025-08-21T08:00:00+00:00,0.00007757,8
1755792000003,2025-08-21T16:00:00.003000+00:00,0.00007414,8
1755820800010,2025-08-22T00:00:00.010000+00:00,0.00007296,8
1755849600007,2025-08-22T08:00:00.007000+00:00,0.00010000,8
1755878400001,2025-08-22T16:00:00.001000+00:00,0.00005867,8
1755907200004,2025-08-23T00:00:00.004000+00:00,0.00010000,8
1755936000006,2025-08-23T08:00:00.006000+00:00,0.00010000,8
1755964800000,2025-08-23T16:00:00+00:00,0.00009711,8
1755993600001,2025-08-24T00:00:00.001000+00:00,0.00010000,8
1756022400002,2025-08-24T08:00:00.002000+00:00,0.00010000,8
1756051200001,2025-08-24T16:00:00.001000+00:00,0.00010000,8
1756080000000,2025-08-25T00:00:00+00:00,0.00010000,8
1756108800002,2025-08-25T08:00:00.002000+00:00,0.00010000,8
1756137600002,2025-08-25T16:00:00.002000+00:00,0.00008344,8
1756166400000,2025-08-26T00:00:00+00:00,0.00004522,8
1756195200000,2025-08-26T08:00:00+00:00,0.00003900,8
1756224000000,2025-08-26T16:00:00+00:00,0.00010000,8
1756252800003,2025-08-27T00:00:00.003000+00:00,0.00001802,8
1756281600000,2025-08-27T08:00:00+00:00,0.00005503,8
1756310400009,2025-08-27T16:00:00.009000+00:00,0.00003496,8
1756339200000,2025-08-28T00:00:00+00:00,0.00005297,8
1756368000005,2025-08-28T08:00:00.005000+00:00,0.00009693,8
1756396800004,2025-08-28T16:00:00.004000+00:00,0.00007512,8
1756425600000,2025-08-29T00:00:00+00:00,0.00004261,8
1756454400000,2025-08-29T08:00:00+00:00,0.00005856,8
1756483200005,2025-08-29T16:00:00.005000+00:00,0.00000644,8
1756512000000,2025-08-30T00:00:00+00:00,0.00007523,8
1756540800002,2025-08-30T08:00:00.002000+00:00,0.00007979,8
1756569600003,2025-08-30T16:00:00.003000+00:00,0.00008042,8
1756598400016,2025-08-31T00:00:00.016000+00:00,-0.00001232,8
1756627200000,2025-08-31T08:00:00+00:00,0.00004749,8
1756656000001,2025-08-31T16:00:00.001000+00:00,0.00010000,8
1756684800000,2025-09-01T00:00:00+00:00,0.00004660,8
1756713600000,2025-09-01T08:00:00+00:00,0.00010000,8
1756742400001,2025-09-01T16:00:00.001000+00:00,0.00004963,8
1756771200000,2025-09-02T00:00:00+00:00,0.00006946,8
1756800000005,2025-09-02T08:00:00.005000+00:00,0.00008805,8
1756828800007,2025-09-02T16:00:00.007000+00:00,0.00006356,8
1756857600006,2025-09-03T00:00:00.006000+00:00,0.00000767,8
1756886400002,2025-09-03T08:00:00.002000+00:00,0.00005127,8
1756915200002,2025-09-03T16:00:00.002000+00:00,0.00002344,8
1756944000002,2025-09-04T00:00:00.002000+00:00,0.00001808,8
1756972800000,2025-09-04T08:00:00+00:00,0.00004385,8
1757001600000,2025-09-04T16:00:00+00:00,0.00007941,8
1757030400001,2025-09-05T00:00:00.001000+00:00,0.00007532,8
1757059200006,2025-09-05T08:00:00.006000+00:00,0.00010000,8
1757088000000,2025-09-05T16:00:00+00:00,0.00007872,8
1757116800000,2025-09-06T00:00:00+00:00,0.00001297,8
1757145600005,2025-09-06T08:00:00.005000+00:00,0.00005660,8
1757174400000,2025-09-06T16:00:00+00:00,0.00005110,8
1757203200000,2025-09-07T00:00:00+00:00,0.00001970,8
1757232000000,2025-09-07T08:00:00+00:00,0.00003611,8
1757260800000,2025-09-07T16:00:00+00:00,0.00006969,8
1757289600007,2025-09-08T00:00:00.007000+00:00,0.00009404,8
1757318400000,2025-09-08T08:00:00+00:00,0.00006682,8
1757347200000,2025-09-08T16:00:00+00:00,0.00007311,8
1757376000000,2025-09-09T00:00:00+00:00,0.00003799,8
1757404800000,2025-09-09T08:00:00+00:00,0.00010000,8
1757433600000,2025-09-09T16:00:00+00:00,0.00010000,8
1757462400000,2025-09-10T00:00:00+00:00,0.00005805,8
1757491200002,2025-09-10T08:00:00.002000+00:00,0.00005026,8
1757520000000,2025-09-10T16:00:00+00:00,0.00010000,8
1757548800000,2025-09-11T00:00:00+00:00,0.00005843,8
1757577600000,2025-09-11T08:00:00+00:00,0.00004283,8
1757606400001,2025-09-11T16:00:00.001000+00:00,0.00003326,8
1757635200002,2025-09-12T00:00:00.002000+00:00,0.00006137,8
1757664000001,2025-09-12T08:00:00.001000+00:00,0.00003768,8
1757692800005,2025-09-12T16:00:00.005000+00:00,0.00006891,8
1757721600005,2025-09-13T00:00:00.005000+00:00,-0.00001554,8
1757750400002,2025-09-13T08:00:00.002000+00:00,0.00002251,8
1757779200000,2025-09-13T16:00:00+00:00,0.00003137,8
1757808000006,2025-09-14T00:00:00.006000+00:00,0.00008182,8
1757836800000,2025-09-14T08:00:00+00:00,0.00004780,8
1757865600001,2025-09-14T16:00:00.001000+00:00,0.00003115,8
1757894400006,2025-09-15T00:00:00.006000+00:00,0.00006207,8
1757923200002,2025-09-15T08:00:00.002000+00:00,0.00008259,8
1757952000001,2025-09-15T16:00:00.001000+00:00,0.00008189,8
1757980800001,2025-09-16T00:00:00.001000+00:00,0.00000997,8
1758009600000,2025-09-16T08:00:00+00:00,0.00006991,8
1758038400000,2025-09-16T16:00:00+00:00,0.00006472,8
1758067200001,2025-09-17T00:00:00.001000+00:00,0.00006972,8
1758096000000,2025-09-17T08:00:00+00:00,0.00008441,8
1758124800003,2025-09-17T16:00:00.003000+00:00,0.00006303,8
1758153600006,2025-09-18T00:00:00.006000+00:00,0.00004941,8
1758182400002,2025-09-18T08:00:00.002000+00:00,0.00008928,8
1758211200000,2025-09-18T16:00:00+00:00,0.00004208,8
1758240000000,2025-09-19T00:00:00+00:00,-0.00000231,8
1758268800005,2025-09-19T08:00:00.005000+00:00,0.00002109,8
1758297600000,2025-09-19T16:00:00+00:00,0.00005264,8
1758326400000,2025-09-20T00:00:00+00:00,0.00003757,8
1758355200000,2025-09-20T08:00:00+00:00,-2.7E-7,8
1758384000002,2025-09-20T16:00:00.002000+00:00,-0.00001006,8
1758412800000,2025-09-21T00:00:00+00:00,-0.00005322,8
1758441600000,2025-09-21T08:00:00+00:00,0.00002563,8
1758470400000,2025-09-21T16:00:00+00:00,0.00003742,8
1758499200005,2025-09-22T00:00:00.005000+00:00,0.00006665,8
1758528000003,2025-09-22T08:00:00.003000+00:00,0.00001743,8
1758556800000,2025-09-22T16:00:00+00:00,0.00004838,8
1758585600000,2025-09-23T00:00:00+00:00,0.00007062,8
1758614400001,2025-09-23T08:00:00.001000+00:00,0.00007083,8
1758643200000,2025-09-23T16:00:00+00:00,0.00007478,8
1758672000003,2025-09-24T00:00:00.003000+00:00,0.00005794,8
1758700800001,2025-09-24T08:00:00.001000+00:00,0.00006267,8
1758729600002,2025-09-24T16:00:00.002000+00:00,0.00004886,8
1758758400000,2025-09-25T00:00:00+00:00,-0.00000220,8
1758787200001,2025-09-25T08:00:00.001000+00:00,0.00001730,8
1758816000000,2025-09-25T16:00:00+00:00,0.00009560,8
1758844800000,2025-09-26T00:00:00+00:00,0.00003143,8
1758873600000,2025-09-26T08:00:00+00:00,0.00004360,8
1758902400008,2025-09-26T16:00:00.008000+00:00,0.00007716,8
1758931200000,2025-09-27T00:00:00+00:00,-1.0E-7,8
1758960000010,2025-09-27T08:00:00.010000+00:00,0.00003425,8
1758988800003,2025-09-27T16:00:00.003000+00:00,0.00007821,8
1759017600000,2025-09-28T00:00:00+00:00,0.00003314,8
1759046400000,2025-09-28T08:00:00+00:00,0.00004976,8
1759075200000,2025-09-28T16:00:00+00:00,0.00005261,8
1759104000000,2025-09-29T00:00:00+00:00,0.00002312,8
1759132800002,2025-09-29T08:00:00.002000+00:00,0.00001304,8
1759161600001,2025-09-29T16:00:00.001000+00:00,3.2E-7,8
1759190400002,2025-09-30T00:00:00.002000+00:00,0.00002353,8
1759219200005,2025-09-30T08:00:00.005000+00:00,0.00005893,8
1759248000000,2025-09-30T16:00:00+00:00,0.00002584,8
1759276800000,2025-10-01T00:00:00+00:00,0.00003355,8
1759305600000,2025-10-01T08:00:00+00:00,0.00003457,8
1759334400000,2025-10-01T16:00:00+00:00,0.00010000,8
1759363200000,2025-10-02T00:00:00+00:00,0.00007784,8
1759392000013,2025-10-02T08:00:00.013000+00:00,0.00010000,8
1759420800000,2025-10-02T16:00:00+00:00,0.00009543,8
1759449600006,2025-10-03T00:00:00.006000+00:00,0.00009926,8
1759478400006,2025-10-03T08:00:00.006000+00:00,0.00010000,8
1759507200000,2025-10-03T16:00:00+00:00,0.00010000,8
1759536000001,2025-10-04T00:00:00.001000+00:00,0.00010000,8
1759564800000,2025-10-04T08:00:00+00:00,0.00010000,8
1759593600000,2025-10-04T16:00:00+00:00,0.00008312,8
1759622400000,2025-10-05T00:00:00+00:00,0.00008648,8
1759651200003,2025-10-05T08:00:00.003000+00:00,0.00010000,8
1759680000009,2025-10-05T16:00:00.009000+00:00,0.00009566,8
1759708800004,2025-10-06T00:00:00.004000+00:00,0.00007672,8
1759737600002,2025-10-06T08:00:00.002000+00:00,0.00009708,8
1759766400004,2025-10-06T16:00:00.004000+00:00,0.00005831,8
1759795200000,2025-10-07T00:00:00+00:00,0.00010000,8
1759824000003,2025-10-07T08:00:00.003000+00:00,0.00008608,8
1759852800000,2025-10-07T16:00:00+00:00,0.00006194,8
1759881600000,2025-10-08T00:00:00+00:00,0.00002542,8
1759910400006,2025-10-08T08:00:00.006000+00:00,0.00010000,8
1759939200002,2025-10-08T16:00:00.002000+00:00,0.00005396,8
1759968000001,2025-10-09T00:00:00.001000+00:00,0.00001344,8
1759996800000,2025-10-09T08:00:00+00:00,0.00005350,8
1760025600000,2025-10-09T16:00:00+00:00,0.00001455,8
1760054400005,2025-10-10T00:00:00.005000+00:00,0.00000785,8
1760083200002,2025-10-10T08:00:00.002000+00:00,0.00003879,8
1760112000014,2025-10-10T16:00:00.014000+00:00,0.00001013,8
1760140800000,2025-10-11T00:00:00+00:00,0.00010000,8
1760169600003,2025-10-11T08:00:00.003000+00:00,0.00010000,8
1760198400000,2025-10-11T16:00:00+00:00,0.00000467,8
1760227200004,2025-10-12T00:00:00.004000+00:00,-0.00003055,8
1760256000002,2025-10-12T08:00:00.002000+00:00,0.00002865,8
1760284800000,2025-10-12T16:00:00+00:00,-0.00010915,8
1760313600003,2025-10-13T00:00:00.003000+00:00,-0.00003942,8
1760342400002,2025-10-13T08:00:00.002000+00:00,0.00002519,8
1760371200003,2025-10-13T16:00:00.003000+00:00,-0.00002305,8
1760400000000,2025-10-14T00:00:00+00:00,-0.00004041,8
1760428800000,2025-10-14T08:00:00+00:00,0.00000712,8
1760457600000,2025-10-14T16:00:00+00:00,-0.00004498,8
1760486400006,2025-10-15T00:00:00.006000+00:00,-0.00005425,8
1760515200002,2025-10-15T08:00:00.002000+00:00,0.00003973,8
1760544000000,2025-10-15T16:00:00+00:00,0.00000225,8
1760572800000,2025-10-16T00:00:00+00:00,-0.00002741,8
1760601600003,2025-10-16T08:00:00.003000+00:00,-0.00002230,8
1760630400002,2025-10-16T16:00:00.002000+00:00,-0.00003004,8
1760659200001,2025-10-17T00:00:00.001000+00:00,-0.00000285,8
1760688000005,2025-10-17T08:00:00.005000+00:00,-0.00000634,8
1760716800003,2025-10-17T16:00:00.003000+00:00,-0.00000291,8
1760745600000,2025-10-18T00:00:00+00:00,-0.00004819,8
1760774400002,2025-10-18T08:00:00.002000+00:00,-0.00006376,8
1760803200001,2025-10-18T16:00:00.001000+00:00,-0.00003681,8
1760832000001,2025-10-19T00:00:00.001000+00:00,-0.00001411,8
1760860800001,2025-10-19T08:00:00.001000+00:00,0.00001512,8
1760889600001,2025-10-19T16:00:00.001000+00:00,0.00002787,8
1760918400004,2025-10-20T00:00:00.004000+00:00,-0.00002197,8
1760947200001,2025-10-20T08:00:00.001000+00:00,-0.00000665,8
1760976000000,2025-10-20T16:00:00+00:00,-1.8E-7,8
1761004800009,2025-10-21T00:00:00.009000+00:00,-0.00005567,8
1761033600000,2025-10-21T08:00:00+00:00,0.00002222,8
1761062400000,2025-10-21T16:00:00+00:00,-0.00002506,8
1761091200004,2025-10-22T00:00:00.004000+00:00,-0.00004212,8
1761120000000,2025-10-22T08:00:00+00:00,0.00002445,8
1761148800000,2025-10-22T16:00:00+00:00,0.00005702,8
1761177600000,2025-10-23T00:00:00+00:00,0.00008911,8
1761206400001,2025-10-23T08:00:00.001000+00:00,0.00002673,8
1761235200004,2025-10-23T16:00:00.004000+00:00,0.00003933,8
1761264000000,2025-10-24T00:00:00+00:00,0.00003391,8
1761292800000,2025-10-24T08:00:00+00:00,0.00001783,8
1761321600009,2025-10-24T16:00:00.009000+00:00,0.00003224,8
1761350400000,2025-10-25T00:00:00+00:00,0.00005020,8
1761379200001,2025-10-25T08:00:00.001000+00:00,0.00001484,8
1761408000001,2025-10-25T16:00:00.001000+00:00,0.00005570,8
1761436800001,2025-10-26T00:00:00.001000+00:00,0.00001903,8
1761465600001,2025-10-26T08:00:00.001000+00:00,0.00000535,8
1761494400000,2025-10-26T16:00:00+00:00,0.00006904,8
1761523200000,2025-10-27T00:00:00+00:00,0.00010000,8
1761552000005,2025-10-27T08:00:00.005000+00:00,0.00010000,8
1761580800000,2025-10-27T16:00:00+00:00,0.00007304,8
1761609600000,2025-10-28T00:00:00+00:00,0.00006059,8
1761638400000,2025-10-28T08:00:00+00:00,0.00007806,8
1761667200004,2025-10-28T16:00:00.004000+00:00,0.00002992,8
1761696000004,2025-10-29T00:00:00.004000+00:00,-3.2E-7,8
1761724800005,2025-10-29T08:00:00.005000+00:00,0.00003588,8
1761753600000,2025-10-29T16:00:00+00:00,0.00005003,8
1761782400004,2025-10-30T00:00:00.004000+00:00,0.00001097,8
1761811200008,2025-10-30T08:00:00.008000+00:00,0.00003449,8
1761840000001,2025-10-30T16:00:00.001000+00:00,0.00003562,8
1761868800000,2025-10-31T00:00:00+00:00,0.00000213,8
1761897600008,2025-10-31T08:00:00.008000+00:00,0.00010000,8
1761926400007,2025-10-31T16:00:00.007000+00:00,0.00010000,8
1761955200001,2025-11-01T00:00:00.001000+00:00,0.00010000,8
1761984000000,2025-11-01T08:00:00+00:00,0.00010000,8
1762012800000,2025-11-01T16:00:00+00:00,0.00009782,8
1762041600007,2025-11-02T00:00:00.007000+00:00,0.00008200,8
1762070400000,2025-11-02T08:00:00+00:00,0.00008150,8
1762099200001,2025-11-02T16:00:00.001000+00:00,0.00005635,8
1762128000000,2025-11-03T00:00:00+00:00,0.00006098,8
1762156800010,2025-11-03T08:00:00.010000+00:00,0.00006853,8
1762185600000,2025-11-03T16:00:00+00:00,0.00005329,8
1762214400002,2025-11-04T00:00:00.002000+00:00,0.00010000,8
1762243200004,2025-11-04T08:00:00.004000+00:00,0.00005808,8
1762272000000,2025-11-04T16:00:00+00:00,0.00006339,8
1762300800000,2025-11-05T00:00:00+00:00,0.00007132,8
1762329600000,2025-11-05T08:00:00+00:00,0.00002831,8
1762358400004,2025-11-05T16:00:00.004000+00:00,0.00002816,8
1762387200001,2025-11-06T00:00:00.001000+00:00,0.00003985,8
1762416000000,2025-11-06T08:00:00+00:00,0.00007916,8
1762444800001,2025-11-06T16:00:00.001000+00:00,0.00004494,8
1762473600005,2025-11-07T00:00:00.005000+00:00,0.00004705,8
1762502400003,2025-11-07T08:00:00.003000+00:00,0.00004227,8
1762531200005,2025-11-07T16:00:00.005000+00:00,0.00008631,8
1762560000011,2025-11-08T00:00:00.011000+00:00,0.00007776,8
1762588800015,2025-11-08T08:00:00.015000+00:00,0.00003047,8
1762617600001,2025-11-08T16:00:00.001000+00:00,0.00003740,8
1762646400004,2025-11-09T00:00:00.004000+00:00,-0.00001640,8
1762675200000,2025-11-09T08:00:00+00:00,0.00004187,8
1762704000005,2025-11-09T16:00:00.005000+00:00,0.00008948,8
1762732800000,2025-11-10T00:00:00+00:00,0.00008870,8
1762761600000,2025-11-10T08:00:00+00:00,0.00007355,8
1762790400003,2025-11-10T16:00:00.003000+00:00,0.00004979,8
1762819200007,2025-11-11T00:00:00.007000+00:00,0.00002818,8
1762848000000,2025-11-11T08:00:00+00:00,-0.00002775,8
1762876800009,2025-11-11T16:00:00.009000+00:00,0.00005823,8
1762905600000,2025-11-12T00:00:00+00:00,0.00002462,8
1762934400002,2025-11-12T08:00:00.002000+00:00,0.00000687,8
1762963200000,2025-11-12T16:00:00+00:00,0.00005786,8
1762992000002,2025-11-13T00:00:00.002000+00:00,0.00001077,8
1763020800000,2025-11-13T08:00:00+00:00,0.00009352,8
1763049600001,2025-11-13T16:00:00.001000+00:00,0.00007448,8
1763078400000,2025-11-14T00:00:00+00:00,0.00008569,8
1763107200000,2025-11-14T08:00:00+00:00,0.00009126,8
1763136000001,2025-11-14T16:00:00.001000+00:00,0.00009078,8
1763164800005,2025-11-15T00:00:00.005000+00:00,0.00008507,8
1763193600000,2025-11-15T08:00:00+00:00,0.00010000,8
1763222400001,2025-11-15T16:00:00.001000+00:00,0.00005923,8
1763251200001,2025-11-16T00:00:00.001000+00:00,0.00007745,8
1763280000000,2025-11-16T08:00:00+00:00,0.00010000,8
1763308800000,2025-11-16T16:00:00+00:00,0.00007060,8
1763337600003,2025-11-17T00:00:00.003000+00:00,0.00010000,8
1763366400003,2025-11-17T08:00:00.003000+00:00,0.00009568,8
1763395200000,2025-11-17T16:00:00+00:00,0.00007208,8
1763424000002,2025-11-18T00:00:00.002000+00:00,0.00010000,8
1763452800004,2025-11-18T08:00:00.004000+00:00,0.00010000,8
1763481600000,2025-11-18T16:00:00+00:00,0.00003725,8
1763510400000,2025-11-19T00:00:00+00:00,0.00007496,8
1763539200000,2025-11-19T08:00:00+00:00,0.00005012,8
1763568000008,2025-11-19T16:00:00.008000+00:00,0.00003980,8
1763596800000,2025-11-20T00:00:00+00:00,0.00004259,8
1763625600000,2025-11-20T08:00:00+00:00,0.00010000,8
1763654400000,2025-11-20T16:00:00+00:00,0.00008999,8
1763683200001,2025-11-21T00:00:00.001000+00:00,0.00004272,8
1763712000000,2025-11-21T08:00:00+00:00,0.00004524,8
1763740800001,2025-11-21T16:00:00.001000+00:00,0.00002642,8
1763769600004,2025-11-22T00:00:00.004000+00:00,0.00001373,8
1763798400000,2025-11-22T08:00:00+00:00,0.00006735,8
1763827200000,2025-11-22T16:00:00+00:00,0.00005057,8
1763856000000,2025-11-23T00:00:00+00:00,0.00003812,8
1763884800008,2025-11-23T08:00:00.008000+00:00,0.00000153,8
1763913600003,2025-11-23T16:00:00.003000+00:00,-0.00000893,8
1763942400004,2025-11-24T00:00:00.004000+00:00,-6E-8,8
1763971200000,2025-11-24T08:00:00+00:00,-0.00000134,8
1764000000006,2025-11-24T16:00:00.006000+00:00,0.00005044,8
1764028800000,2025-11-25T00:00:00+00:00,-0.00005290,8
1764057600009,2025-11-25T08:00:00.009000+00:00,0.00001996,8
1764086400007,2025-11-25T16:00:00.007000+00:00,-0.00003019,8
1764115200001,2025-11-26T00:00:00.001000+00:00,0.00004038,8
1764144000001,2025-11-26T08:00:00.001000+00:00,0.00005388,8
1764172800000,2025-11-26T16:00:00+00:00,-0.00000419,8
1764201600013,2025-11-27T00:00:00.013000+00:00,-0.00002599,8
1764230400000,2025-11-27T08:00:00+00:00,0.00002408,8
1764259200004,2025-11-27T16:00:00.004000+00:00,0.00004624,8
1764288000008,2025-11-28T00:00:00.008000+00:00,0.00001771,8
1764316800000,2025-11-28T08:00:00+00:00,0.00006007,8
1764345600008,2025-11-28T16:00:00.008000+00:00,-0.00001703,8
1764374400000,2025-11-29T00:00:00+00:00,-0.00001982,8
1764403200005,2025-11-29T08:00:00.005000+00:00,0.00001778,8
1764432000001,2025-11-29T16:00:00.001000+00:00,0.00002635,8
1764460800003,2025-11-30T00:00:00.003000+00:00,0.00006082,8
1764489600000,2025-11-30T08:00:00+00:00,0.00003556,8
1764518400004,2025-11-30T16:00:00.004000+00:00,0.00003880,8
1764547200000,2025-12-01T00:00:00+00:00,0.00003593,8
1764576000004,2025-12-01T08:00:00.004000+00:00,0.00003153,8
1764604800000,2025-12-01T16:00:00+00:00,0.00001491,8
1764633600004,2025-12-02T00:00:00.004000+00:00,-0.00001009,8
1764662400000,2025-12-02T08:00:00+00:00,0.00002643,8
1764691200000,2025-12-02T16:00:00+00:00,0.00003999,8
1764720000000,2025-12-03T00:00:00+00:00,-0.00001732,8
1764748800000,2025-12-03T08:00:00+00:00,0.00004206,8
1764777600005,2025-12-03T16:00:00.005000+00:00,-0.00000885,8
1764806400012,2025-12-04T00:00:00.012000+00:00,-0.00000395,8
1764835200000,2025-12-04T08:00:00+00:00,0.00007435,8
1764864000011,2025-12-04T16:00:00.011000+00:00,0.00003928,8
1764892800000,2025-12-05T00:00:00+00:00,0.00004837,8
1764921600000,2025-12-05T08:00:00+00:00,0.00004944,8
1764950400010,2025-12-05T16:00:00.010000+00:00,0.00000391,8
1764979200001,2025-12-06T00:00:00.001000+00:00,0.00003693,8
1765008000001,2025-12-06T08:00:00.001000+00:00,0.00001919,8
1765036800008,2025-12-06T16:00:00.008000+00:00,-0.00001822,8
1765065600000,2025-12-07T00:00:00+00:00,0.00004192,8
1765094400004,2025-12-07T08:00:00.004000+00:00,0.00001666,8
1765123200000,2025-12-07T16:00:00+00:00,0.00005212,8
1765152000000,2025-12-08T00:00:00+00:00,-0.00000539,8
1765180800000,2025-12-08T08:00:00+00:00,0.00006545,8
1765209600001,2025-12-08T16:00:00.001000+00:00,0.00003395,8
1765238400001,2025-12-09T00:00:00.001000+00:00,0.00000852,8
1765267200001,2025-12-09T08:00:00.001000+00:00,0.00006379,8
1765296000007,2025-12-09T16:00:00.007000+00:00,0.00005443,8
1765324800007,2025-12-10T00:00:00.007000+00:00,0.00002777,8
1765353600002,2025-12-10T08:00:00.002000+00:00,0.00001996,8
1765382400012,2025-12-10T16:00:00.012000+00:00,0.00003205,8
1765411200001,2025-12-11T00:00:00.001000+00:00,0.00002590,8
1765440000000,2025-12-11T08:00:00+00:00,-0.00001577,8
1765468800000,2025-12-11T16:00:00+00:00,0.00006100,8
1765497600005,2025-12-12T00:00:00.005000+00:00,0.00006914,8
1765526400007,2025-12-12T08:00:00.007000+00:00,0.00004698,8
1765555200002,2025-12-12T16:00:00.002000+00:00,0.00003383,8
1765584000001,2025-12-13T00:00:00.001000+00:00,0.00000121,8
1765612800006,2025-12-13T08:00:00.006000+00:00,0.00006020,8
1765641600000,2025-12-13T16:00:00+00:00,0.00006041,8
1765670400000,2025-12-14T00:00:00+00:00,0.00010000,8
1765699200003,2025-12-14T08:00:00.003000+00:00,0.00002898,8
1765728000005,2025-12-14T16:00:00.005000+00:00,0.00003773,8
1765756800000,2025-12-15T00:00:00+00:00,0.00000190,8
1765785600000,2025-12-15T08:00:00+00:00,-0.00000893,8
1765814400000,2025-12-15T16:00:00+00:00,0.00003081,8
1765843200002,2025-12-16T00:00:00.002000+00:00,0.00007467,8
1765872000000,2025-12-16T08:00:00+00:00,0.00001350,8
1765900800002,2025-12-16T16:00:00.002000+00:00,0.00004089,8
1765929600004,2025-12-17T00:00:00.004000+00:00,0.00006221,8
1765958400000,2025-12-17T08:00:00+00:00,0.00008987,8
1765987200000,2025-12-17T16:00:00+00:00,0.00005917,8
1766016000005,2025-12-18T00:00:00.005000+00:00,0.00006230,8
1766044800007,2025-12-18T08:00:00.007000+00:00,-0.00000867,8
1766073600001,2025-12-18T16:00:00.001000+00:00,0.00008355,8
1766102400000,2025-12-19T00:00:00+00:00,0.00005491,8
1766131200001,2025-12-19T08:00:00.001000+00:00,0.00010000,8
1766160000000,2025-12-19T16:00:00+00:00,0.00010000,8
1766188800005,2025-12-20T00:00:00.005000+00:00,0.00010000,8
1766217600000,2025-12-20T08:00:00+00:00,0.00001234,8
1766246400002,2025-12-20T16:00:00.002000+00:00,0.00007171,8
1766275200000,2025-12-21T00:00:00+00:00,0.00009682,8
1766304000009,2025-12-21T08:00:00.009000+00:00,0.00008873,8
1766332800000,2025-12-21T16:00:00+00:00,0.00003977,8
1766361600000,2025-12-22T00:00:00+00:00,0.00004389,8
1766390400005,2025-12-22T08:00:00.005000+00:00,0.00004524,8
1766419200009,2025-12-22T16:00:00.009000+00:00,0.00006654,8
1766448000000,2025-12-23T00:00:00+00:00,0.00002633,8
1766476800000,2025-12-23T08:00:00+00:00,0.00005231,8
1766505600001,2025-12-23T16:00:00.001000+00:00,0.00001795,8
1766534400001,2025-12-24T00:00:00.001000+00:00,0.00010000,8
1766563200001,2025-12-24T08:00:00.001000+00:00,0.00008455,8
1766592000000,2025-12-24T16:00:00+00:00,0.00005927,8
1766620800000,2025-12-25T00:00:00+00:00,0.00005953,8
1766649600001,2025-12-25T08:00:00.001000+00:00,0.00007953,8
1766678400005,2025-12-25T16:00:00.005000+00:00,0.00008322,8
1766707200004,2025-12-26T00:00:00.004000+00:00,0.00004378,8
1766736000001,2025-12-26T08:00:00.001000+00:00,0.00005427,8
1766764800007,2025-12-26T16:00:00.007000+00:00,0.00010000,8
1766793600000,2025-12-27T00:00:00+00:00,0.00001809,8
1766822400000,2025-12-27T08:00:00+00:00,0.00002788,8
1766851200011,2025-12-27T16:00:00.011000+00:00,0.00005850,8
1766880000008,2025-12-28T00:00:00.008000+00:00,-3.6E-7,8
1766908800000,2025-12-28T08:00:00+00:00,0.00007955,8
1766937600000,2025-12-28T16:00:00+00:00,0.00009464,8
1766966400016,2025-12-29T00:00:00.016000+00:00,0.00010000,8
1766995200001,2025-12-29T08:00:00.001000+00:00,0.00010000,8
1767024000000,2025-12-29T16:00:00+00:00,0.00004826,8
1767052800005,2025-12-30T00:00:00.005000+00:00,0.00010000,8
1767081600001,2025-12-30T08:00:00.001000+00:00,0.00004613,8
1767110400003,2025-12-30T16:00:00.003000+00:00,0.00008345,8
1767139200004,2025-12-31T00:00:00.004000+00:00,0.00002922,8
1767168000001,2025-12-31T08:00:00.001000+00:00,0.00001453,8
1767196800001,2025-12-31T16:00:00.001000+00:00,0.00003750,8
